Id,ActivityDate,TotalSteps,TotalDistance,TrackerDistance,LoggedActivitiesDistance,VeryActiveDistance,ModeratelyActiveDistance,LightActiveDistance,SedentaryActiveDistance,VeryActiveMinutes,FairlyActiveMinutes,LightlyActiveMinutes,SedentaryMinutes,Calories,date,valid_day,weekday,weekend,study_day,study_week,steps_category,active_minutes,active_share,moderate_equivalent,calories_per_step,days_logged
1503960366,2016-04-12,13162.0,8.5,8.5,0.0,1.87999999523163,0.550000011920929,6.05999994277954,0.0,25.0,13.0,328.0,728.0,1985.0,2016-04-12,True,Tuesday,0,1,1,Highly active,366.0,0.33455210237659966,63.0,0.15081294636073544,31
1503960366,2016-04-13,10735.0,6.96999979019165,6.96999979019165,0.0,1.57000005245209,0.689999997615814,4.71000003814697,0.0,21.0,19.0,217.0,776.0,1797.0,2016-04-13,True,Wednesday,0,2,1,Active,257.0,0.24878993223620524,61.0,0.16739636702375407,31
1503960366,2016-04-14,10460.0,6.73999977111816,6.73999977111816,0.0,2.44000005722046,0.400000005960464,3.91000008583069,0.0,30.0,11.0,181.0,1218.0,1776.0,2016-04-14,True,Thursday,0,3,1,Active,222.0,0.15416666666666667,71.0,0.16978967495219885,31
1503960366,2016-04-15,9762.0,6.28000020980835,6.28000020980835,0.0,2.14000010490417,1.25999999046326,2.82999992370605,0.0,29.0,34.0,209.0,726.0,1745.0,2016-04-15,True,Friday,0,4,1,Somewhat active,272.0,0.2725450901803607,92.0,0.1787543536160623,31
1503960366,2016-04-16,12669.0,8.15999984741211,8.15999984741211,0.0,2.71000003814697,0.409999996423721,5.03999996185303,0.0,36.0,10.0,221.0,773.0,1863.0,2016-04-16,True,Saturday,1,5,1,Highly active,267.0,0.2567307692307692,82.0,0.14705185886810324,31
1503960366,2016-04-17,9705.0,6.48000001907349,6.48000001907349,0.0,3.19000005722046,0.779999971389771,2.50999999046326,0.0,38.0,20.0,164.0,539.0,1728.0,2016-04-17,True,Sunday,1,6,1,Somewhat active,222.0,0.29172141918528255,96.0,0.17805255023183925,31
1503960366,2016-04-18,13019.0,8.59000015258789,8.59000015258789,0.0,3.25,0.639999985694885,4.71000003814697,0.0,42.0,16.0,233.0,1149.0,1921.0,2016-04-18,True,Monday,0,7,1,Highly active,291.0,0.20208333333333334,100.0,0.1475535755434365,31
1503960366,2016-04-19,15506.0,9.88000011444092,9.88000011444092,0.0,3.52999997138977,1.32000005245209,5.03000020980835,0.0,50.0,31.0,264.0,775.0,2035.0,2016-04-19,True,Tuesday,0,8,2,Highly active,345.0,0.3080357142857143,131.0,0.13123952018573457,31
1503960366,2016-04-20,10544.0,6.67999982833862,6.67999982833862,0.0,1.96000003814697,0.479999989271164,4.23999977111816,0.0,28.0,12.0,205.0,818.0,1786.0,2016-04-20,True,Wednesday,0,9,2,Active,245.0,0.23047977422389465,68.0,0.16938543247344462,31
1503960366,2016-04-21,9819.0,6.34000015258789,6.34000015258789,0.0,1.3400000333786,0.349999994039536,4.65000009536743,0.0,19.0,8.0,211.0,838.0,1775.0,2016-04-21,True,Thursday,0,10,2,Somewhat active,238.0,0.2211895910780669,46.0,0.1807719727059782,31
1503960366,2016-04-22,12764.0,8.13000011444092,8.13000011444092,0.0,4.76000022888184,1.12000000476837,2.24000000953674,0.0,66.0,27.0,130.0,1217.0,1827.0,2016-04-22,True,Friday,0,11,2,Highly active,223.0,0.15486111111111112,159.0,0.14313694766530868,31
1503960366,2016-04-23,14371.0,9.03999996185303,9.03999996185303,0.0,2.80999994277954,0.870000004768372,5.3600001335144,0.0,41.0,21.0,262.0,732.0,1949.0,2016-04-23,True,Saturday,1,12,2,Highly active,324.0,0.3068181818181818,103.0,0.1356203465312087,31
1503960366,2016-04-24,10039.0,6.40999984741211,6.40999984741211,0.0,2.92000007629395,0.209999993443489,3.27999997138977,0.0,39.0,5.0,238.0,709.0,1788.0,2016-04-24,True,Sunday,1,13,2,Active,282.0,0.28456104944500504,83.0,0.17810538898296643,31
1503960366,2016-04-25,15355.0,9.80000019073486,9.80000019073486,0.0,5.28999996185303,0.569999992847443,3.94000005722046,0.0,73.0,14.0,216.0,814.0,2013.0,2016-04-25,True,Monday,0,14,2,Highly active,303.0,0.2712623097582811,160.0,0.13109736242266362,31
1503960366,2016-04-26,13755.0,8.78999996185303,8.78999996185303,0.0,2.32999992370605,0.920000016689301,5.53999996185303,0.0,31.0,23.0,279.0,833.0,1970.0,2016-04-26,True,Tuesday,0,15,3,Highly active,333.0,0.2855917667238422,85.0,0.14322064703744092,31
1503960366,2016-04-27,18134.0,12.210000038147,12.210000038147,0.0,6.40000009536743,0.409999996423721,5.40999984741211,0.0,78.0,11.0,243.0,1108.0,2159.0,2016-04-27,True,Wednesday,0,16,3,Highly active,332.0,0.23055555555555557,167.0,0.11905812286313003,31
1503960366,2016-04-28,13154.0,8.52999973297119,8.52999973297119,0.0,3.53999996185303,1.1599999666214,3.78999996185303,0.0,48.0,28.0,189.0,782.0,1898.0,2016-04-28,True,Thursday,0,17,3,Highly active,265.0,0.2531041069723018,124.0,0.14429071005017485,31
1503960366,2016-04-29,11181.0,7.15000009536743,7.15000009536743,0.0,1.05999994277954,0.5,5.57999992370605,0.0,16.0,12.0,243.0,815.0,1837.0,2016-04-29,True,Friday,0,18,3,Active,271.0,0.24953959484346225,44.0,0.164296574546105,31
1503960366,2016-04-30,14673.0,9.25,9.25,0.0,3.55999994277954,1.41999995708466,4.26999998092651,0.0,52.0,34.0,217.0,712.0,1947.0,2016-04-30,True,Saturday,1,19,3,Highly active,303.0,0.29852216748768473,138.0,0.13269270087916582,31
1503960366,2016-05-01,10602.0,6.80999994277954,6.80999994277954,0.0,2.28999996185303,1.60000002384186,2.92000007629395,0.0,33.0,35.0,246.0,730.0,1820.0,2016-05-01,True,Sunday,1,20,3,Active,314.0,0.3007662835249042,101.0,0.17166572344840597,31
1503960366,2016-05-02,14727.0,9.71000003814697,9.71000003814697,0.0,3.21000003814697,0.569999992847443,5.92000007629395,0.0,41.0,15.0,277.0,798.0,2004.0,2016-05-02,True,Monday,0,21,3,Highly active,333.0,0.29442970822281167,97.0,0.1360765940110002,31
1503960366,2016-05-03,15103.0,9.65999984741211,9.65999984741211,0.0,3.73000001907349,1.04999995231628,4.88000011444092,0.0,50.0,24.0,254.0,816.0,1990.0,2016-05-03,True,Tuesday,0,22,4,Highly active,328.0,0.2867132867132867,124.0,0.13176190160895188,31
1503960366,2016-05-04,11100.0,7.15000009536743,7.15000009536743,0.0,2.46000003814697,0.870000004768372,3.8199999332428,0.0,36.0,22.0,203.0,1179.0,1819.0,2016-05-04,True,Wednesday,0,23,4,Active,261.0,0.18125,94.0,0.16387387387387387,31
1503960366,2016-05-05,14070.0,8.89999961853027,8.89999961853027,0.0,2.92000007629395,1.08000004291534,4.88000011444092,0.0,45.0,24.0,250.0,857.0,1959.0,2016-05-05,True,Thursday,0,24,4,Highly active,319.0,0.27125850340136054,114.0,0.13923240938166312,31
1503960366,2016-05-06,12159.0,8.02999973297119,8.02999973297119,0.0,1.97000002861023,0.25,5.80999994277954,0.0,24.0,6.0,289.0,754.0,1896.0,2016-05-06,True,Friday,0,25,4,Active,319.0,0.2972972972972973,54.0,0.15593387614113002,31
1503960366,2016-05-07,11992.0,7.71000003814697,7.71000003814697,0.0,2.46000003814697,2.11999988555908,3.13000011444092,0.0,37.0,46.0,175.0,833.0,1821.0,2016-05-07,True,Saturday,1,26,4,Active,258.0,0.23648029330889092,120.0,0.15185123415610408,31
1503960366,2016-05-08,10060.0,6.57999992370605,6.57999992370605,0.0,3.52999997138977,0.319999992847443,2.73000001907349,0.0,44.0,8.0,203.0,574.0,1740.0,2016-05-08,True,Sunday,1,27,4,Active,255.0,0.30759951749095293,96.0,0.17296222664015903,31
1503960366,2016-05-09,12022.0,7.71999979019165,7.71999979019165,0.0,3.45000004768372,0.529999971389771,3.74000000953674,0.0,46.0,11.0,206.0,835.0,1819.0,2016-05-09,True,Monday,0,28,4,Active,263.0,0.2395264116575592,103.0,0.15130593911162868,31
1503960366,2016-05-10,12207.0,7.76999998092651,7.76999998092651,0.0,3.34999990463257,1.1599999666214,3.25999999046326,0.0,46.0,31.0,214.0,746.0,1859.0,2016-05-10,True,Tuesday,0,29,5,Active,291.0,0.2806171648987464,123.0,0.15228966986155484,31
1503960366,2016-05-11,12770.0,8.13000011444092,8.13000011444092,0.0,2.55999994277954,1.00999999046326,4.55000019073486,0.0,36.0,23.0,251.0,669.0,1783.0,2016-05-11,True,Wednesday,0,30,5,Highly active,310.0,0.3166496424923391,95.0,0.13962411902897415,31
1624580081,2016-04-12,8163.0,5.30999994277954,5.30999994277954,0.0,0.0,0.0,5.30999994277954,0.0,0.0,0.0,146.0,1294.0,1432.0,2016-04-12,True,Tuesday,0,1,1,Somewhat active,146.0,0.10138888888888889,0.0,0.1754257013352934,31
1624580081,2016-04-13,7007.0,4.55000019073486,4.55000019073486,0.0,0.0,0.0,4.55000019073486,0.0,0.0,0.0,148.0,1292.0,1411.0,2016-04-13,True,Wednesday,0,2,1,Low active,148.0,0.10277777777777777,0.0,0.20137005851291565,31
1624580081,2016-04-14,9107.0,5.92000007629395,5.92000007629395,0.0,0.0,0.0,5.90999984741211,0.0099999997764825,0.0,0.0,236.0,1204.0,1572.0,2016-04-14,True,Thursday,0,3,1,Somewhat active,236.0,0.1638888888888889,0.0,0.17261447238388053,31
1624580081,2016-04-15,1510.0,0.980000019073486,0.980000019073486,0.0,0.0,0.0,0.970000028610229,0.0,0.0,0.0,96.0,1344.0,1344.0,2016-04-15,True,Friday,0,4,1,Sedentary,96.0,0.06666666666666667,0.0,0.8900662251655629,31
1624580081,2016-04-16,5370.0,3.49000000953674,3.49000000953674,0.0,0.0,0.0,3.49000000953674,0.0,0.0,0.0,176.0,1264.0,1463.0,2016-04-16,True,Saturday,1,5,1,Low active,176.0,0.12222222222222222,0.0,0.27243947858473,31
1624580081,2016-04-17,6175.0,4.05999994277954,4.05999994277954,0.0,1.02999997138977,1.51999998092651,1.49000000953674,0.0099999997764825,15.0,22.0,127.0,1276.0,1554.0,2016-04-17,True,Sunday,1,6,1,Low active,164.0,0.11388888888888889,52.0,0.25165991902834006,31
1624580081,2016-04-18,10536.0,7.40999984741211,7.40999984741211,0.0,2.15000009536743,0.620000004768372,4.61999988555908,0.0099999997764825,17.0,7.0,202.0,1214.0,1604.0,2016-04-18,True,Monday,0,7,1,Active,226.0,0.15694444444444444,41.0,0.15223993925588458,31
1624580081,2016-04-19,2916.0,1.89999997615814,1.89999997615814,0.0,0.0,0.0,1.89999997615814,0.0,0.0,0.0,141.0,1299.0,1435.0,2016-04-19,True,Tuesday,0,8,2,Sedentary,141.0,0.09791666666666667,0.0,0.4921124828532236,31
1624580081,2016-04-20,4974.0,3.23000001907349,3.23000001907349,0.0,0.0,0.0,3.23000001907349,0.0,0.0,0.0,151.0,1289.0,1446.0,2016-04-20,True,Wednesday,0,9,2,Sedentary,151.0,0.10486111111111111,0.0,0.29071170084439085,31
1624580081,2016-04-21,6349.0,4.13000011444092,4.13000011444092,0.0,0.0,0.0,4.1100001335144,0.0199999995529652,0.0,0.0,186.0,1254.0,1467.0,2016-04-21,True,Thursday,0,10,2,Low active,186.0,0.12916666666666668,0.0,0.23106000945030714,31
1624580081,2016-04-22,4026.0,2.61999988555908,2.61999988555908,0.0,0.0,0.0,2.59999990463257,0.0,0.0,0.0,199.0,1241.0,1470.0,2016-04-22,True,Friday,0,11,2,Sedentary,199.0,0.13819444444444445,0.0,0.3651266766020864,31
1624580081,2016-04-23,8538.0,5.55000019073486,5.55000019073486,0.0,0.0,0.0,5.53999996185303,0.0099999997764825,0.0,0.0,227.0,1213.0,1562.0,2016-04-23,True,Saturday,1,12,2,Somewhat active,227.0,0.15763888888888888,0.0,0.1829468259545561,31
1624580081,2016-04-24,6076.0,3.95000004768372,3.95000004768372,0.0,1.14999997615814,0.910000026226044,1.88999998569489,0.0,16.0,18.0,185.0,1221.0,1617.0,2016-04-24,True,Sunday,1,13,2,Low active,219.0,0.15208333333333332,50.0,0.2661290322580645,31
1624580081,2016-04-25,6497.0,4.21999979019165,4.21999979019165,0.0,0.0,0.0,4.19999980926514,0.0199999995529652,0.0,0.0,202.0,1238.0,1492.0,2016-04-25,True,Monday,0,14,2,Low active,202.0,0.14027777777777778,0.0,0.22964445128520855,31
1624580081,2016-04-26,2826.0,1.8400000333786,1.8400000333786,0.0,0.0,0.0,1.83000004291534,0.0099999997764825,0.0,0.0,140.0,1300.0,1402.0,2016-04-26,True,Tuesday,0,15,3,Sedentary,140.0,0.09722222222222222,0.0,0.49610757254069354,31
1624580081,2016-04-27,8367.0,5.44000005722046,5.44000005722046,0.0,1.11000001430511,1.87000000476837,2.46000003814697,0.0,17.0,36.0,154.0,1233.0,1670.0,2016-04-27,True,Wednesday,0,16,3,Somewhat active,207.0,0.14375,70.0,0.19959364168758217,31
1624580081,2016-04-28,2759.0,1.78999996185303,1.78999996185303,0.0,0.0,0.200000002980232,1.60000002384186,0.0,0.0,5.0,115.0,1320.0,1401.0,2016-04-28,True,Thursday,0,17,3,Sedentary,120.0,0.08333333333333333,5.0,0.5077926785067053,31
1624580081,2016-04-29,2390.0,1.54999995231628,1.54999995231628,0.0,0.0,0.0,1.54999995231628,0.0,0.0,0.0,150.0,1290.0,1404.0,2016-04-29,True,Friday,0,18,3,Sedentary,150.0,0.10416666666666667,0.0,0.5874476987447699,31
1624580081,2016-04-30,6474.0,4.30000019073486,4.30000019073486,0.0,0.899999976158142,1.27999997138977,2.11999988555908,0.0099999997764825,11.0,23.0,224.0,1182.0,1655.0,2016-04-30,True,Saturday,1,19,3,Low active,258.0,0.17916666666666667,45.0,0.25563793636082793,31
1624580081,2016-05-01,36019.0,28.0300006866455,28.0300006866455,0.0,21.9200000762939,4.19000005722046,1.9099999666214,0.0199999995529652,186.0,63.0,171.0,1020.0,2690.0,2016-05-01,True,Sunday,1,20,3,Highly active,420.0,0.2916666666666667,435.0,0.07468280629667676,31
1624580081,2016-05-02,7155.0,4.92999982833862,4.92999982833862,0.0,0.860000014305115,0.589999973773956,3.47000002861023,0.0,7.0,6.0,166.0,1261.0,1497.0,2016-05-02,True,Monday,0,21,3,Low active,179.0,0.12430555555555556,20.0,0.20922431865828092,31
1624580081,2016-05-03,2100.0,1.37000000476837,1.37000000476837,0.0,0.0,0.0,1.3400000333786,0.0199999995529652,0.0,0.0,96.0,1344.0,1334.0,2016-05-03,True,Tuesday,0,22,4,Sedentary,96.0,0.06666666666666667,0.0,0.6352380952380953,31
1624580081,2016-05-04,2193.0,1.42999994754791,1.42999994754791,0.0,0.0,0.0,1.41999995708466,0.0,0.0,0.0,118.0,1322.0,1368.0,2016-05-04,True,Wednesday,0,23,4,Sedentary,118.0,0.08194444444444444,0.0,0.6238030095759234,31
1624580081,2016-05-05,2470.0,1.61000001430511,1.61000001430511,0.0,0.0,0.0,1.58000004291534,0.0199999995529652,0.0,0.0,117.0,1323.0,1370.0,2016-05-05,True,Thursday,0,24,4,Sedentary,117.0,0.08125,0.0,0.5546558704453441,31
1624580081,2016-05-06,1727.0,1.12000000476837,1.12000000476837,0.0,0.0,0.0,1.12000000476837,0.0099999997764825,0.0,0.0,102.0,1338.0,1341.0,2016-05-06,True,Friday,0,25,4,Sedentary,102.0,0.07083333333333333,0.0,0.7764910248986682,31
1624580081,2016-05-07,2104.0,1.37000000476837,1.37000000476837,0.0,0.0,0.0,1.37000000476837,0.0,0.0,0.0,182.0,1258.0,1474.0,2016-05-07,True,Saturday,1,26,4,Sedentary,182.0,0.12638888888888888,0.0,0.7005703422053232,31
1624580081,2016-05-08,3427.0,2.23000001907349,2.23000001907349,0.0,0.0,0.0,2.22000002861023,0.0,0.0,0.0,152.0,1288.0,1427.0,2016-05-08,True,Sunday,1,27,4,Sedentary,152.0,0.10555555555555556,0.0,0.41639918295885614,31
1624580081,2016-05-09,1732.0,1.12999999523163,1.12999999523163,0.0,0.0,0.0,1.12999999523163,0.0,0.0,0.0,91.0,1349.0,1328.0,2016-05-09,True,Monday,0,28,4,Sedentary,91.0,0.06319444444444444,0.0,0.766743648960739,31
1624580081,2016-05-10,2969.0,1.92999994754791,1.92999994754791,0.0,0.0,0.0,1.91999995708466,0.0099999997764825,0.0,0.0,139.0,1301.0,1393.0,2016-05-10,True,Tuesday,0,29,5,Sedentary,139.0,0.09652777777777778,0.0,0.46918154260693834,31
1624580081,2016-05-11,3134.0,2.03999996185303,2.03999996185303,0.0,0.0,0.0,2.03999996185303,0.0,0.0,0.0,112.0,1328.0,1359.0,2016-05-11,True,Wednesday,0,30,5,Sedentary,112.0,0.07777777777777778,0.0,0.43363114231014677,31
1624580081,2016-05-12,2971.0,1.92999994754791,1.92999994754791,0.0,0.0,0.0,1.91999995708466,0.0099999997764825,0.0,0.0,107.0,890.0,1002.0,2016-05-12,True,Thursday,0,31,5,Sedentary,107.0,0.10732196589769308,0.0,0.3372601817569842,31
1644430081,2016-04-12,10694.0,7.76999998092651,7.76999998092651,0.0,0.140000000596046,2.29999995231628,5.32999992370605,0.0,2.0,51.0,256.0,1131.0,3199.0,2016-04-12,True,Tuesday,0,1,1,Active,309.0,0.21458333333333332,55.0,0.2991397045072003,30
1644430081,2016-04-13,8001.0,5.82000017166138,5.82000017166138,0.0,2.27999997138977,0.899999976158142,2.64000010490417,0.0,30.0,16.0,135.0,1259.0,2902.0,2016-04-13,True,Wednesday,0,2,1,Somewhat active,181.0,0.12569444444444444,76.0,0.36270466191726036,30
1644430081,2016-04-14,11037.0,8.02000045776367,8.02000045776367,0.0,0.360000014305115,2.55999994277954,5.09999990463257,0.0,5.0,58.0,252.0,1125.0,3226.0,2016-04-14,True,Thursday,0,3,1,Active,315.0,0.21875,68.0,0.2922895714415149,30
1644430081,2016-04-15,5263.0,3.82999992370605,3.82999992370605,0.0,0.219999998807907,0.150000005960464,3.45000004768372,0.0,3.0,4.0,170.0,1263.0,2750.0,2016-04-15,True,Friday,0,4,1,Low active,177.0,0.12291666666666666,10.0,0.5225156754702641,30
1644430081,2016-04-16,15300.0,11.1199998855591,11.1199998855591,0.0,4.09999990463257,1.87999999523163,5.09000015258789,0.0,51.0,42.0,212.0,1135.0,3493.0,2016-04-16,True,Saturday,1,5,1,Highly active,305.0,0.21180555555555555,144.0,0.22830065359477125,30
1644430081,2016-04-17,8757.0,6.36999988555908,6.36999988555908,0.0,2.25,0.569999992847443,3.54999995231628,0.0,29.0,13.0,186.0,1212.0,3011.0,2016-04-17,True,Sunday,1,6,1,Somewhat active,228.0,0.15833333333333333,71.0,0.34383921434281145,30
1644430081,2016-04-18,7132.0,5.19000005722046,5.19000005722046,0.0,1.07000005245209,1.66999995708466,2.45000004768372,0.0,15.0,33.0,121.0,1271.0,2806.0,2016-04-18,True,Monday,0,7,1,Low active,169.0,0.11736111111111111,63.0,0.39343802579921483,30
1644430081,2016-04-19,11256.0,8.18000030517578,8.18000030517578,0.0,0.360000014305115,2.52999997138977,5.30000019073486,0.0,5.0,58.0,278.0,1099.0,3300.0,2016-04-19,True,Tuesday,0,8,2,Active,341.0,0.23680555555555555,68.0,0.2931769722814499,30
1644430081,2016-04-20,2436.0,1.76999998092651,1.76999998092651,0.0,0.0,0.0,1.75999999046326,0.0099999997764825,0.0,0.0,125.0,1315.0,2430.0,2016-04-20,True,Wednesday,0,9,2,Sedentary,125.0,0.08680555555555555,0.0,0.9975369458128078,30
1644430081,2016-04-21,1223.0,0.889999985694885,0.889999985694885,0.0,0.0,0.0,0.879999995231628,0.0099999997764825,0.0,0.0,38.0,1402.0,2140.0,2016-04-21,True,Thursday,0,10,2,Sedentary,38.0,0.02638888888888889,0.0,1.749795584627964,30
1644430081,2016-04-22,3673.0,2.67000007629395,2.67000007629395,0.0,0.0,0.0,2.66000008583069,0.0099999997764825,0.0,0.0,86.0,1354.0,2344.0,2016-04-22,True,Friday,0,11,2,Sedentary,86.0,0.059722222222222225,0.0,0.6381704328886468,30
1644430081,2016-04-23,6637.0,4.82999992370605,4.82999992370605,0.0,0.0,0.579999983310699,4.25,0.0,0.0,15.0,160.0,1265.0,2677.0,2016-04-23,True,Saturday,1,12,2,Low active,175.0,0.12152777777777778,15.0,0.40334488473708,30
1644430081,2016-04-24,3321.0,2.41000008583069,2.41000008583069,0.0,0.0,0.0,2.41000008583069,0.0,0.0,0.0,89.0,1351.0,2413.0,2016-04-24,True,Sunday,1,13,2,Sedentary,89.0,0.06180555555555556,0.0,0.7265883769948811,30
1644430081,2016-04-25,3580.0,2.59999990463257,2.59999990463257,0.0,0.589999973773956,0.0599999986588955,1.95000004768372,0.0,8.0,1.0,94.0,1337.0,2497.0,2016-04-25,True,Monday,0,14,2,Sedentary,103.0,0.07152777777777777,17.0,0.6974860335195531,30
1644430081,2016-04-26,9919.0,7.21000003814697,7.21000003814697,0.0,0.800000011920929,1.72000002861023,4.69000005722046,0.0,11.0,41.0,223.0,1165.0,3123.0,2016-04-26,True,Tuesday,0,15,3,Somewhat active,275.0,0.1909722222222222,63.0,0.31485028732735154,30
1644430081,2016-04-27,3032.0,2.20000004768372,2.20000004768372,0.0,0.0,0.0,2.20000004768372,0.0,0.0,0.0,118.0,1322.0,2489.0,2016-04-27,True,Wednesday,0,16,3,Sedentary,118.0,0.08194444444444444,0.0,0.820910290237467,30
1644430081,2016-04-28,9405.0,6.84000015258789,6.84000015258789,0.0,0.200000002980232,2.3199999332428,4.30999994277954,0.0,3.0,53.0,227.0,1157.0,3108.0,2016-04-28,True,Thursday,0,17,3,Somewhat active,283.0,0.19652777777777777,59.0,0.3304625199362041,30
1644430081,2016-04-29,3176.0,2.30999994277954,2.30999994277954,0.0,0.0,0.0,2.30999994277954,0.0,0.0,0.0,120.0,1193.0,2498.0,2016-04-29,True,Friday,0,18,3,Sedentary,120.0,0.0913937547600914,0.0,0.7865239294710328,30
1644430081,2016-04-30,18213.0,13.2399997711182,13.2399997711182,0.0,0.629999995231628,3.14000010490417,9.46000003814697,0.0,9.0,71.0,402.0,816.0,3846.0,2016-04-30,True,Saturday,1,19,3,Highly active,482.0,0.3713405238828968,89.0,0.2111678471421512,30
1644430081,2016-05-01,6132.0,4.46000003814697,4.46000003814697,0.0,0.239999994635582,0.990000009536743,3.23000001907349,0.0,3.0,24.0,146.0,908.0,2696.0,2016-05-01,True,Sunday,1,20,3,Low active,173.0,0.16003700277520813,30.0,0.43966079582517936,30
1644430081,2016-05-02,3758.0,2.73000001907349,2.73000001907349,0.0,0.0700000002980232,0.310000002384186,2.34999990463257,0.0,1.0,7.0,148.0,682.0,2580.0,2016-05-02,True,Monday,0,21,3,Sedentary,156.0,0.18615751789976134,9.0,0.6865353911655135,30
1644430081,2016-05-03,12850.0,9.34000015258789,9.34000015258789,0.0,0.720000028610229,4.09000015258789,4.53999996185303,0.0,10.0,94.0,221.0,1115.0,3324.0,2016-05-03,True,Tuesday,0,22,4,Highly active,325.0,0.22569444444444445,114.0,0.2586770428015564,30
1644430081,2016-05-04,2309.0,1.67999994754791,1.67999994754791,0.0,0.0,0.0,1.6599999666214,0.0199999995529652,0.0,0.0,52.0,1388.0,2222.0,2016-05-04,True,Wednesday,0,23,4,Sedentary,52.0,0.03611111111111111,0.0,0.9623213512343005,30
1644430081,2016-05-05,4363.0,3.19000005722046,3.19000005722046,0.0,0.519999980926514,0.540000021457672,2.13000011444092,0.0099999997764825,6.0,12.0,81.0,1341.0,2463.0,2016-05-05,True,Thursday,0,24,4,Sedentary,99.0,0.06875,24.0,0.5645198258079304,30
1644430081,2016-05-06,9787.0,7.11999988555908,7.11999988555908,0.0,0.819999992847443,0.270000010728836,6.01000022888184,0.0199999995529652,11.0,6.0,369.0,1054.0,3328.0,2016-05-06,True,Friday,0,25,4,Somewhat active,386.0,0.26805555555555555,28.0,0.3400429140696843,30
1644430081,2016-05-07,13372.0,9.72000026702881,9.72000026702881,0.0,3.25999999046326,0.790000021457672,5.67000007629395,0.0099999997764825,41.0,17.0,243.0,1139.0,3404.0,2016-05-07,True,Saturday,1,26,4,Highly active,301.0,0.20902777777777778,99.0,0.254561770864493,30
1644430081,2016-05-08,6724.0,4.8899998664856,4.8899998664856,0.0,0.0,0.0,4.88000011444092,0.0,0.0,0.0,295.0,991.0,2987.0,2016-05-08,True,Sunday,1,27,4,Low active,295.0,0.22939346811819597,0.0,0.4442296252230815,30
1644430081,2016-05-09,6643.0,4.82999992370605,4.82999992370605,0.0,2.39000010490417,0.349999994039536,2.08999991416931,0.0099999997764825,32.0,6.0,303.0,1099.0,3008.0,2016-05-09,True,Monday,0,28,4,Low active,341.0,0.23680555555555555,70.0,0.45280746650609666,30
1644430081,2016-05-10,9167.0,6.65999984741211,6.65999984741211,0.0,0.879999995231628,0.810000002384186,4.96999979019165,0.0099999997764825,12.0,19.0,155.0,1254.0,2799.0,2016-05-10,True,Tuesday,0,29,5,Somewhat active,186.0,0.12916666666666668,43.0,0.30533435147812804,30
1644430081,2016-05-11,1329.0,0.970000028610229,0.970000028610229,0.0,0.0,0.0,0.949999988079071,0.0099999997764825,0.0,0.0,49.0,713.0,1276.0,2016-05-11,True,Wednesday,0,30,5,Sedentary,49.0,0.06430446194225722,0.0,0.9601203912716328,30
1844505072,2016-04-12,6697.0,4.42999982833862,4.42999982833862,0.0,0.0,0.0,4.42999982833862,0.0,0.0,0.0,339.0,1101.0,2030.0,2016-04-12,True,Tuesday,0,1,1,Low active,339.0,0.23541666666666666,0.0,0.3031208003583694,31
1844505072,2016-04-13,4929.0,3.25999999046326,3.25999999046326,0.0,0.0,0.0,3.25999999046326,0.0,0.0,0.0,248.0,1192.0,1860.0,2016-04-13,True,Wednesday,0,2,1,Sedentary,248.0,0.17222222222222222,0.0,0.37735849056603776,31
1844505072,2016-04-14,7937.0,5.25,5.25,0.0,0.0,0.0,5.23000001907349,0.0,0.0,0.0,373.0,843.0,2130.0,2016-04-14,True,Thursday,0,3,1,Somewhat active,373.0,0.3067434210526316,0.0,0.26836336147158873,31
1844505072,2016-04-15,3844.0,2.53999996185303,2.53999996185303,0.0,0.0,0.0,2.53999996185303,0.0,0.0,0.0,176.0,527.0,1725.0,2016-04-15,True,Friday,0,4,1,Sedentary,176.0,0.2503556187766714,0.0,0.4487513007284079,31
1844505072,2016-04-16,3414.0,2.25999999046326,2.25999999046326,0.0,0.0,0.0,2.25999999046326,0.0,0.0,0.0,147.0,1293.0,1657.0,2016-04-16,True,Saturday,1,5,1,Sedentary,147.0,0.10208333333333333,0.0,0.4853544229642648,31
1844505072,2016-04-17,4525.0,2.99000000953674,2.99000000953674,0.0,0.140000000596046,0.259999990463257,2.58999991416931,0.0,2.0,8.0,199.0,1231.0,1793.0,2016-04-17,True,Sunday,1,6,1,Sedentary,209.0,0.1451388888888889,12.0,0.39624309392265195,31
1844505072,2016-04-18,4597.0,3.03999996185303,3.03999996185303,0.0,0.0,0.479999989271164,2.55999994277954,0.0,0.0,12.0,217.0,1211.0,1814.0,2016-04-18,True,Monday,0,7,1,Sedentary,229.0,0.15902777777777777,12.0,0.39460517728953665,31
1844505072,2016-04-19,197.0,0.129999995231628,0.129999995231628,0.0,0.0,0.0,0.129999995231628,0.0,0.0,0.0,10.0,1430.0,1366.0,2016-04-19,True,Tuesday,0,8,2,Sedentary,10.0,0.006944444444444444,0.0,6.934010152284264,31
1844505072,2016-04-21,8054.0,5.32000017166138,5.32000017166138,0.0,0.119999997317791,0.519999980926514,4.67999982833862,0.0,2.0,13.0,308.0,1117.0,2062.0,2016-04-21,True,Thursday,0,10,2,Somewhat active,323.0,0.22430555555555556,17.0,0.25602185249565435,31
1844505072,2016-04-22,5372.0,3.54999995231628,3.54999995231628,0.0,0.0,0.0,3.54999995231628,0.0,0.0,0.0,220.0,1220.0,1827.0,2016-04-22,True,Friday,0,11,2,Low active,220.0,0.1527777777777778,0.0,0.3400967982129561,31
1844505072,2016-04-23,3570.0,2.35999989509583,2.35999989509583,0.0,0.0,0.0,2.35999989509583,0.0,0.0,0.0,139.0,1301.0,1645.0,2016-04-23,True,Saturday,1,12,2,Sedentary,139.0,0.09652777777777778,0.0,0.46078431372549017,31
1844505072,2016-04-28,6907.0,4.57000017166138,4.57000017166138,0.0,0.0,0.0,4.55999994277954,0.0,0.0,0.0,302.0,1138.0,1992.0,2016-04-28,True,Thursday,0,17,3,Low active,302.0,0.20972222222222223,0.0,0.28840306934993487,31
1844505072,2016-04-29,4920.0,3.25,3.25,0.0,0.0,0.0,3.25,0.0,0.0,0.0,247.0,1082.0,1856.0,2016-04-29,True,Friday,0,18,3,Sedentary,247.0,0.18585402558314523,0.0,0.3772357723577236,31
1844505072,2016-04-30,4014.0,2.67000007629395,2.67000007629395,0.0,0.0,0.0,2.65000009536743,0.0,0.0,0.0,184.0,218.0,1763.0,2016-04-30,True,Saturday,1,19,3,Sedentary,184.0,0.4577114427860697,0.0,0.4392127553562531,31
1844505072,2016-05-01,2573.0,1.70000004768372,1.70000004768372,0.0,0.0,0.259999990463257,1.45000004768372,0.0,0.0,7.0,75.0,585.0,1541.0,2016-05-01,True,Sunday,1,20,3,Sedentary,82.0,0.12293853073463268,7.0,0.5989117761368052,31
1844505072,2016-05-03,4059.0,2.6800000667572,2.6800000667572,0.0,0.0,0.0,2.6800000667572,0.0,0.0,0.0,184.0,1256.0,1742.0,2016-05-03,True,Tuesday,0,22,4,Sedentary,184.0,0.12777777777777777,0.0,0.429169746242917,31
1844505072,2016-05-04,2080.0,1.37000000476837,1.37000000476837,0.0,0.0,0.0,1.37000000476837,0.0,0.0,0.0,87.0,1353.0,1549.0,2016-05-04,True,Wednesday,0,23,4,Sedentary,87.0,0.06041666666666667,0.0,0.7447115384615385,31
1844505072,2016-05-05,2237.0,1.48000001907349,1.48000001907349,0.0,0.0,0.0,1.48000001907349,0.0,0.0,0.0,120.0,1320.0,1589.0,2016-05-05,True,Thursday,0,24,4,Sedentary,120.0,0.08333333333333333,0.0,0.7103263299061243,31
1927972279,2016-04-12,678.0,0.469999998807907,0.469999998807907,0.0,0.0,0.0,0.469999998807907,0.0,0.0,0.0,55.0,734.0,2220.0,2016-04-12,True,Tuesday,0,1,1,Sedentary,55.0,0.0697084917617237,0.0,3.274336283185841,31
1927972279,2016-04-13,356.0,0.25,0.25,0.0,0.0,0.0,0.25,0.0,0.0,0.0,32.0,986.0,2151.0,2016-04-13,True,Wednesday,0,2,1,Sedentary,32.0,0.03143418467583497,0.0,6.042134831460674,31
1927972279,2016-04-14,2163.0,1.5,1.5,0.0,0.0,0.400000005960464,1.10000002384186,0.0,0.0,9.0,88.0,1292.0,2383.0,2016-04-14,True,Thursday,0,3,1,Sedentary,97.0,0.06983441324694024,9.0,1.1017105871474804,31
1927972279,2016-04-15,980.0,0.680000007152557,0.680000007152557,0.0,0.0,0.0,0.680000007152557,0.0,0.0,0.0,51.0,941.0,2221.0,2016-04-15,True,Friday,0,4,1,Sedentary,51.0,0.05141129032258065,0.0,2.266326530612245,31
1927972279,2016-04-18,244.0,0.170000001788139,0.170000001788139,0.0,0.0,0.0,0.170000001788139,0.0,0.0,0.0,17.0,1423.0,2111.0,2016-04-18,True,Monday,0,7,1,Sedentary,17.0,0.011805555555555555,0.0,8.651639344262295,31
1927972279,2016-04-22,149.0,0.100000001490116,0.100000001490116,0.0,0.0,0.0,0.100000001490116,0.0,0.0,0.0,10.0,1430.0,2093.0,2016-04-22,True,Friday,0,11,2,Sedentary,10.0,0.006944444444444444,0.0,14.046979865771812,31
1927972279,2016-04-23,2945.0,2.03999996185303,2.03999996185303,0.0,0.0,0.0,2.03999996185303,0.0,0.0,0.0,145.0,1295.0,2499.0,2016-04-23,True,Saturday,1,12,2,Sedentary,145.0,0.10069444444444445,0.0,0.8485568760611205,31
1927972279,2016-04-24,2090.0,1.45000004768372,1.45000004768372,0.0,0.0700000002980232,0.239999994635582,1.13999998569489,0.0,1.0,6.0,75.0,1358.0,2324.0,2016-04-24,True,Sunday,1,13,2,Sedentary,82.0,0.05694444444444444,8.0,1.1119617224880383,31
1927972279,2016-04-25,152.0,0.109999999403954,0.109999999403954,0.0,0.0,0.0,0.109999999403954,0.0,0.0,0.0,12.0,1303.0,2100.0,2016-04-25,True,Monday,0,14,2,Sedentary,12.0,0.009125475285171103,0.0,13.81578947368421,31
1927972279,2016-04-26,3761.0,2.59999990463257,2.59999990463257,0.0,0.0,0.0,2.59999990463257,0.0,0.0,0.0,192.0,1058.0,2638.0,2016-04-26,True,Tuesday,0,15,3,Sedentary,192.0,0.1536,0.0,0.701409199680936,31
1927972279,2016-04-28,1675.0,1.1599999666214,1.1599999666214,0.0,0.0,0.0,1.1599999666214,0.0,0.0,0.0,95.0,1167.0,2351.0,2016-04-28,True,Thursday,0,17,3,Sedentary,95.0,0.07527733755942947,0.0,1.4035820895522388,31
1927972279,2016-05-01,2704.0,1.87000000476837,1.87000000476837,0.0,1.00999999046326,0.0299999993294477,0.829999983310699,0.0,14.0,1.0,70.0,1355.0,2411.0,2016-05-01,True,Sunday,1,20,3,Sedentary,85.0,0.059027777777777776,29.0,0.8916420118343196,31
1927972279,2016-05-02,3790.0,2.61999988555908,2.61999988555908,0.0,1.1599999666214,0.300000011920929,1.1599999666214,0.0,16.0,8.0,94.0,1322.0,2505.0,2016-05-02,True,Monday,0,21,3,Sedentary,118.0,0.08194444444444444,40.0,0.6609498680738787,31
1927972279,2016-05-03,1326.0,0.920000016689301,0.920000016689301,0.0,0.730000019073486,0.0,0.180000007152557,0.0,10.0,0.0,17.0,1413.0,2195.0,2016-05-03,True,Tuesday,0,22,4,Sedentary,27.0,0.01875,20.0,1.6553544494720964,31
1927972279,2016-05-04,1786.0,1.24000000953674,1.24000000953674,0.0,0.0,0.0,1.24000000953674,0.0,0.0,0.0,87.0,1353.0,2338.0,2016-05-04,True,Wednesday,0,23,4,Sedentary,87.0,0.06041666666666667,0.0,1.309070548712206,31
1927972279,2016-05-06,2091.0,1.45000004768372,1.45000004768372,0.0,0.0,0.0,1.45000004768372,0.0,0.0,0.0,108.0,1332.0,2383.0,2016-05-06,True,Friday,0,25,4,Sedentary,108.0,0.075,0.0,1.1396461023433764,31
1927972279,2016-05-07,1510.0,1.03999996185303,1.03999996185303,0.0,0.0,0.0,1.03999996185303,0.0,0.0,0.0,48.0,1392.0,2229.0,2016-05-07,True,Saturday,1,26,4,Sedentary,48.0,0.03333333333333333,0.0,1.476158940397351,31
2022484408,2016-04-12,11875.0,8.34000015258789,8.34000015258789,0.0,3.30999994277954,0.769999980926514,4.26000022888184,0.0,42.0,14.0,227.0,1157.0,2390.0,2016-04-12,True,Tuesday,0,1,1,Active,283.0,0.19652777777777777,98.0,0.20126315789473684,31
2022484408,2016-04-13,12024.0,8.5,8.5,0.0,2.99000000953674,0.100000001490116,5.40999984741211,0.0,43.0,5.0,292.0,1100.0,2601.0,2016-04-13,True,Wednesday,0,2,1,Active,340.0,0.2361111111111111,91.0,0.21631736526946108,31
2022484408,2016-04-14,10690.0,7.5,7.5,0.0,2.48000001907349,0.209999993443489,4.82000017166138,0.0,32.0,3.0,257.0,1148.0,2312.0,2016-04-14,True,Thursday,0,3,1,Active,292.0,0.20277777777777778,67.0,0.21627689429373245,31
2022484408,2016-04-15,11034.0,8.02999973297119,8.02999973297119,0.0,1.94000005722046,0.310000002384186,5.78000020980835,0.0,27.0,9.0,282.0,1122.0,2525.0,2016-04-15,True,Friday,0,4,1,Active,318.0,0.22083333333333333,63.0,0.22883813666847924,31
2022484408,2016-04-16,10100.0,7.09000015258789,7.09000015258789,0.0,3.15000009536743,0.550000011920929,3.39000010490417,0.0,41.0,11.0,151.0,1237.0,2177.0,2016-04-16,True,Saturday,1,5,1,Active,203.0,0.14097222222222222,93.0,0.21554455445544554,31
2022484408,2016-04-17,15112.0,11.3999996185303,11.3999996185303,0.0,3.86999988555908,0.660000026226044,6.88000011444092,0.0,28.0,29.0,331.0,1052.0,2782.0,2016-04-17,True,Sunday,1,6,1,Highly active,388.0,0.26944444444444443,85.0,0.18409211222869243,31
2022484408,2016-04-18,14131.0,10.0699996948242,10.0699996948242,0.0,3.64000010490417,0.119999997317791,6.30000019073486,0.0,48.0,3.0,311.0,1078.0,2770.0,2016-04-18,True,Monday,0,7,1,Highly active,362.0,0.2513888888888889,99.0,0.19602292831363669,31
2022484408,2016-04-19,11548.0,8.52999973297119,8.52999973297119,0.0,3.28999996185303,0.239999994635582,5.0,0.0,31.0,7.0,250.0,1152.0,2489.0,2016-04-19,True,Tuesday,0,8,2,Active,288.0,0.2,69.0,0.21553515760304814,31
2022484408,2016-04-20,15112.0,10.6700000762939,10.6700000762939,0.0,3.33999991416931,1.92999994754791,5.40000009536743,0.0,48.0,63.0,276.0,1053.0,2897.0,2016-04-20,True,Wednesday,0,9,2,Highly active,387.0,0.26875,159.0,0.19170195870831128,31
2022484408,2016-04-21,12453.0,8.73999977111816,8.73999977111816,0.0,3.32999992370605,1.11000001430511,4.30999994277954,0.0,104.0,53.0,255.0,1028.0,3158.0,2016-04-21,True,Thursday,0,10,2,Active,412.0,0.2861111111111111,261.0,0.25359351160362964,31
2022484408,2016-04-22,12954.0,9.32999992370605,9.32999992370605,0.0,4.42999982833862,0.419999986886978,4.46999979019165,0.0,52.0,10.0,273.0,1105.0,2638.0,2016-04-22,True,Friday,0,11,2,Highly active,335.0,0.2326388888888889,114.0,0.20364366218928517,31
2022484408,2016-04-23,6001.0,4.21000003814697,4.21000003814697,0.0,0.0,0.0,4.21000003814697,0.0,0.0,0.0,249.0,1191.0,2069.0,2016-04-23,True,Saturday,1,12,2,Low active,249.0,0.17291666666666666,0.0,0.34477587068821863,31
2022484408,2016-04-24,13481.0,10.2799997329712,10.2799997329712,0.0,4.55000019073486,1.14999997615814,4.57999992370605,0.0,37.0,26.0,216.0,1161.0,2529.0,2016-04-24,True,Sunday,1,13,2,Highly active,279.0,0.19375,100.0,0.1875973592463467,31
2022484408,2016-04-25,11369.0,8.01000022888184,8.01000022888184,0.0,3.32999992370605,0.219999998807907,4.46000003814697,0.0,44.0,8.0,217.0,1171.0,2470.0,2016-04-25,True,Monday,0,14,2,Active,269.0,0.18680555555555556,96.0,0.21725745448148473,31
2022484408,2016-04-26,10119.0,7.19000005722046,7.19000005722046,0.0,1.42999994754791,0.660000026226044,5.1100001335144,0.0,55.0,24.0,275.0,1086.0,2793.0,2016-04-26,True,Tuesday,0,15,3,Active,354.0,0.24583333333333332,134.0,0.27601541654313666,31
2022484408,2016-04-27,10159.0,7.13000011444092,7.13000011444092,0.0,1.03999996185303,0.970000028610229,5.11999988555908,0.0,19.0,20.0,282.0,1119.0,2463.0,2016-04-27,True,Wednesday,0,16,3,Active,321.0,0.22291666666666668,58.0,0.24244512255143222,31
2022484408,2016-04-28,10140.0,7.11999988555908,7.11999988555908,0.0,0.409999996423721,1.33000004291534,5.3899998664856,0.0,6.0,20.0,291.0,1123.0,2296.0,2016-04-28,True,Thursday,0,17,3,Active,317.0,0.22013888888888888,32.0,0.22642998027613412,31
2022484408,2016-04-29,10245.0,7.19000005722046,7.19000005722046,0.0,0.479999989271164,1.21000003814697,5.5,0.0,21.0,40.0,281.0,1098.0,2611.0,2016-04-29,True,Friday,0,18,3,Active,342.0,0.2375,82.0,0.2548560273304051,31
2022484408,2016-04-30,18387.0,12.9099998474121,12.9099998474121,0.0,0.939999997615814,1.39999997615814,10.5699996948242,0.0,13.0,23.0,361.0,1043.0,2732.0,2016-04-30,True,Saturday,1,19,3,Highly active,397.0,0.27569444444444446,49.0,0.1485832381573938,31
2022484408,2016-05-01,10538.0,7.40000009536743,7.40000009536743,0.0,1.94000005722046,0.959999978542328,4.5,0.0,25.0,28.0,245.0,1142.0,2380.0,2016-05-01,True,Sunday,1,20,3,Active,298.0,0.20694444444444443,78.0,0.2258493072689315,31
2022484408,2016-05-02,10379.0,7.28999996185303,7.28999996185303,0.0,2.60999989509583,0.340000003576279,4.32999992370605,0.0,36.0,8.0,277.0,1119.0,2473.0,2016-05-02,True,Monday,0,21,3,Active,321.0,0.22291666666666668,80.0,0.2382695828114462,31
2022484408,2016-05-03,12183.0,8.73999977111816,8.73999977111816,0.0,3.99000000953674,0.46000000834465,4.28000020980835,0.0,72.0,14.0,250.0,1104.0,2752.0,2016-05-03,True,Tuesday,0,22,4,Active,336.0,0.23333333333333334,158.0,0.22588853320200278,31
2022484408,2016-05-04,11768.0,8.28999996185303,8.28999996185303,0.0,2.50999999046326,0.930000007152557,4.84999990463257,0.0,36.0,27.0,272.0,1105.0,2649.0,2016-05-04,True,Wednesday,0,23,4,Active,335.0,0.2326388888888889,99.0,0.22510197144799457,31
2022484408,2016-05-05,11895.0,8.35000038146973,8.35000038146973,0.0,2.78999996185303,0.860000014305115,4.69999980926514,0.0,55.0,20.0,253.0,1112.0,2609.0,2016-05-05,True,Thursday,0,24,4,Active,328.0,0.22777777777777777,130.0,0.21933585540142916,31
2022484408,2016-05-06,10227.0,7.17999982833862,7.17999982833862,0.0,1.87000000476837,0.670000016689301,4.6399998664856,0.0,24.0,17.0,295.0,1104.0,2498.0,2016-05-06,True,Friday,0,25,4,Active,336.0,0.23333333333333334,65.0,0.24425540236628532,31
2022484408,2016-05-07,6708.0,4.71000003814697,4.71000003814697,0.0,1.61000001430511,0.0799999982118607,3.01999998092651,0.0,20.0,2.0,149.0,1269.0,1995.0,2016-05-07,True,Saturday,1,26,4,Low active,171.0,0.11875,42.0,0.2974060822898032,31
2022484408,2016-05-08,3292.0,2.30999994277954,2.30999994277954,0.0,0.0,0.0,2.30999994277954,0.0,0.0,0.0,135.0,1305.0,1848.0,2016-05-08,True,Sunday,1,27,4,Sedentary,135.0,0.09375,0.0,0.5613608748481167,31
2022484408,2016-05-09,13379.0,9.39000034332275,9.39000034332275,0.0,2.11999988555908,1.62999999523163,5.6399998664856,0.0,35.0,47.0,297.0,1061.0,2709.0,2016-05-09,True,Monday,0,28,4,Highly active,379.0,0.26319444444444445,117.0,0.20248150085955602,31
2022484408,2016-05-10,12798.0,8.97999954223633,8.97999954223633,0.0,2.22000002861023,1.21000003814697,5.55999994277954,0.0,57.0,28.0,271.0,1084.0,2797.0,2016-05-10,True,Tuesday,0,29,5,Highly active,356.0,0.24722222222222223,142.0,0.21854977340209408,31
2022484408,2016-05-11,13272.0,9.31999969482422,9.31999969482422,0.0,4.17999982833862,1.14999997615814,3.99000000953674,0.0,58.0,25.0,224.0,1133.0,2544.0,2016-05-11,True,Wednesday,0,30,5,Highly active,307.0,0.21319444444444444,141.0,0.19168173598553345,31
2022484408,2016-05-12,9117.0,6.40999984741211,6.40999984741211,0.0,1.27999997138977,0.670000016689301,4.44000005722046,0.0,16.0,16.0,236.0,728.0,1853.0,2016-05-12,True,Thursday,0,31,5,Somewhat active,268.0,0.26907630522088355,48.0,0.20324668202259516,31
2026352035,2016-04-12,4414.0,2.74000000953674,2.74000000953674,0.0,0.189999997615814,0.349999994039536,2.20000004768372,0.0,3.0,8.0,181.0,706.0,1459.0,2016-04-12,True,Tuesday,0,1,1,Sedentary,192.0,0.21380846325167038,14.0,0.33053919347530586,31
2026352035,2016-04-13,4993.0,3.09999990463257,3.09999990463257,0.0,0.0,0.0,3.09999990463257,0.0,0.0,0.0,238.0,663.0,1521.0,2016-04-13,True,Wednesday,0,2,1,Sedentary,238.0,0.2641509433962264,0.0,0.30462647706789503,31
2026352035,2016-04-14,3335.0,2.0699999332428,2.0699999332428,0.0,0.0,0.0,2.04999995231628,0.0,0.0,0.0,197.0,653.0,1431.0,2016-04-14,True,Thursday,0,3,1,Sedentary,197.0,0.23176470588235293,0.0,0.4290854572713643,31
2026352035,2016-04-15,3821.0,2.36999988555908,2.36999988555908,0.0,0.0,0.0,2.36999988555908,0.0,0.0,0.0,188.0,687.0,1444.0,2016-04-15,True,Friday,0,4,1,Sedentary,188.0,0.21485714285714286,0.0,0.37791154148128764,31
2026352035,2016-04-16,2547.0,1.58000004291534,1.58000004291534,0.0,0.0,0.0,1.58000004291534,0.0,0.0,0.0,150.0,728.0,1373.0,2016-04-16,True,Saturday,1,5,1,Sedentary,150.0,0.17084282460136674,0.0,0.5390655673341186,31
2026352035,2016-04-17,838.0,0.519999980926514,0.519999980926514,0.0,0.0,0.0,0.519999980926514,0.0,0.0,0.0,60.0,1053.0,1214.0,2016-04-17,True,Sunday,1,6,1,Sedentary,60.0,0.05390835579514825,0.0,1.4486873508353222,31
2026352035,2016-04-18,3325.0,2.05999994277954,2.05999994277954,0.0,0.0,0.0,2.05999994277954,0.0,0.0,0.0,182.0,1062.0,1419.0,2016-04-18,True,Monday,0,7,1,Sedentary,182.0,0.14630225080385853,0.0,0.4267669172932331,31
2026352035,2016-04-19,2424.0,1.5,1.5,0.0,0.0,0.0,1.5,0.0,0.0,0.0,141.0,785.0,1356.0,2016-04-19,True,Tuesday,0,8,2,Sedentary,141.0,0.15226781857451405,0.0,0.5594059405940595,31
2026352035,2016-04-20,7222.0,4.48000001907349,4.48000001907349,0.0,0.0,0.0,4.48000001907349,0.0,0.0,0.0,327.0,623.0,1667.0,2016-04-20,True,Wednesday,0,9,2,Low active,327.0,0.34421052631578947,0.0,0.2308224868457491,31
2026352035,2016-04-21,2467.0,1.52999997138977,1.52999997138977,0.0,0.0,0.0,1.52999997138977,0.0,0.0,0.0,153.0,749.0,1370.0,2016-04-21,True,Thursday,0,10,2,Sedentary,153.0,0.1696230598669623,0.0,0.5553303607620592,31
2026352035,2016-04-22,2915.0,1.80999994277954,1.80999994277954,0.0,0.0,0.0,1.80999994277954,0.0,0.0,0.0,162.0,712.0,1399.0,2016-04-22,True,Friday,0,11,2,Sedentary,162.0,0.1853546910755149,0.0,0.4799313893653516,31
2026352035,2016-04-23,12357.0,7.71000003814697,7.71000003814697,0.0,0.0,0.0,7.71000003814697,0.0,0.0,0.0,432.0,458.0,1916.0,2016-04-23,True,Saturday,1,12,2,Active,432.0,0.4853932584269663,0.0,0.15505381565104798,31
2026352035,2016-04-24,3490.0,2.16000008583069,2.16000008583069,0.0,0.0,0.0,2.16000008583069,0.0,0.0,0.0,164.0,704.0,1401.0,2016-04-24,True,Sunday,1,13,2,Sedentary,164.0,0.1889400921658986,0.0,0.401432664756447,31
2026352035,2016-04-25,6017.0,3.73000001907349,3.73000001907349,0.0,0.0,0.0,3.73000001907349,0.0,0.0,0.0,260.0,821.0,1576.0,2016-04-25,True,Monday,0,14,2,Low active,260.0,0.24051803885291398,0.0,0.26192454711650326,31
2026352035,2016-04-26,5933.0,3.6800000667572,3.6800000667572,0.0,0.0,0.0,3.6800000667572,0.0,0.0,0.0,288.0,1018.0,1595.0,2016-04-26,True,Tuesday,0,15,3,Low active,288.0,0.22052067381316998,0.0,0.26883532782740605,31
2026352035,2016-04-27,6088.0,3.76999998092651,3.76999998092651,0.0,0.0,0.0,3.76999998092651,0.0,0.0,0.0,286.0,586.0,1593.0,2016-04-27,True,Wednesday,0,16,3,Low active,286.0,0.32798165137614677,0.0,0.2616622864651774,31
2026352035,2016-04-28,6375.0,3.95000004768372,3.95000004768372,0.0,0.0,0.0,3.95000004768372,0.0,0.0,0.0,331.0,626.0,1649.0,2016-04-28,True,Thursday,0,17,3,Low active,331.0,0.3458725182863114,0.0,0.25866666666666666,31
2026352035,2016-04-29,7604.0,4.71000003814697,4.71000003814697,0.0,0.0,0.0,4.71000003814697,0.0,0.0,0.0,352.0,492.0,1692.0,2016-04-29,True,Friday,0,18,3,Somewhat active,352.0,0.41706161137440756,0.0,0.22251446607048922,31
2026352035,2016-04-30,4729.0,2.9300000667572,2.9300000667572,0.0,0.0,0.0,2.9300000667572,0.0,0.0,0.0,233.0,594.0,1506.0,2016-04-30,True,Saturday,1,19,3,Sedentary,233.0,0.28174123337363965,0.0,0.31846056248678367,31
2026352035,2016-05-01,3609.0,2.27999997138977,2.27999997138977,0.0,0.0,0.0,2.27999997138977,0.0,0.0,0.0,191.0,716.0,1447.0,2016-05-01,True,Sunday,1,20,3,Sedentary,191.0,0.2105843439911797,0.0,0.40094208922139096,31
2026352035,2016-05-02,7018.0,4.34999990463257,4.34999990463257,0.0,0.0,0.0,4.34999990463257,0.0,0.0,0.0,355.0,716.0,1690.0,2016-05-02,True,Monday,0,21,3,Low active,355.0,0.3314659197012138,0.0,0.2408093473924195,31
2026352035,2016-05-03,5992.0,3.72000002861023,3.72000002861023,0.0,0.0,0.0,3.72000002861023,0.0,0.0,0.0,304.0,981.0,1604.0,2016-05-03,True,Tuesday,0,22,4,Low active,304.0,0.23657587548638132,0.0,0.2676902536715621,31
2026352035,2016-05-04,6564.0,4.07000017166138,4.07000017166138,0.0,0.0,0.0,4.07000017166138,0.0,0.0,0.0,345.0,530.0,1658.0,2016-05-04,True,Wednesday,0,23,4,Low active,345.0,0.3942857142857143,0.0,0.2525898842169409,31
2026352035,2016-05-05,12167.0,7.53999996185303,7.53999996185303,0.0,0.0,0.0,7.53999996185303,0.0,0.0,0.0,475.0,479.0,1926.0,2016-05-05,True,Thursday,0,24,4,Active,475.0,0.4979035639412998,0.0,0.15829703295800115,31
2026352035,2016-05-06,8198.0,5.07999992370605,5.07999992370605,0.0,0.0,0.0,5.07999992370605,0.0,0.0,0.0,383.0,511.0,1736.0,2016-05-06,True,Friday,0,25,4,Somewhat active,383.0,0.42841163310961966,0.0,0.2117589656013662,31
2026352035,2016-05-07,4193.0,2.59999990463257,2.59999990463257,0.0,0.0,0.0,2.59999990463257,0.0,0.0,0.0,229.0,665.0,1491.0,2016-05-07,True,Saturday,1,26,4,Sedentary,229.0,0.25615212527964204,0.0,0.3555926544240401,31
2026352035,2016-05-08,5528.0,3.45000004768372,3.45000004768372,0.0,0.0,0.0,3.45000004768372,0.0,0.0,0.0,258.0,610.0,1555.0,2016-05-08,True,Sunday,1,27,4,Low active,258.0,0.29723502304147464,0.0,0.28129522431259046,31
2026352035,2016-05-09,10685.0,6.61999988555908,6.61999988555908,0.0,0.0,0.0,6.59999990463257,0.0,0.0,0.0,401.0,543.0,1869.0,2016-05-09,True,Monday,0,28,4,Active,401.0,0.4247881355932203,0.0,0.1749181094992981,31
2026352035,2016-05-10,254.0,0.159999996423721,0.159999996423721,0.0,0.0,0.0,0.159999996423721,0.0,0.0,0.0,17.0,1002.0,1141.0,2016-05-10,True,Tuesday,0,29,5,Sedentary,17.0,0.016683022571148183,0.0,4.4921259842519685,31
2026352035,2016-05-11,8580.0,5.32000017166138,5.32000017166138,0.0,0.0,0.0,5.32000017166138,0.0,0.0,0.0,330.0,569.0,1698.0,2016-05-11,True,Wednesday,0,30,5,Somewhat active,330.0,0.3670745272525028,0.0,0.1979020979020979,31
2026352035,2016-05-12,8891.0,5.51000022888184,5.51000022888184,0.0,0.0,0.0,5.51000022888184,0.0,0.0,0.0,343.0,330.0,1364.0,2016-05-12,True,Thursday,0,31,5,Somewhat active,343.0,0.5096582466567607,0.0,0.15341356427848385,31
2320127002,2016-04-12,10725.0,7.48999977111816,7.48999977111816,0.0,1.16999995708466,0.310000002384186,6.01000022888184,0.0,13.0,9.0,306.0,1112.0,2124.0,2016-04-12,True,Tuesday,0,1,1,Active,328.0,0.22777777777777777,35.0,0.19804195804195804,31
2320127002,2016-04-13,7275.0,4.90000009536743,4.90000009536743,0.0,0.0,0.0,4.90000009536743,0.0,0.0,0.0,335.0,1105.0,2003.0,2016-04-13,True,Wednesday,0,2,1,Low active,335.0,0.2326388888888889,0.0,0.27532646048109966,31
2320127002,2016-04-14,3973.0,2.6800000667572,2.6800000667572,0.0,0.0,0.0,2.6800000667572,0.0,0.0,0.0,191.0,1249.0,1696.0,2016-04-14,True,Thursday,0,3,1,Sedentary,191.0,0.1326388888888889,0.0,0.42688144978605586,31
2320127002,2016-04-15,5205.0,3.50999999046326,3.50999999046326,0.0,0.0,0.0,3.50999999046326,0.0,0.0,0.0,245.0,1195.0,1801.0,2016-04-15,True,Friday,0,4,1,Low active,245.0,0.1701388888888889,0.0,0.34601344860710853,31
2320127002,2016-04-16,5057.0,3.41000008583069,3.41000008583069,0.0,0.0,0.0,3.40000009536743,0.0,0.0,0.0,195.0,1245.0,1724.0,2016-04-16,True,Saturday,1,5,1,Low active,195.0,0.13541666666666666,0.0,0.3409135851295234,31
2320127002,2016-04-17,6198.0,4.17999982833862,4.17999982833862,0.0,0.0,0.0,4.17999982833862,0.0,0.0,0.0,249.0,1191.0,1852.0,2016-04-17,True,Sunday,1,6,1,Low active,249.0,0.17291666666666666,0.0,0.2988060664730558,31
2320127002,2016-04-18,6559.0,4.42000007629395,4.42000007629395,0.0,0.0,0.259999990463257,4.1399998664856,0.0,0.0,7.0,260.0,1173.0,1905.0,2016-04-18,True,Monday,0,7,1,Low active,267.0,0.18541666666666667,7.0,0.290440615947553,31
2320127002,2016-04-19,5997.0,4.03999996185303,4.03999996185303,0.0,0.0,0.379999995231628,3.66000008583069,0.0,0.0,11.0,228.0,1201.0,1811.0,2016-04-19,True,Tuesday,0,8,2,Low active,239.0,0.16597222222222222,11.0,0.3019843254960814,31
2320127002,2016-04-20,7192.0,4.84999990463257,4.84999990463257,0.0,0.0,0.490000009536743,4.34000015258789,0.0,0.0,11.0,283.0,1146.0,1922.0,2016-04-20,True,Wednesday,0,9,2,Low active,294.0,0.20416666666666666,11.0,0.2672413793103448,31
2320127002,2016-04-21,3404.0,2.28999996185303,2.28999996185303,0.0,0.0599999986588955,0.419999986886978,1.80999994277954,0.0,1.0,10.0,127.0,1302.0,1610.0,2016-04-21,True,Thursday,0,10,2,Sedentary,138.0,0.09583333333333334,12.0,0.47297297297297297,31
2320127002,2016-04-22,5583.0,3.75999999046326,3.75999999046326,0.0,0.0,0.0,3.75999999046326,0.0,0.0,0.0,266.0,1174.0,1851.0,2016-04-22,True,Friday,0,11,2,Low active,266.0,0.18472222222222223,0.0,0.3315421816227834,31
2320127002,2016-04-23,5079.0,3.42000007629395,3.42000007629395,0.0,0.0,0.0,3.42000007629395,0.0,0.0,0.0,242.0,1129.0,1804.0,2016-04-23,True,Saturday,1,12,2,Low active,242.0,0.1765134938001459,0.0,0.3551880291395944,31
2320127002,2016-04-24,4165.0,2.80999994277954,2.80999994277954,0.0,0.0,0.0,2.79999995231628,0.0,0.0,0.0,204.0,1236.0,1725.0,2016-04-24,True,Sunday,1,13,2,Sedentary,204.0,0.14166666666666666,0.0,0.4141656662665066,31
2320127002,2016-04-25,3588.0,2.42000007629395,2.42000007629395,0.0,0.230000004172325,0.200000002980232,1.99000000953674,0.0,3.0,5.0,152.0,1280.0,1654.0,2016-04-25,True,Monday,0,14,2,Sedentary,160.0,0.1111111111111111,11.0,0.46098104793756967,31
2320127002,2016-04-26,3409.0,2.29999995231628,2.29999995231628,0.0,0.0,0.0,2.29999995231628,0.0,0.0,0.0,147.0,1293.0,1632.0,2016-04-26,True,Tuesday,0,15,3,Sedentary,147.0,0.10208333333333333,0.0,0.47873276620709887,31
2320127002,2016-04-27,1715.0,1.1599999666214,1.1599999666214,0.0,0.0,0.0,1.1599999666214,0.0,0.0,0.0,82.0,1358.0,1481.0,2016-04-27,True,Wednesday,0,16,3,Sedentary,82.0,0.05694444444444444,0.0,0.8635568513119534,31
2320127002,2016-04-28,1532.0,1.02999997138977,1.02999997138977,0.0,0.0,0.0,1.02999997138977,0.0,0.0,0.0,76.0,1364.0,1473.0,2016-04-28,True,Thursday,0,17,3,Sedentary,76.0,0.05277777777777778,0.0,0.9614882506527415,31
2320127002,2016-04-29,924.0,0.620000004768372,0.620000004768372,0.0,0.0,0.0,0.620000004768372,0.0,0.0,0.0,45.0,1395.0,1410.0,2016-04-29,True,Friday,0,18,3,Sedentary,45.0,0.03125,0.0,1.525974025974026,31
2320127002,2016-04-30,4571.0,3.07999992370605,3.07999992370605,0.0,0.0,0.0,3.0699999332428,0.0,0.0,0.0,234.0,1206.0,1779.0,2016-04-30,True,Saturday,1,19,3,Sedentary,234.0,0.1625,0.0,0.3891927368190768,31
2320127002,2016-05-01,772.0,0.519999980926514,0.519999980926514,0.0,0.0,0.0,0.519999980926514,0.0,0.0,0.0,40.0,1400.0,1403.0,2016-05-01,True,Sunday,1,20,3,Sedentary,40.0,0.027777777777777776,0.0,1.817357512953368,31
2320127002,2016-05-02,3634.0,2.45000004768372,2.45000004768372,0.0,0.360000014305115,0.209999993443489,1.87999999523163,0.0,5.0,6.0,123.0,1306.0,1613.0,2016-05-02,True,Monday,0,21,3,Sedentary,134.0,0.09305555555555556,16.0,0.44386351128233353,31
2320127002,2016-05-03,7443.0,5.01999998092651,5.01999998092651,0.0,1.49000000953674,0.370000004768372,3.16000008583069,0.0,20.0,10.0,206.0,1204.0,1878.0,2016-05-03,True,Tuesday,0,22,4,Low active,236.0,0.1638888888888889,50.0,0.2523176138653769,31
2320127002,2016-05-04,1201.0,0.810000002384186,0.810000002384186,0.0,0.0,0.0,0.810000002384186,0.0,0.0,0.0,52.0,1388.0,1426.0,2016-05-04,True,Wednesday,0,23,4,Sedentary,52.0,0.03611111111111111,0.0,1.1873438800999168,31
2320127002,2016-05-05,5202.0,3.50999999046326,3.50999999046326,0.0,0.0,0.389999985694885,3.10999989509583,0.0,0.0,11.0,223.0,1206.0,1780.0,2016-05-05,True,Thursday,0,24,4,Low active,234.0,0.1625,11.0,0.3421760861207228,31
2320127002,2016-05-06,4878.0,3.28999996185303,3.28999996185303,0.0,0.0,0.0,3.28999996185303,0.0,0.0,0.0,204.0,1236.0,1742.0,2016-05-06,True,Friday,0,25,4,Sedentary,204.0,0.14166666666666666,0.0,0.35711357113571135,31
2320127002,2016-05-07,7379.0,4.96999979019165,4.96999979019165,0.0,0.0,0.0,4.96999979019165,0.0,0.0,0.0,319.0,1121.0,1972.0,2016-05-07,True,Saturday,1,26,4,Low active,319.0,0.22152777777777777,0.0,0.267244884130641,31
2320127002,2016-05-08,5161.0,3.48000001907349,3.48000001907349,0.0,0.0,0.0,3.47000002861023,0.0,0.0,0.0,247.0,1193.0,1821.0,2016-05-08,True,Sunday,1,27,4,Low active,247.0,0.17152777777777778,0.0,0.3528385971710909,31
2320127002,2016-05-09,3090.0,2.07999992370605,2.07999992370605,0.0,0.0,0.0,2.07999992370605,0.0,0.0,0.0,145.0,1295.0,1630.0,2016-05-09,True,Monday,0,28,4,Sedentary,145.0,0.10069444444444445,0.0,0.5275080906148867,31
2320127002,2016-05-10,6227.0,4.19999980926514,4.19999980926514,0.0,0.0,0.0,4.19999980926514,0.0,0.0,0.0,290.0,1150.0,1899.0,2016-05-10,True,Tuesday,0,29,5,Low active,290.0,0.2013888888888889,0.0,0.304962261120925,31
2320127002,2016-05-11,6424.0,4.32999992370605,4.32999992370605,0.0,0.0,0.0,4.32999992370605,0.0,0.0,0.0,300.0,1140.0,1903.0,2016-05-11,True,Wednesday,0,30,5,Low active,300.0,0.20833333333333334,0.0,0.2962328767123288,31
2320127002,2016-05-12,2661.0,1.78999996185303,1.78999996185303,0.0,0.0,0.0,1.78999996185303,0.0,0.0,0.0,128.0,830.0,1125.0,2016-05-12,True,Thursday,0,31,5,Sedentary,128.0,0.1336116910229645,0.0,0.4227733934611049,31
2347167796,2016-04-12,10113.0,6.82999992370605,6.82999992370605,0.0,2.0,0.620000004768372,4.19999980926514,0.0,28.0,13.0,320.0,964.0,2344.0,2016-04-12,True,Tuesday,0,1,1,Active,361.0,0.2724528301886792,69.0,0.23178087610006923,18
2347167796,2016-04-13,10352.0,7.01000022888184,7.01000022888184,0.0,1.6599999666214,1.94000005722046,3.41000008583069,0.0,19.0,32.0,195.0,676.0,2038.0,2016-04-13,True,Wednesday,0,2,1,Active,246.0,0.2668112798264642,70.0,0.19687017001545595,18
2347167796,2016-04-14,10129.0,6.69999980926514,6.69999980926514,0.0,0.0199999995529652,2.74000000953674,3.94000005722046,0.0,1.0,48.0,206.0,705.0,2010.0,2016-04-14,True,Thursday,0,3,1,Active,255.0,0.265625,50.0,0.19844012242077205,18
2347167796,2016-04-15,10465.0,6.92000007629395,6.92000007629395,0.0,0.0700000002980232,1.41999995708466,5.42999982833862,0.0,1.0,24.0,284.0,720.0,2133.0,2016-04-15,True,Friday,0,4,1,Active,309.0,0.30029154518950435,26.0,0.2038222646918299,18
2347167796,2016-04-16,22244.0,15.0799999237061,15.0799999237061,0.0,5.44999980926514,4.09999990463257,5.53000020980835,0.0,66.0,72.0,268.0,968.0,2670.0,2016-04-16,True,Saturday,1,5,1,Highly active,406.0,0.2954876273653566,204.0,0.12003236827908649,18
2347167796,2016-04-17,5472.0,3.61999988555908,3.61999988555908,0.0,0.0799999982118607,0.280000001192093,3.25999999046326,0.0,1.0,7.0,249.0,508.0,1882.0,2016-04-17,True,Sunday,1,6,1,Low active,257.0,0.3359477124183007,9.0,0.3439327485380117,18
2347167796,2016-04-18,8247.0,5.44999980926514,5.44999980926514,0.0,0.790000021457672,0.860000014305115,3.78999996185303,0.0,11.0,16.0,206.0,678.0,1944.0,2016-04-18,True,Monday,0,7,1,Somewhat active,233.0,0.2557628979143798,38.0,0.23572208075663878,18
2347167796,2016-04-19,6711.0,4.44000005722046,4.44000005722046,0.0,0.0,0.0,4.44000005722046,0.0,0.0,7.0,382.0,648.0,2346.0,2016-04-19,True,Tuesday,0,8,2,Low active,389.0,0.3751205400192864,7.0,0.34957532409476977,18
2347167796,2016-04-20,10999.0,7.26999998092651,7.26999998092651,0.0,0.680000007152557,1.80999994277954,4.78000020980835,0.0,11.0,43.0,269.0,1011.0,2198.0,2016-04-20,True,Wednesday,0,9,2,Active,323.0,0.24212893553223389,65.0,0.1998363487589781,18
2347167796,2016-04-21,10080.0,6.75,6.75,0.0,1.85000002384186,1.52999997138977,3.38000011444092,0.0,23.0,26.0,208.0,761.0,2048.0,2016-04-21,True,Thursday,0,10,2,Active,257.0,0.25245579567779963,72.0,0.20317460317460317,18
2347167796,2016-04-22,7804.0,5.15999984741211,5.15999984741211,0.0,0.560000002384186,1.67999994754791,2.92000007629395,0.0,9.0,27.0,206.0,781.0,1946.0,2016-04-22,True,Friday,0,11,2,Somewhat active,242.0,0.23655913978494625,45.0,0.24935930292157868,18
2347167796,2016-04-23,16901.0,11.3699998855591,11.3699998855591,0.0,2.77999997138977,1.45000004768372,7.15000009536743,0.0,32.0,35.0,360.0,591.0,2629.0,2016-04-23,True,Saturday,1,12,2,Highly active,427.0,0.4194499017681729,99.0,0.155552925862375,18
2347167796,2016-04-24,9471.0,6.26000022888184,6.26000022888184,0.0,0.0,0.0,6.26000022888184,0.0,0.0,0.0,360.0,584.0,2187.0,2016-04-24,True,Sunday,1,13,2,Somewhat active,360.0,0.3813559322033898,0.0,0.23091542603737725,18
2347167796,2016-04-25,9482.0,6.38000011444092,6.38000011444092,0.0,1.26999998092651,0.519999980926514,4.59999990463257,0.0,15.0,11.0,277.0,653.0,2095.0,2016-04-25,True,Monday,0,14,2,Somewhat active,303.0,0.3169456066945607,41.0,0.22094494832313857,18
2347167796,2016-04-26,5980.0,3.95000004768372,3.95000004768372,0.0,0.0,0.0,3.95000004768372,0.0,0.0,0.0,227.0,732.0,1861.0,2016-04-26,True,Tuesday,0,15,3,Low active,227.0,0.23670490093847757,0.0,0.3112040133779264,18
2347167796,2016-04-27,11423.0,7.57999992370605,7.57999992370605,0.0,1.86000001430511,0.400000005960464,5.32000017166138,0.0,26.0,9.0,295.0,623.0,2194.0,2016-04-27,True,Wednesday,0,16,3,Active,330.0,0.3462749213011542,61.0,0.19206863345881117,18
2347167796,2016-04-28,5439.0,3.59999990463257,3.59999990463257,0.0,0.0,0.0,3.59999990463257,0.0,0.0,0.0,229.0,764.0,1854.0,2016-04-28,True,Thursday,0,17,3,Low active,229.0,0.23061430010070494,0.0,0.3408714837286266,18
2873212765,2016-04-12,8796.0,5.90999984741211,5.90999984741211,0.0,0.109999999403954,0.930000007152557,4.88000011444092,0.0,2.0,21.0,356.0,1061.0,1982.0,2016-04-12,True,Tuesday,0,1,1,Somewhat active,379.0,0.26319444444444445,25.0,0.22532969531605276,31
2873212765,2016-04-13,7618.0,5.11999988555908,5.11999988555908,0.0,0.0,0.219999998807907,4.88000011444092,0.0199999995529652,0.0,8.0,404.0,1028.0,2004.0,2016-04-13,True,Wednesday,0,2,1,Somewhat active,412.0,0.2861111111111111,8.0,0.2630611709110003,31
2873212765,2016-04-14,7910.0,5.32000017166138,5.32000017166138,0.0,0.0,0.0,5.32000017166138,0.0,0.0,0.0,331.0,1109.0,1893.0,2016-04-14,True,Thursday,0,3,1,Somewhat active,331.0,0.2298611111111111,0.0,0.2393173198482933,31
2873212765,2016-04-15,8482.0,5.69999980926514,5.69999980926514,0.0,0.0,0.0,5.69000005722046,0.0099999997764825,0.0,0.0,448.0,992.0,2063.0,2016-04-15,True,Friday,0,4,1,Somewhat active,448.0,0.3111111111111111,0.0,0.24322093845791087,31
2873212765,2016-04-16,9685.0,6.65000009536743,6.65000009536743,0.0,3.10999989509583,0.0199999995529652,3.50999999046326,0.0099999997764825,47.0,1.0,305.0,1087.0,2148.0,2016-04-16,True,Saturday,1,5,1,Somewhat active,353.0,0.24513888888888888,95.0,0.22178626742385132,31
2873212765,2016-04-17,2524.0,1.70000004768372,1.70000004768372,0.0,0.0,0.349999994039536,1.3400000333786,0.0,0.0,8.0,160.0,1272.0,1529.0,2016-04-17,True,Sunday,1,6,1,Sedentary,168.0,0.11666666666666667,8.0,0.6057844690966719,31
2873212765,2016-04-18,7762.0,5.23999977111816,5.23999977111816,0.0,0.0700000002980232,0.280000001192093,4.8899998664856,0.0,1.0,6.0,311.0,1122.0,1890.0,2016-04-18,True,Monday,0,7,1,Somewhat active,318.0,0.22083333333333333,8.0,0.24349394485957226,31
2873212765,2016-04-19,7948.0,5.36999988555908,5.36999988555908,0.0,0.0,0.0,5.3600001335144,0.0,0.0,0.0,389.0,1051.0,1956.0,2016-04-19,True,Tuesday,0,8,2,Somewhat active,389.0,0.2701388888888889,0.0,0.24609964771011575,31
2873212765,2016-04-20,9202.0,6.30000019073486,6.30000019073486,0.0,1.50999999046326,0.119999997317791,4.65999984741211,0.0099999997764825,22.0,5.0,378.0,1035.0,2094.0,2016-04-20,True,Wednesday,0,9,2,Somewhat active,405.0,0.28125,49.0,0.22755922625516192,31
2873212765,2016-04-21,8859.0,5.98000001907349,5.98000001907349,0.0,0.129999995231628,0.370000004768372,5.46999979019165,0.0099999997764825,2.0,10.0,371.0,1057.0,1970.0,2016-04-21,True,Thursday,0,10,2,Somewhat active,383.0,0.2659722222222222,14.0,0.22237272829890506,31
2873212765,2016-04-22,7286.0,4.90000009536743,4.90000009536743,0.0,0.46000000834465,0.0,4.42000007629395,0.0199999995529652,46.0,0.0,366.0,1028.0,2241.0,2016-04-22,True,Friday,0,11,2,Low active,412.0,0.2861111111111111,92.0,0.30757617348339283,31
2873212765,2016-04-23,9317.0,6.34999990463257,6.34999990463257,0.0,2.08999991416931,0.230000004172325,4.01999998092651,0.0099999997764825,28.0,5.0,330.0,1077.0,2021.0,2016-04-23,True,Saturday,1,12,2,Somewhat active,363.0,0.2520833333333333,61.0,0.2169153160888698,31
2873212765,2016-04-24,6873.0,4.67999982833862,4.67999982833862,0.0,3.0,0.0599999986588955,1.62000000476837,0.0,46.0,1.0,190.0,1203.0,1898.0,2016-04-24,True,Sunday,1,13,2,Low active,237.0,0.16458333333333333,93.0,0.27615306270915174,31
2873212765,2016-04-25,7373.0,4.94999980926514,4.94999980926514,0.0,0.0,0.0,4.94999980926514,0.0,0.0,0.0,359.0,1081.0,1907.0,2016-04-25,True,Monday,0,14,2,Low active,359.0,0.24930555555555556,0.0,0.25864641258646415,31
2873212765,2016-04-26,8242.0,5.53999996185303,5.53999996185303,0.0,0.119999997317791,0.180000007152557,5.23999977111816,0.0,2.0,5.0,309.0,1124.0,1882.0,2016-04-26,True,Tuesday,0,15,3,Somewhat active,316.0,0.21944444444444444,9.0,0.22834263528269838,31
2873212765,2016-04-27,3516.0,2.35999989509583,2.35999989509583,0.0,0.0,0.0,2.35999989509583,0.0,46.0,0.0,197.0,1197.0,1966.0,2016-04-27,True,Wednesday,0,16,3,Sedentary,243.0,0.16875,92.0,0.5591581342434585,31
2873212765,2016-04-28,7913.0,5.40999984741211,5.40999984741211,0.0,2.16000008583069,0.340000003576279,2.91000008583069,0.0,28.0,7.0,213.0,1192.0,1835.0,2016-04-28,True,Thursday,0,17,3,Somewhat active,248.0,0.17222222222222222,63.0,0.23189687855427776,31
2873212765,2016-04-29,7365.0,4.94999980926514,4.94999980926514,0.0,1.36000001430511,1.4099999666214,2.1800000667572,0.0,20.0,23.0,206.0,1191.0,1780.0,2016-04-29,True,Friday,0,18,3,Low active,249.0,0.17291666666666666,63.0,0.241683638832315,31
2873212765,2016-04-30,8452.0,5.67999982833862,5.67999982833862,0.0,0.330000013113022,1.08000004291534,4.26000022888184,0.0099999997764825,5.0,20.0,248.0,1167.0,1830.0,2016-04-30,True,Saturday,1,19,3,Somewhat active,273.0,0.18958333333333333,30.0,0.21651680075721721,31
2873212765,2016-05-01,7399.0,4.96999979019165,4.96999979019165,0.0,0.490000009536743,1.03999996185303,3.44000005722046,0.0,7.0,18.0,196.0,1219.0,1739.0,2016-05-01,True,Sunday,1,20,3,Low active,221.0,0.15347222222222223,32.0,0.23503176104879037,31
2873212765,2016-05-02,7525.0,5.05999994277954,5.05999994277954,0.0,0.0,0.209999993443489,4.82999992370605,0.0199999995529652,0.0,7.0,334.0,1099.0,1878.0,2016-05-02,True,Monday,0,21,3,Somewhat active,341.0,0.23680555555555555,7.0,0.24956810631229237,31
2873212765,2016-05-03,7412.0,4.98000001907349,4.98000001907349,0.0,0.0599999986588955,0.25,4.65999984741211,0.0099999997764825,1.0,6.0,363.0,1070.0,1906.0,2016-05-03,True,Tuesday,0,22,4,Low active,370.0,0.2569444444444444,8.0,0.2571505666486778,31
2873212765,2016-05-04,8278.0,5.55999994277954,5.55999994277954,0.0,0.0,0.0,5.55999994277954,0.0,0.0,0.0,420.0,1020.0,2015.0,2016-05-04,True,Wednesday,0,23,4,Somewhat active,420.0,0.2916666666666667,0.0,0.24341628412660063,31
2873212765,2016-05-05,8314.0,5.6100001335144,5.6100001335144,0.0,0.779999971389771,0.800000011920929,4.03000020980835,0.0,13.0,23.0,311.0,1093.0,1971.0,2016-05-05,True,Thursday,0,24,4,Somewhat active,347.0,0.24097222222222223,49.0,0.23707000240558096,31
2873212765,2016-05-06,7063.0,4.75,4.75,0.0,0.0,0.119999997317791,4.6100001335144,0.0099999997764825,0.0,5.0,370.0,1065.0,1910.0,2016-05-06,True,Friday,0,25,4,Low active,375.0,0.2604166666666667,5.0,0.27042333286139036,31
2873212765,2016-05-07,4940.0,3.38000011444092,3.38000011444092,0.0,2.27999997138977,0.550000011920929,0.550000011920929,0.0,75.0,11.0,52.0,1302.0,1897.0,2016-05-07,True,Saturday,1,26,4,Sedentary,138.0,0.09583333333333334,161.0,0.3840080971659919,31
2873212765,2016-05-08,8168.0,5.53999996185303,5.53999996185303,0.0,2.90000009536743,0.0,2.64000010490417,0.0,46.0,0.0,326.0,1068.0,2096.0,2016-05-08,True,Sunday,1,27,4,Somewhat active,372.0,0.25833333333333336,92.0,0.2566111655239961,31
2873212765,2016-05-09,7726.0,5.19000005722046,5.19000005722046,0.0,0.0,0.0,5.19000005722046,0.0,0.0,0.0,345.0,1095.0,1906.0,2016-05-09,True,Monday,0,28,4,Somewhat active,345.0,0.23958333333333334,0.0,0.246699456381051,31
2873212765,2016-05-10,8275.0,5.55999994277954,5.55999994277954,0.0,0.0,0.0,5.55000019073486,0.0099999997764825,0.0,0.0,373.0,1067.0,1962.0,2016-05-10,True,Tuesday,0,29,5,Somewhat active,373.0,0.2590277777777778,0.0,0.2370996978851964,31
2873212765,2016-05-11,6440.0,4.32999992370605,4.32999992370605,0.0,0.0,0.0,4.32000017166138,0.0099999997764825,0.0,0.0,319.0,1121.0,1826.0,2016-05-11,True,Wednesday,0,30,5,Low active,319.0,0.22152777777777777,0.0,0.28354037267080745,31
2873212765,2016-05-12,7566.0,5.1100001335144,5.1100001335144,0.0,0.0,0.0,5.1100001335144,0.0,0.0,0.0,268.0,720.0,1431.0,2016-05-12,True,Thursday,0,31,5,Somewhat active,268.0,0.27125506072874495,0.0,0.18913560666137985,31
3372868164,2016-04-12,4747.0,3.24000000953674,3.24000000953674,0.0,0.0,0.0,3.23000001907349,0.0099999997764825,0.0,0.0,280.0,1160.0,1788.0,2016-04-12,True,Tuesday,0,1,1,Sedentary,280.0,0.19444444444444445,0.0,0.37665894248999365,20
3372868164,2016-04-13,9715.0,6.63000011444092,6.63000011444092,0.0,0.990000009536743,0.340000003576279,5.26999998092651,0.0199999995529652,16.0,8.0,371.0,1045.0,2093.0,2016-04-13,True,Wednesday,0,2,1,Somewhat active,395.0,0.2743055555555556,40.0,0.21544004117344312,20
3372868164,2016-04-14,8844.0,6.03000020980835,6.03000020980835,0.0,0.340000003576279,1.02999997138977,4.65000009536743,0.0099999997764825,6.0,25.0,370.0,1039.0,2065.0,2016-04-14,True,Thursday,0,3,1,Somewhat active,401.0,0.27847222222222223,37.0,0.23349163274536408,20
3372868164,2016-04-15,7451.0,5.07999992370605,5.07999992370605,0.0,0.0,0.0,5.05999994277954,0.0199999995529652,0.0,0.0,335.0,1105.0,1908.0,2016-04-15,True,Friday,0,4,1,Low active,335.0,0.2326388888888889,0.0,0.25607301033418334,20
3372868164,2016-04-16,6905.0,4.73000001907349,4.73000001907349,0.0,0.0,0.0,4.69999980926514,0.0299999993294477,0.0,0.0,356.0,1084.0,1908.0,2016-04-16,True,Saturday,1,5,1,Low active,356.0,0.24722222222222223,0.0,0.27632150615496015,20
3372868164,2016-04-17,8199.0,5.88000011444092,5.88000011444092,0.0,1.4099999666214,0.100000001490116,4.3600001335144,0.0099999997764825,11.0,2.0,322.0,1105.0,1964.0,2016-04-17,True,Sunday,1,6,1,Somewhat active,335.0,0.2326388888888889,24.0,0.23954140748871813,20
3372868164,2016-04-18,6798.0,4.6399998664856,4.6399998664856,0.0,1.08000004291534,0.200000002980232,3.34999990463257,0.0,20.0,7.0,343.0,1070.0,2014.0,2016-04-18,True,Monday,0,7,1,Low active,370.0,0.2569444444444444,47.0,0.29626360694321857,20
3372868164,2016-04-19,7711.0,5.26000022888184,5.26000022888184,0.0,0.0,0.0,5.23999977111816,0.0199999995529652,0.0,0.0,376.0,1064.0,1985.0,2016-04-19,True,Tuesday,0,8,2,Somewhat active,376.0,0.2611111111111111,0.0,0.2574244585656854,20
3372868164,2016-04-20,4880.0,3.32999992370605,3.32999992370605,0.0,0.839999973773956,0.0900000035762787,2.38000011444092,0.0199999995529652,15.0,3.0,274.0,1148.0,1867.0,2016-04-20,True,Wednesday,0,9,2,Sedentary,292.0,0.20277777777777778,33.0,0.38258196721311477,20
3372868164,2016-04-21,8857.0,6.07000017166138,6.07000017166138,0.0,1.14999997615814,0.259999990463257,4.6399998664856,0.0099999997764825,18.0,9.0,376.0,1037.0,2124.0,2016-04-21,True,Thursday,0,10,2,Somewhat active,403.0,0.2798611111111111,45.0,0.2398103195212826,20
3372868164,2016-04-22,3843.0,2.61999988555908,2.61999988555908,0.0,0.0,0.0,2.60999989509583,0.0099999997764825,0.0,0.0,206.0,1234.0,1669.0,2016-04-22,True,Friday,0,11,2,Sedentary,206.0,0.14305555555555555,0.0,0.434296122820713,20
3372868164,2016-04-23,7396.0,5.07000017166138,5.07000017166138,0.0,1.39999997615814,0.0799999982118607,3.57999992370605,0.0,20.0,2.0,303.0,1115.0,1995.0,2016-04-23,True,Saturday,1,12,2,Low active,325.0,0.22569444444444445,42.0,0.26974040021633316,20
3372868164,2016-04-24,6731.0,4.59000015258789,4.59000015258789,0.0,0.889999985694885,0.189999997615814,3.49000000953674,0.0199999995529652,14.0,7.0,292.0,1127.0,1921.0,2016-04-24,True,Sunday,1,13,2,Low active,313.0,0.21736111111111112,35.0,0.2853959292824246,20
3372868164,2016-04-25,5995.0,4.09000015258789,4.09000015258789,0.0,0.0,0.0,4.09000015258789,0.0,0.0,0.0,416.0,1024.0,2010.0,2016-04-25,True,Monday,0,14,2,Low active,416.0,0.28888888888888886,0.0,0.33527939949958296,20
3372868164,2016-04-26,8283.0,5.78999996185303,5.78999996185303,0.0,1.85000002384186,0.0500000007450581,3.86999988555908,0.0099999997764825,22.0,2.0,333.0,1083.0,2057.0,2016-04-26,True,Tuesday,0,15,3,Somewhat active,357.0,0.24791666666666667,46.0,0.24833997343957503,20
3372868164,2016-04-27,7904.0,5.42000007629395,5.42000007629395,0.0,1.58000004291534,0.629999995231628,3.19000005722046,0.0099999997764825,24.0,13.0,346.0,1057.0,2095.0,2016-04-27,True,Wednesday,0,16,3,Somewhat active,383.0,0.2659722222222222,61.0,0.26505566801619435,20
3372868164,2016-04-28,5512.0,3.75999999046326,3.75999999046326,0.0,0.0,0.0,3.75999999046326,0.0,0.0,0.0,385.0,1055.0,1972.0,2016-04-28,True,Thursday,0,17,3,Low active,385.0,0.2673611111111111,0.0,0.35776487663280115,20
3372868164,2016-04-29,9135.0,6.23000001907349,6.23000001907349,0.0,0.0,0.0,6.21999979019165,0.0099999997764825,0.0,0.0,402.0,1038.0,2044.0,2016-04-29,True,Friday,0,18,3,Somewhat active,402.0,0.2791666666666667,0.0,0.22375478927203066,20
3372868164,2016-04-30,5250.0,3.57999992370605,3.57999992370605,0.0,1.05999994277954,0.0900000035762787,2.42000007629395,0.0099999997764825,17.0,4.0,300.0,1119.0,1946.0,2016-04-30,True,Saturday,1,19,3,Low active,321.0,0.22291666666666668,38.0,0.37066666666666664,20
3372868164,2016-05-01,3077.0,2.09999990463257,2.09999990463257,0.0,0.0,0.0,2.08999991416931,0.0,0.0,0.0,172.0,842.0,1237.0,2016-05-01,True,Sunday,1,20,3,Sedentary,172.0,0.16962524654832348,0.0,0.40201494962625933,20
3977333714,2016-04-12,8856.0,5.98000001907349,5.98000001907349,0.0,3.05999994277954,0.910000026226044,2.00999999046326,0.0,44.0,19.0,131.0,777.0,1450.0,2016-04-12,True,Tuesday,0,1,1,Somewhat active,194.0,0.19979402677651906,107.0,0.1637308039747064,30
3977333714,2016-04-13,10035.0,6.71000003814697,6.71000003814697,0.0,2.02999997138977,2.13000011444092,2.54999995231628,0.0,31.0,46.0,153.0,754.0,1495.0,2016-04-13,True,Wednesday,0,2,1,Active,230.0,0.23373983739837398,108.0,0.1489785749875436,30
3977333714,2016-04-14,7641.0,5.1100001335144,5.1100001335144,0.0,0.319999992847443,0.970000028610229,3.8199999332428,0.0,5.0,23.0,214.0,801.0,1433.0,2016-04-14,True,Thursday,0,3,1,Somewhat active,242.0,0.23202301054650049,33.0,0.18754089778824762,30
3977333714,2016-04-15,9010.0,6.05999994277954,6.05999994277954,0.0,1.04999995231628,1.75,3.25999999046326,0.0,15.0,42.0,183.0,644.0,1468.0,2016-04-15,True,Friday,0,4,1,Somewhat active,240.0,0.27149321266968324,72.0,0.16293007769145393,30
3977333714,2016-04-16,13459.0,9.0,9.0,0.0,2.02999997138977,4.0,2.97000002861023,0.0,31.0,83.0,153.0,663.0,1625.0,2016-04-16,True,Saturday,1,5,1,Highly active,267.0,0.2870967741935484,145.0,0.12073705327290289,30
3977333714,2016-04-17,10415.0,6.96999979019165,6.96999979019165,0.0,0.699999988079071,2.34999990463257,3.92000007629395,0.0,11.0,58.0,205.0,600.0,1529.0,2016-04-17,True,Sunday,1,6,1,Active,274.0,0.3135011441647597,80.0,0.14680748919827172,30
3977333714,2016-04-18,11663.0,7.80000019073486,7.80000019073486,0.0,0.25,3.73000001907349,3.8199999332428,0.0,4.0,95.0,214.0,605.0,1584.0,2016-04-18,True,Monday,0,7,1,Active,313.0,0.340958605664488,103.0,0.13581411300694504,30
3977333714,2016-04-19,12414.0,8.77999973297119,8.77999973297119,0.0,2.24000000953674,2.45000004768372,3.96000003814697,0.0,19.0,67.0,221.0,738.0,1638.0,2016-04-19,True,Tuesday,0,8,2,Active,307.0,0.2937799043062201,105.0,0.1319478008699855,30
3977333714,2016-04-20,11658.0,7.82999992370605,7.82999992370605,0.0,0.200000002980232,4.34999990463257,3.27999997138977,0.0,2.0,98.0,164.0,845.0,1554.0,2016-04-20,True,Wednesday,0,9,2,Active,264.0,0.23805229936880073,102.0,0.13329902213072567,30
3977333714,2016-04-21,6093.0,4.07999992370605,4.07999992370605,0.0,0.0,0.0,4.05999994277954,0.0,0.0,0.0,242.0,712.0,1397.0,2016-04-21,True,Thursday,0,10,2,Low active,242.0,0.25366876310272535,0.0,0.22927950106679795,30
3977333714,2016-04-22,8911.0,5.96000003814697,5.96000003814697,0.0,2.32999992370605,0.579999983310699,3.05999994277954,0.0,33.0,12.0,188.0,731.0,1481.0,2016-04-22,True,Friday,0,11,2,Somewhat active,233.0,0.241701244813278,78.0,0.1661990797890248,30
3977333714,2016-04-23,12058.0,8.06999969482422,8.06999969482422,0.0,0.0,4.21999979019165,3.84999990463257,0.0,0.0,92.0,252.0,724.0,1638.0,2016-04-23,True,Saturday,1,12,2,Active,344.0,0.32209737827715357,92.0,0.13584342345330902,30
3977333714,2016-04-24,14112.0,10.0,10.0,0.0,3.26999998092651,4.55999994277954,2.17000007629395,0.0,30.0,95.0,129.0,660.0,1655.0,2016-04-24,True,Sunday,1,13,2,Highly active,254.0,0.2778993435448578,155.0,0.11727607709750566,30
3977333714,2016-04-25,11177.0,8.47999954223633,8.47999954223633,0.0,5.61999988555908,0.430000007152557,2.41000008583069,0.0,50.0,9.0,133.0,781.0,1570.0,2016-04-25,True,Monday,0,14,2,Active,192.0,0.197327852004111,109.0,0.14046703050908116,30
3977333714,2016-04-26,11388.0,7.61999988555908,7.61999988555908,0.0,0.449999988079071,4.21999979019165,2.95000004768372,0.0,7.0,95.0,170.0,797.0,1551.0,2016-04-26,True,Tuesday,0,15,3,Active,272.0,0.25444340505144997,109.0,0.13619599578503688,30
3977333714,2016-04-27,7193.0,5.03999996185303,5.03999996185303,0.0,0.0,0.419999986886978,4.61999988555908,0.0,0.0,10.0,176.0,714.0,1377.0,2016-04-27,True,Wednesday,0,16,3,Low active,186.0,0.20666666666666667,10.0,0.1914361184484916,30
3977333714,2016-04-28,7114.0,4.88000011444092,4.88000011444092,0.0,1.37000000476837,0.28999999165535,3.22000002861023,0.0,15.0,8.0,190.0,804.0,1407.0,2016-04-28,True,Thursday,0,17,3,Low active,213.0,0.20943952802359883,38.0,0.1977790272701715,30
3977333714,2016-04-29,10645.0,7.75,7.75,0.0,3.74000000953674,1.29999995231628,2.71000003814697,0.0,36.0,32.0,150.0,744.0,1545.0,2016-04-29,True,Friday,0,18,3,Active,218.0,0.22661122661122662,104.0,0.14513856270549555,30
3977333714,2016-04-30,13238.0,9.19999980926514,9.19999980926514,0.0,3.69000005722046,2.09999990463257,3.41000008583069,0.0,43.0,52.0,194.0,687.0,1650.0,2016-04-30,True,Saturday,1,19,3,Highly active,289.0,0.29610655737704916,138.0,0.12464118446895302,30
3977333714,2016-05-01,10414.0,7.07000017166138,7.07000017166138,0.0,2.67000007629395,1.98000001907349,2.41000008583069,0.0,41.0,40.0,124.0,691.0,1501.0,2016-05-01,True,Sunday,1,20,3,Active,205.0,0.22879464285714285,122.0,0.1441328980218936,30
3977333714,2016-05-02,16520.0,11.0500001907349,11.0500001907349,0.0,1.53999996185303,6.48000001907349,3.01999998092651,0.0,24.0,143.0,176.0,713.0,1760.0,2016-05-02,True,Monday,0,21,3,Highly active,343.0,0.3248106060606061,191.0,0.10653753026634383,30
3977333714,2016-05-03,14335.0,9.59000015258789,9.59000015258789,0.0,3.3199999332428,1.74000000953674,4.53000020980835,0.0,47.0,41.0,258.0,594.0,1710.0,2016-05-03,True,Tuesday,0,22,4,Highly active,346.0,0.3680851063829787,135.0,0.11928845483083363,30
3977333714,2016-05-04,13559.0,9.4399995803833,9.4399995803833,0.0,1.80999994277954,4.57999992370605,2.89000010490417,0.0,14.0,96.0,142.0,852.0,1628.0,2016-05-04,True,Wednesday,0,23,4,Highly active,252.0,0.22826086956521738,124.0,0.12006785161147578,30
3977333714,2016-05-05,12312.0,8.57999992370605,8.57999992370605,0.0,1.75999999046326,4.1100001335144,2.71000003814697,0.0,14.0,88.0,178.0,680.0,1618.0,2016-05-05,True,Thursday,0,24,4,Active,280.0,0.2916666666666667,116.0,0.13141650422352177,30
3977333714,2016-05-06,11677.0,8.27999973297119,8.27999973297119,0.0,3.10999989509583,2.50999999046326,2.67000007629395,0.0,29.0,55.0,168.0,676.0,1590.0,2016-05-06,True,Friday,0,25,4,Active,252.0,0.27155172413793105,113.0,0.13616511090177272,30
3977333714,2016-05-07,11550.0,7.73000001907349,7.73000001907349,0.0,0.0,4.13000011444092,3.58999991416931,0.0,0.0,86.0,208.0,703.0,1574.0,2016-05-07,True,Saturday,1,26,4,Active,294.0,0.2948846539618857,86.0,0.13627705627705627,30
3977333714,2016-05-08,13585.0,9.09000015258789,9.09000015258789,0.0,0.680000007152557,5.23999977111816,3.17000007629395,0.0,9.0,116.0,171.0,688.0,1633.0,2016-05-08,True,Sunday,1,27,4,Highly active,296.0,0.3008130081300813,134.0,0.1202061096797939,30
3977333714,2016-05-09,14687.0,10.0799999237061,10.0799999237061,0.0,0.769999980926514,5.59999990463257,3.54999995231628,0.0,8.0,122.0,151.0,1159.0,1667.0,2016-05-09,True,Monday,0,28,4,Highly active,281.0,0.1951388888888889,138.0,0.11350173622931845,30
3977333714,2016-05-10,13072.0,8.77999973297119,8.77999973297119,0.0,0.0700000002980232,5.40000009536743,3.30999994277954,0.0,1.0,115.0,196.0,676.0,1630.0,2016-05-10,True,Tuesday,0,29,5,Highly active,312.0,0.3157894736842105,117.0,0.12469400244798041,30
3977333714,2016-05-11,746.0,0.5,0.5,0.0,0.370000004768372,0.0,0.129999995231628,0.0,4.0,0.0,9.0,13.0,52.0,2016-05-11,True,Wednesday,0,30,5,Sedentary,13.0,0.5,8.0,0.06970509383378017,30
4020332650,2016-04-12,8539.0,6.11999988555908,6.11999988555908,0.0,0.150000005960464,0.239999994635582,5.67999982833862,0.0,4.0,15.0,331.0,712.0,3654.0,2016-04-12,True,Tuesday,0,1,1,Somewhat active,350.0,0.3295668549905838,23.0,0.42791896006558144,31
4020332650,2016-04-14,108.0,0.0799999982118607,0.0799999982118607,0.0,0.0,0.0,0.0299999993294477,0.0,0.0,0.0,3.0,1437.0,2011.0,2016-04-14,True,Thursday,0,3,1,Sedentary,3.0,0.0020833333333333333,0.0,18.62037037037037,31
4020332650,2016-04-15,1882.0,1.35000002384186,1.35000002384186,0.0,0.209999993443489,0.360000014305115,0.769999980926514,0.0,36.0,18.0,87.0,1299.0,2951.0,2016-04-15,True,Friday,0,4,1,Sedentary,141.0,0.09791666666666667,90.0,1.5680127523910734,31
4020332650,2016-04-16,1982.0,1.41999995708466,1.41999995708466,0.0,0.449999988079071,0.370000004768372,0.589999973773956,0.0,65.0,21.0,55.0,1222.0,3051.0,2016-04-16,True,Saturday,1,5,1,Sedentary,141.0,0.10344827586206896,151.0,1.5393541876892027,31
4020332650,2016-05-02,475.0,0.340000003576279,0.340000003576279,0.0,0.0,0.0399999991059303,0.28999999165535,0.0,0.0,11.0,31.0,1350.0,2207.0,2016-05-02,True,Monday,0,21,3,Sedentary,42.0,0.03017241379310345,11.0,4.646315789473684,31
4020332650,2016-05-03,4496.0,3.22000002861023,3.22000002861023,0.0,0.0,0.0,3.15000009536743,0.0500000007450581,0.0,0.0,174.0,950.0,2828.0,2016-05-03,True,Tuesday,0,22,4,Sedentary,174.0,0.15480427046263345,0.0,0.6290035587188612,31
4020332650,2016-05-04,10252.0,7.34999990463257,7.34999990463257,0.0,0.670000016689301,1.03999996185303,5.57999992370605,0.0,13.0,46.0,346.0,531.0,3879.0,2016-05-04,True,Wednesday,0,23,4,Active,405.0,0.4326923076923077,72.0,0.37836519703472493,31
4020332650,2016-05-05,11728.0,8.43000030517578,8.43000030517578,0.0,2.61999988555908,1.67999994754791,4.03999996185303,0.0700000002980232,38.0,42.0,196.0,916.0,3429.0,2016-05-05,True,Thursday,0,24,4,Active,276.0,0.23154362416107382,118.0,0.29237721691678037,31
4020332650,2016-05-06,4369.0,3.13000011444092,3.13000011444092,0.0,0.0,0.0,3.09999990463257,0.0099999997764825,0.0,0.0,177.0,855.0,2704.0,2016-05-06,True,Friday,0,25,4,Sedentary,177.0,0.17151162790697674,0.0,0.6189059281300069,31
4020332650,2016-05-07,6132.0,4.40000009536743,4.40000009536743,0.0,0.0,0.0,3.57999992370605,0.0,0.0,0.0,184.0,1256.0,2975.0,2016-05-07,True,Saturday,1,26,4,Low active,184.0,0.12777777777777777,0.0,0.4851598173515982,31
4020332650,2016-05-08,5862.0,4.19999980926514,4.19999980926514,0.0,0.0,0.0,4.15000009536743,0.0,0.0,0.0,263.0,775.0,3089.0,2016-05-08,True,Sunday,1,27,4,Low active,263.0,0.25337186897880537,0.0,0.5269532582736267,31
4020332650,2016-05-09,4556.0,3.26999998092651,3.26999998092651,0.0,0.200000002980232,0.119999997317791,2.94000005722046,0.0,3.0,5.0,173.0,1225.0,2785.0,2016-05-09,True,Monday,0,28,4,Sedentary,181.0,0.1287339971550498,11.0,0.6112818261633012,31
4020332650,2016-05-10,5546.0,3.98000001907349,3.98000001907349,0.0,0.0,0.0,3.86999988555908,0.0399999991059303,0.0,0.0,206.0,774.0,2926.0,2016-05-10,True,Tuesday,0,29,5,Low active,206.0,0.21020408163265306,0.0,0.5275874504147133,31
4020332650,2016-05-11,3689.0,2.65000009536743,2.65000009536743,0.0,0.109999999403954,0.170000001788139,2.32999992370605,0.0,2.0,8.0,134.0,1296.0,2645.0,2016-05-11,True,Wednesday,0,30,5,Sedentary,144.0,0.1,12.0,0.7169964760097587,31
4020332650,2016-05-12,590.0,0.419999986886978,0.419999986886978,0.0,0.0,0.0,0.409999996423721,0.0,0.0,0.0,21.0,721.0,1120.0,2016-05-12,True,Thursday,0,31,5,Sedentary,21.0,0.02830188679245283,0.0,1.8983050847457628,31
4057192912,2016-04-12,5394.0,4.03000020980835,4.03000020980835,0.0,0.0,0.0,3.94000005722046,0.0,0.0,0.0,164.0,1276.0,2286.0,2016-04-12,True,Tuesday,0,1,1,Low active,164.0,0.11388888888888889,0.0,0.42380422691879865,4
4057192912,2016-04-13,5974.0,4.46999979019165,4.46999979019165,0.0,0.0,0.0,4.36999988555908,0.0,0.0,0.0,160.0,1280.0,2306.0,2016-04-13,True,Wednesday,0,2,1,Low active,160.0,0.1111111111111111,0.0,0.38600602611315704,4
4057192912,2016-04-15,3984.0,2.95000004768372,2.95000004768372,0.0,0.209999993443489,0.259999990463257,2.44000005722046,0.0,3.0,6.0,88.0,873.0,1527.0,2016-04-15,True,Friday,0,4,1,Sedentary,97.0,0.1,12.0,0.3832831325301205,4
4319703577,2016-04-13,8204.0,5.5,5.5,0.0,0.529999971389771,0.589999973773956,1.30999994277954,0.0,8.0,15.0,96.0,1234.0,2135.0,2016-04-13,True,Wednesday,0,2,1,Somewhat active,119.0,0.08795269770879527,31.0,0.26023890784982934,31
4319703577,2016-04-14,10210.0,6.88000011444092,6.88000011444092,0.0,0.109999999403954,0.330000013113022,6.44000005722046,0.0,1.0,9.0,339.0,589.0,2302.0,2016-04-14,True,Thursday,0,3,1,Active,349.0,0.3720682302771855,11.0,0.22546523016650344,31
4319703577,2016-04-15,5664.0,3.79999995231628,3.79999995231628,0.0,0.0,0.0,3.79999995231628,0.0,0.0,0.0,228.0,752.0,1985.0,2016-04-15,True,Friday,0,4,1,Low active,228.0,0.23265306122448978,0.0,0.3504590395480226,31
4319703577,2016-04-16,4744.0,3.1800000667572,3.1800000667572,0.0,0.0,0.0,3.1800000667572,0.0,0.0,0.0,194.0,724.0,1884.0,2016-04-16,True,Saturday,1,5,1,Sedentary,194.0,0.2113289760348584,0.0,0.3971332209106239,31
4319703577,2016-04-18,2276.0,1.54999995231628,1.54999995231628,0.0,0.0700000002980232,0.330000013113022,1.12000000476837,0.0,1.0,9.0,58.0,824.0,1632.0,2016-04-18,True,Monday,0,7,1,Sedentary,68.0,0.07623318385650224,11.0,0.7170474516695958,31
4319703577,2016-04-19,8925.0,5.98999977111816,5.98999977111816,0.0,0.0,0.0,5.98999977111816,0.0,0.0,0.0,311.0,604.0,2200.0,2016-04-19,True,Tuesday,0,8,2,Somewhat active,311.0,0.33989071038251367,0.0,0.24649859943977592,31
4319703577,2016-04-20,8954.0,6.01000022888184,6.01000022888184,0.0,0.0,0.680000007152557,5.30999994277954,0.0,0.0,18.0,306.0,671.0,2220.0,2016-04-20,True,Wednesday,0,9,2,Somewhat active,324.0,0.3256281407035176,18.0,0.24793388429752067,31
4319703577,2016-04-21,3702.0,2.48000001907349,2.48000001907349,0.0,0.0,0.0,0.349999994039536,0.0,0.0,0.0,34.0,1265.0,1792.0,2016-04-21,True,Thursday,0,10,2,Sedentary,34.0,0.02617397998460354,0.0,0.48406266882766075,31
4319703577,2016-04-22,4500.0,3.01999998092651,3.01999998092651,0.0,0.0599999986588955,0.810000002384186,2.15000009536743,0.0,1.0,19.0,176.0,709.0,1886.0,2016-04-22,True,Friday,0,11,2,Sedentary,196.0,0.2165745856353591,21.0,0.4191111111111111,31
4319703577,2016-04-23,4935.0,3.30999994277954,3.30999994277954,0.0,0.0,0.0,3.30999994277954,0.0,0.0,0.0,233.0,546.0,1945.0,2016-04-23,True,Saturday,1,12,2,Sedentary,233.0,0.2991014120667522,0.0,0.3941236068895643,31
4319703577,2016-04-24,4081.0,2.74000000953674,2.74000000953674,0.0,0.0599999986588955,0.200000002980232,2.47000002861023,0.0,1.0,5.0,191.0,692.0,1880.0,2016-04-24,True,Sunday,1,13,2,Sedentary,197.0,0.2215973003374578,7.0,0.46067140406763046,31
4319703577,2016-04-25,9259.0,6.21000003814697,6.21000003814697,0.0,0.0,0.280000001192093,5.92999982833862,0.0,0.0,8.0,390.0,544.0,2314.0,2016-04-25,True,Monday,0,14,2,Somewhat active,398.0,0.42250530785562634,8.0,0.2499189977319365,31
4319703577,2016-04-26,9899.0,6.6399998664856,6.6399998664856,0.0,0.569999992847443,0.920000016689301,5.15000009536743,0.0,8.0,21.0,288.0,649.0,2236.0,2016-04-26,True,Tuesday,0,15,3,Somewhat active,317.0,0.3281573498964803,37.0,0.22588140216183453,31
4319703577,2016-04-27,10780.0,7.23000001907349,7.23000001907349,0.0,0.409999996423721,1.91999995708466,4.90999984741211,0.0,6.0,47.0,300.0,680.0,2324.0,2016-04-27,True,Wednesday,0,16,3,Active,353.0,0.34172313649564373,59.0,0.21558441558441557,31
4319703577,2016-04-28,10817.0,7.28000020980835,7.28000020980835,0.0,1.00999999046326,0.330000013113022,5.94000005722046,0.0,13.0,8.0,359.0,552.0,2367.0,2016-04-28,True,Thursday,0,17,3,Active,380.0,0.40772532188841204,34.0,0.21882222427660164,31
4319703577,2016-04-29,7990.0,5.3600001335144,5.3600001335144,0.0,0.449999988079071,0.790000021457672,4.11999988555908,0.0,6.0,18.0,289.0,624.0,2175.0,2016-04-29,True,Friday,0,18,3,Somewhat active,313.0,0.33404482390608325,30.0,0.27221526908635796,31
4319703577,2016-04-30,8221.0,5.51999998092651,5.51999998092651,0.0,0.400000005960464,1.61000001430511,3.50999999046326,0.0,6.0,38.0,196.0,695.0,2092.0,2016-04-30,True,Saturday,1,19,3,Somewhat active,240.0,0.25668449197860965,50.0,0.2544702590925678,31
4319703577,2016-05-01,1251.0,0.839999973773956,0.839999973773956,0.0,0.0,0.0,0.839999973773956,0.0,0.0,0.0,67.0,836.0,1593.0,2016-05-01,True,Sunday,1,20,3,Sedentary,67.0,0.07419712070874862,0.0,1.2733812949640289,31
4319703577,2016-05-02,9261.0,6.23999977111816,6.23999977111816,0.0,0.0,0.439999997615814,5.71000003814697,0.0,0.0,11.0,344.0,585.0,2270.0,2016-05-02,True,Monday,0,21,3,Somewhat active,355.0,0.3776595744680851,11.0,0.24511391858330633,31
4319703577,2016-05-03,9648.0,6.46999979019165,6.46999979019165,0.0,0.579999983310699,1.07000005245209,4.82999992370605,0.0,8.0,26.0,287.0,669.0,2235.0,2016-05-03,True,Tuesday,0,22,4,Somewhat active,321.0,0.3242424242424242,42.0,0.2316542288557214,31
4319703577,2016-05-04,10429.0,7.01999998092651,7.01999998092651,0.0,0.589999973773956,0.579999983310699,5.84999990463257,0.0,8.0,13.0,313.0,1106.0,2282.0,2016-05-04,True,Wednesday,0,23,4,Active,334.0,0.23194444444444445,29.0,0.21881292549621248,31
4319703577,2016-05-05,13658.0,9.48999977111816,9.48999977111816,0.0,2.63000011444092,1.4099999666214,5.44999980926514,0.0,27.0,34.0,328.0,957.0,2530.0,2016-05-05,True,Thursday,0,24,4,Highly active,389.0,0.2890044576523031,88.0,0.18523942012007616,31
4319703577,2016-05-06,9524.0,6.42000007629395,6.42000007629395,0.0,0.409999996423721,0.469999998807907,5.46000003814697,0.0,6.0,11.0,314.0,692.0,2266.0,2016-05-06,True,Friday,0,25,4,Somewhat active,331.0,0.3235581622678397,23.0,0.2379252414951701,31
4319703577,2016-05-07,7937.0,5.32999992370605,5.32999992370605,0.0,0.189999997615814,1.04999995231628,4.07999992370605,0.0,3.0,28.0,279.0,586.0,2158.0,2016-05-07,True,Saturday,1,26,4,Somewhat active,310.0,0.34598214285714285,34.0,0.27189114274914955,31
4319703577,2016-05-08,3672.0,2.46000003814697,2.46000003814697,0.0,0.0,0.0,2.46000003814697,0.0,0.0,0.0,153.0,603.0,1792.0,2016-05-08,True,Sunday,1,27,4,Sedentary,153.0,0.20238095238095238,0.0,0.4880174291938998,31
4319703577,2016-05-09,10378.0,6.96000003814697,6.96000003814697,0.0,0.140000000596046,0.560000002384186,6.25,0.0,2.0,14.0,374.0,490.0,2345.0,2016-05-09,True,Monday,0,28,4,Active,390.0,0.4431818181818182,18.0,0.22595875891308537,31
4319703577,2016-05-10,9487.0,6.36999988555908,6.36999988555908,0.0,0.209999993443489,0.46000000834465,5.69999980926514,0.0,3.0,12.0,329.0,555.0,2260.0,2016-05-10,True,Tuesday,0,29,5,Somewhat active,344.0,0.38264738598442716,18.0,0.23822072309476125,31
4319703577,2016-05-11,9129.0,6.13000011444092,6.13000011444092,0.0,0.200000002980232,0.740000009536743,5.17999982833862,0.0,3.0,18.0,311.0,574.0,2232.0,2016-05-11,True,Wednesday,0,30,5,Somewhat active,332.0,0.36644591611479027,24.0,0.24449556358856392,31
4388161847,2016-04-13,10993.0,8.44999980926514,8.44999980926514,0.0,0.0599999986588955,0.629999995231628,3.88000011444092,0.0,1.0,14.0,150.0,1275.0,3092.0,2016-04-13,True,Wednesday,0,2,1,Active,165.0,0.11458333333333333,16.0,0.28126989902665334,31
4388161847,2016-04-14,8863.0,6.82000017166138,6.82000017166138,0.0,0.129999995231628,1.07000005245209,5.61999988555908,0.0,10.0,35.0,219.0,945.0,2998.0,2016-04-14,True,Thursday,0,3,1,Somewhat active,264.0,0.21836228287841192,55.0,0.3382601827823536,31
4388161847,2016-04-15,8758.0,6.73000001907349,6.73000001907349,0.0,0.0,0.0,6.73000001907349,0.0,0.0,0.0,299.0,837.0,3066.0,2016-04-15,True,Friday,0,4,1,Somewhat active,299.0,0.2632042253521127,0.0,0.35007992692395523,31
4388161847,2016-04-16,6580.0,5.05999994277954,5.05999994277954,0.0,0.209999993443489,0.400000005960464,4.44999980926514,0.0,6.0,9.0,253.0,609.0,3073.0,2016-04-16,True,Saturday,1,5,1,Low active,268.0,0.3055872291904219,21.0,0.46702127659574466,31
4388161847,2016-04-17,4660.0,3.57999992370605,3.57999992370605,0.0,0.0,0.0,3.57999992370605,0.0,0.0,0.0,201.0,721.0,2572.0,2016-04-17,True,Sunday,1,6,1,Sedentary,201.0,0.21800433839479394,0.0,0.551931330472103,31
4388161847,2016-04-18,11009.0,9.10000038146973,9.10000038146973,0.0,3.55999994277954,0.400000005960464,5.1399998664856,0.0,27.0,8.0,239.0,1017.0,3274.0,2016-04-18,True,Monday,0,7,1,Active,274.0,0.21223857474825716,62.0,0.29739304205649925,31
4388161847,2016-04-19,10181.0,7.82999992370605,7.82999992370605,0.0,1.37000000476837,0.689999997615814,5.76999998092651,0.0,20.0,16.0,249.0,704.0,3015.0,2016-04-19,True,Tuesday,0,8,2,Active,285.0,0.28816986855409504,56.0,0.29613986838228074,31
4388161847,2016-04-20,10553.0,8.11999988555908,8.11999988555908,0.0,1.10000002384186,1.72000002861023,5.28999996185303,0.0,19.0,42.0,228.0,696.0,3083.0,2016-04-20,True,Wednesday,0,9,2,Active,289.0,0.2934010152284264,80.0,0.29214441391073626,31
4388161847,2016-04-21,10055.0,7.73000001907349,7.73000001907349,0.0,0.370000004768372,0.389999985694885,6.98000001907349,0.0,7.0,12.0,272.0,853.0,3069.0,2016-04-21,True,Thursday,0,10,2,Active,291.0,0.2543706293706294,26.0,0.30522128294380907,31
4388161847,2016-04-22,12139.0,9.34000015258789,9.34000015258789,0.0,3.29999995231628,1.11000001430511,4.92000007629395,0.0,77.0,25.0,220.0,945.0,3544.0,2016-04-22,True,Friday,0,11,2,Active,322.0,0.2541436464088398,179.0,0.2919515610841091,31
4388161847,2016-04-23,13236.0,10.1800003051758,10.1800003051758,0.0,4.5,0.319999992847443,5.34999990463257,0.0,58.0,5.0,215.0,749.0,3306.0,2016-04-23,True,Saturday,1,12,2,Highly active,278.0,0.27069133398247325,121.0,0.2497733454215775,31
4388161847,2016-04-24,10243.0,7.88000011444092,7.88000011444092,0.0,1.08000004291534,0.509999990463257,6.30000019073486,0.0,14.0,8.0,239.0,584.0,2885.0,2016-04-24,True,Sunday,1,13,2,Active,261.0,0.3088757396449704,36.0,0.28165576491262323,31
4388161847,2016-04-25,12961.0,9.97000026702881,9.97000026702881,0.0,0.730000019073486,1.39999997615814,7.84000015258789,0.0,11.0,31.0,301.0,1054.0,3288.0,2016-04-25,True,Monday,0,14,2,Highly active,343.0,0.2455261274158912,53.0,0.25368412931101,31
4388161847,2016-04-26,9461.0,7.28000020980835,7.28000020980835,0.0,0.939999997615814,1.05999994277954,5.26999998092651,0.0,14.0,23.0,224.0,673.0,2929.0,2016-04-26,True,Tuesday,0,15,3,Somewhat active,261.0,0.27944325481798715,51.0,0.3095867244477328,31
4388161847,2016-04-27,11193.0,8.60999965667725,8.60999965667725,0.0,0.699999988079071,2.50999999046326,5.3899998664856,0.0,11.0,48.0,241.0,684.0,3074.0,2016-04-27,True,Wednesday,0,16,3,Active,300.0,0.3048780487804878,70.0,0.27463593317251855,31
4388161847,2016-04-28,10074.0,7.75,7.75,0.0,1.28999996185303,0.430000007152557,6.03000020980835,0.0,19.0,9.0,234.0,878.0,2969.0,2016-04-28,True,Thursday,0,17,3,Active,262.0,0.22982456140350876,47.0,0.294719078816756,31
4388161847,2016-04-29,9232.0,7.09999990463257,7.09999990463257,0.0,0.800000011920929,0.889999985694885,5.42000007629395,0.0,13.0,16.0,236.0,1175.0,2979.0,2016-04-29,True,Friday,0,18,3,Somewhat active,265.0,0.1840277777777778,42.0,0.3226819757365685,31
4388161847,2016-04-30,12533.0,9.64000034332275,9.64000034332275,0.0,0.699999988079071,2.0,6.94000005722046,0.0,14.0,43.0,300.0,537.0,3283.0,2016-04-30,True,Saturday,1,19,3,Highly active,357.0,0.39932885906040266,71.0,0.26194845607595946,31
4388161847,2016-05-01,10255.0,7.8899998664856,7.8899998664856,0.0,1.00999999046326,0.680000007152557,6.19999980926514,0.0,12.0,15.0,241.0,579.0,2926.0,2016-05-01,True,Sunday,1,20,3,Active,268.0,0.31641086186540734,39.0,0.28532423208191127,31
4388161847,2016-05-02,10096.0,8.39999961853027,8.39999961853027,0.0,3.76999998092651,0.0799999982118607,4.55000019073486,0.0,33.0,4.0,204.0,935.0,3147.0,2016-05-02,True,Monday,0,21,3,Active,241.0,0.20493197278911565,70.0,0.31170760697305866,31
4388161847,2016-05-03,12727.0,9.78999996185303,9.78999996185303,0.0,1.12999999523163,0.779999971389771,7.88000011444092,0.0,18.0,18.0,306.0,984.0,3290.0,2016-05-03,True,Tuesday,0,22,4,Highly active,342.0,0.2579185520361991,54.0,0.2585055394044158,31
4388161847,2016-05-04,12375.0,9.52000045776367,9.52000045776367,0.0,2.78999996185303,0.930000007152557,5.80000019073486,0.0,35.0,21.0,251.0,632.0,3162.0,2016-05-04,True,Wednesday,0,23,4,Active,307.0,0.32694355697550587,91.0,0.25551515151515153,31
4388161847,2016-05-05,9603.0,7.38000011444092,7.38000011444092,0.0,0.629999995231628,1.66999995708466,5.09000015258789,0.0,12.0,39.0,199.0,896.0,2899.0,2016-05-05,True,Thursday,0,24,4,Somewhat active,250.0,0.2181500872600349,63.0,0.30188482765802355,31
4388161847,2016-05-06,13175.0,10.1300001144409,10.1300001144409,0.0,2.10999989509583,2.08999991416931,5.92999982833862,0.0,33.0,45.0,262.0,1100.0,3425.0,2016-05-06,True,Friday,0,25,4,Highly active,340.0,0.2361111111111111,111.0,0.25996204933586337,31
4388161847,2016-05-07,22770.0,17.5400009155273,17.5400009155273,0.0,9.44999980926514,2.76999998092651,5.32999992370605,0.0,120.0,56.0,260.0,508.0,4022.0,2016-05-07,True,Saturday,1,26,4,Highly active,436.0,0.461864406779661,296.0,0.17663592446201143,31
4388161847,2016-05-08,17298.0,14.3800001144409,14.3800001144409,0.0,9.89000034332275,1.25999999046326,3.23000001907349,0.0,107.0,38.0,178.0,576.0,3934.0,2016-05-08,True,Sunday,1,27,4,Highly active,323.0,0.3592880978865406,252.0,0.22742513585385593,31
4388161847,2016-05-09,10218.0,7.8600001335144,7.8600001335144,0.0,0.340000003576279,0.730000019073486,6.78999996185303,0.0,6.0,19.0,258.0,1020.0,3013.0,2016-05-09,True,Monday,0,28,4,Active,283.0,0.21719109746738297,31.0,0.2948717948717949,31
4388161847,2016-05-10,10299.0,7.92000007629395,7.92000007629395,0.0,0.810000002384186,0.649999976158142,6.46000003814697,0.0,13.0,14.0,267.0,648.0,3061.0,2016-05-10,True,Tuesday,0,29,5,Active,294.0,0.31210191082802546,40.0,0.29721332168171666,31
4388161847,2016-05-11,10201.0,7.84000015258789,7.84000015258789,0.0,0.529999971389771,0.790000021457672,6.53000020980835,0.0,8.0,18.0,256.0,858.0,2954.0,2016-05-11,True,Wednesday,0,30,5,Active,282.0,0.24736842105263157,34.0,0.2895794529948044,31
4388161847,2016-05-12,3369.0,2.58999991416931,2.58999991416931,0.0,0.0,0.0,2.58999991416931,0.0,0.0,0.0,108.0,825.0,1623.0,2016-05-12,True,Thursday,0,31,5,Sedentary,108.0,0.1157556270096463,0.0,0.4817453250222618,31
4445114986,2016-04-12,3276.0,2.20000004768372,2.20000004768372,0.0,0.0,0.0,2.20000004768372,0.0,0.0,0.0,196.0,787.0,2113.0,2016-04-12,True,Tuesday,0,1,1,Sedentary,196.0,0.19938962360122076,0.0,0.644993894993895,31
4445114986,2016-04-13,2961.0,1.99000000953674,1.99000000953674,0.0,0.0,0.0,1.99000000953674,0.0,0.0,0.0,194.0,840.0,2095.0,2016-04-13,True,Wednesday,0,2,1,Sedentary,194.0,0.18762088974854932,0.0,0.707531239446133,31
4445114986,2016-04-14,3974.0,2.67000007629395,2.67000007629395,0.0,0.0,0.0,2.67000007629395,0.0,0.0,0.0,231.0,717.0,2194.0,2016-04-14,True,Thursday,0,3,1,Sedentary,231.0,0.24367088607594936,0.0,0.5520885757423251,31
4445114986,2016-04-15,7198.0,4.82999992370605,4.82999992370605,0.0,0.0,0.0,4.82999992370605,0.0,0.0,0.0,350.0,711.0,2496.0,2016-04-15,True,Friday,0,4,1,Low active,350.0,0.3298774740810556,0.0,0.3467629897193665,31
4445114986,2016-04-16,3945.0,2.65000009536743,2.65000009536743,0.0,0.0,0.0,2.65000009536743,0.0,0.0,0.0,225.0,716.0,2180.0,2016-04-16,True,Saturday,1,5,1,Sedentary,225.0,0.23910733262486716,0.0,0.5525982256020279,31
4445114986,2016-04-17,2268.0,1.51999998092651,1.51999998092651,0.0,0.0,0.0,1.51999998092651,0.0,0.0,0.0,114.0,1219.0,1933.0,2016-04-17,True,Sunday,1,6,1,Sedentary,114.0,0.08552138034508627,0.0,0.8522927689594356,31
4445114986,2016-04-18,6155.0,4.23999977111816,4.23999977111816,0.0,2.0,0.28999999165535,1.95000004768372,0.0,25.0,6.0,162.0,1247.0,2248.0,2016-04-18,True,Monday,0,7,1,Low active,193.0,0.13402777777777777,56.0,0.3652315190901706,31
4445114986,2016-04-19,2064.0,1.38999998569489,1.38999998569489,0.0,0.0,0.0,1.38999998569489,0.0,0.0,0.0,121.0,895.0,1954.0,2016-04-19,True,Tuesday,0,8,2,Sedentary,121.0,0.11909448818897637,0.0,0.9467054263565892,31
4445114986,2016-04-20,2072.0,1.38999998569489,1.38999998569489,0.0,0.0,0.0,1.38999998569489,0.0,0.0,0.0,137.0,841.0,1974.0,2016-04-20,True,Wednesday,0,9,2,Sedentary,137.0,0.14008179959100203,0.0,0.9527027027027027,31
4445114986,2016-04-21,3809.0,2.55999994277954,2.55999994277954,0.0,0.0,0.0,2.53999996185303,0.0,0.0,0.0,215.0,756.0,2150.0,2016-04-21,True,Thursday,0,10,2,Sedentary,215.0,0.22142121524201855,0.0,0.5644526122341822,31
4445114986,2016-04-22,6831.0,4.57999992370605,4.57999992370605,0.0,0.0,0.0,4.57999992370605,0.0,0.0,0.0,317.0,706.0,2432.0,2016-04-22,True,Friday,0,11,2,Low active,317.0,0.3098729227761486,0.0,0.35602400819792124,31
4445114986,2016-04-23,4363.0,2.9300000667572,2.9300000667572,0.0,0.0,0.0,2.9300000667572,0.0,0.0,0.0,201.0,1239.0,2149.0,2016-04-23,True,Saturday,1,12,2,Sedentary,201.0,0.13958333333333334,0.0,0.4925509970203988,31
4445114986,2016-04-24,5002.0,3.35999989509583,3.35999989509583,0.0,0.0,0.0,3.35999989509583,0.0,0.0,0.0,244.0,1196.0,2247.0,2016-04-24,True,Sunday,1,13,2,Low active,244.0,0.16944444444444445,0.0,0.4492203118752499,31
4445114986,2016-04-25,3385.0,2.26999998092651,2.26999998092651,0.0,0.0,0.0,2.26999998092651,0.0,0.0,0.0,179.0,916.0,2070.0,2016-04-25,True,Monday,0,14,2,Sedentary,179.0,0.1634703196347032,0.0,0.6115214180206795,31
4445114986,2016-04-26,6326.0,4.40999984741211,4.40999984741211,0.0,2.41000008583069,0.0399999991059303,1.96000003814697,0.0,29.0,1.0,180.0,839.0,2291.0,2016-04-26,True,Tuesday,0,15,3,Low active,210.0,0.2001906577693041,59.0,0.3621561808409738,31
4445114986,2016-04-27,7243.0,5.03000020980835,5.03000020980835,0.0,2.61999988555908,0.0299999993294477,2.38000011444092,0.0,32.0,1.0,194.0,839.0,2361.0,2016-04-27,True,Wednesday,0,16,3,Low active,227.0,0.2129455909943715,65.0,0.32596990197432,31
4445114986,2016-04-28,4493.0,3.00999999046326,3.00999999046326,0.0,0.0,0.0,3.00999999046326,0.0,0.0,0.0,236.0,762.0,2203.0,2016-04-28,True,Thursday,0,17,3,Sedentary,236.0,0.23647294589178355,0.0,0.49031827286890717,31
4445114986,2016-04-29,4676.0,3.14000010490417,3.14000010490417,0.0,0.0,0.0,3.13000011444092,0.0,0.0,0.0,226.0,1106.0,2196.0,2016-04-29,True,Friday,0,18,3,Sedentary,226.0,0.16966966966966968,0.0,0.4696321642429427,31
4445114986,2016-04-30,6222.0,4.17999982833862,4.17999982833862,0.0,0.0,0.0,4.17999982833862,0.0,0.0,0.0,290.0,797.0,2363.0,2016-04-30,True,Saturday,1,19,3,Low active,290.0,0.2667893284268629,0.0,0.3797814207650273,31
4445114986,2016-05-01,5232.0,3.50999999046326,3.50999999046326,0.0,0.0,0.0,3.50999999046326,0.0,0.0,0.0,240.0,741.0,2246.0,2016-05-01,True,Sunday,1,20,3,Low active,240.0,0.24464831804281345,0.0,0.42928134556574926,31
4445114986,2016-05-02,6910.0,4.75,4.75,0.0,2.21000003814697,0.189999997615814,2.34999990463257,0.0,27.0,4.0,200.0,667.0,2336.0,2016-05-02,True,Monday,0,21,3,Low active,231.0,0.2572383073496659,58.0,0.33806078147612156,31
4445114986,2016-05-03,7502.0,5.17999982833862,5.17999982833862,0.0,2.48000001907349,0.109999999403954,2.57999992370605,0.0,30.0,2.0,233.0,725.0,2421.0,2016-05-03,True,Tuesday,0,22,4,Somewhat active,265.0,0.2676767676767677,62.0,0.32271394294854705,31
4445114986,2016-05-04,2923.0,1.96000003814697,1.96000003814697,0.0,0.0,0.0,1.96000003814697,0.0,0.0,0.0,180.0,897.0,2070.0,2016-05-04,True,Wednesday,0,23,4,Sedentary,180.0,0.1671309192200557,0.0,0.708176530961341,31
4445114986,2016-05-05,3800.0,2.54999995231628,2.54999995231628,0.0,0.119999997317791,0.239999994635582,2.1800000667572,0.0,2.0,6.0,185.0,734.0,2120.0,2016-05-05,True,Thursday,0,24,4,Sedentary,193.0,0.20819848975188782,10.0,0.5578947368421052,31
4445114986,2016-05-06,4514.0,3.02999997138977,3.02999997138977,0.0,0.0,0.0,3.02999997138977,0.0,0.0,0.0,229.0,809.0,2211.0,2016-05-06,True,Friday,0,25,4,Sedentary,229.0,0.220616570327553,0.0,0.4898094816127603,31
4445114986,2016-05-07,5183.0,3.58999991416931,3.58999991416931,0.0,2.13000011444092,0.189999997615814,1.25,0.0,26.0,4.0,108.0,866.0,2123.0,2016-05-07,True,Saturday,1,26,4,Low active,138.0,0.13745019920318724,56.0,0.4096083349411538,31
4445114986,2016-05-08,7303.0,4.90000009536743,4.90000009536743,0.0,0.0,0.25,4.65000009536743,0.0,0.0,8.0,308.0,733.0,2423.0,2016-05-08,True,Sunday,1,27,4,Low active,316.0,0.30123927550047663,8.0,0.33178145967410655,31
4445114986,2016-05-09,5275.0,3.53999996185303,3.53999996185303,0.0,0.0,0.0,3.53999996185303,0.0,0.0,0.0,266.0,641.0,2281.0,2016-05-09,True,Monday,0,28,4,Low active,266.0,0.2932745314222712,0.0,0.4324170616113744,31
4445114986,2016-05-10,3915.0,2.63000011444092,2.63000011444092,0.0,0.0,0.0,2.63000011444092,0.0,0.0,0.0,231.0,783.0,2181.0,2016-05-10,True,Tuesday,0,29,5,Sedentary,231.0,0.22781065088757396,0.0,0.557088122605364,31
4445114986,2016-05-11,9105.0,6.1100001335144,6.1100001335144,0.0,2.25,1.0,2.85999989509583,0.0,34.0,22.0,232.0,622.0,2499.0,2016-05-11,True,Wednesday,0,30,5,Somewhat active,288.0,0.31648351648351647,90.0,0.2744645799011532,31
4445114986,2016-05-12,768.0,0.519999980926514,0.519999980926514,0.0,0.0,0.0,0.519999980926514,0.0,0.0,0.0,58.0,380.0,1212.0,2016-05-12,True,Thursday,0,31,5,Sedentary,58.0,0.1324200913242009,0.0,1.578125,31
4558609924,2016-04-12,5135.0,3.39000010490417,3.39000010490417,0.0,0.0,0.0,3.39000010490417,0.0,0.0,0.0,318.0,1122.0,1909.0,2016-04-12,True,Tuesday,0,1,1,Low active,318.0,0.22083333333333333,0.0,0.37176241480038946,31
4558609924,2016-04-13,4978.0,3.28999996185303,3.28999996185303,0.0,1.24000000953674,0.439999997615814,1.61000001430511,0.0,19.0,7.0,127.0,1287.0,1722.0,2016-04-13,True,Wednesday,0,2,1,Sedentary,153.0,0.10625,45.0,0.3459220570510245,31
4558609924,2016-04-14,6799.0,4.48999977111816,4.48999977111816,0.0,0.0,0.0,4.48999977111816,0.0,0.0,0.0,279.0,1161.0,1922.0,2016-04-14,True,Thursday,0,3,1,Low active,279.0,0.19375,0.0,0.2826886306809825,31
4558609924,2016-04-15,7795.0,5.15000009536743,5.15000009536743,0.0,0.589999973773956,0.839999973773956,3.73000001907349,0.0,17.0,30.0,262.0,1131.0,2121.0,2016-04-15,True,Friday,0,4,1,Somewhat active,309.0,0.21458333333333332,64.0,0.27209749839640796,31
4558609924,2016-04-16,7289.0,4.82000017166138,4.82000017166138,0.0,0.550000011920929,0.75,3.5,0.0,8.0,12.0,308.0,1112.0,1997.0,2016-04-16,True,Saturday,1,5,1,Low active,328.0,0.22777777777777777,28.0,0.27397448209630954,31
4558609924,2016-04-17,9634.0,6.40000009536743,6.40000009536743,0.0,0.550000011920929,1.13999998569489,4.71000003814697,0.0,7.0,19.0,304.0,1110.0,2117.0,2016-04-17,True,Sunday,1,6,1,Somewhat active,330.0,0.22916666666666666,33.0,0.219742578368279,31
4558609924,2016-04-18,8940.0,5.90999984741211,5.90999984741211,0.0,0.980000019073486,0.930000007152557,4.0,0.0,14.0,15.0,331.0,1080.0,2116.0,2016-04-18,True,Monday,0,7,1,Somewhat active,360.0,0.25,43.0,0.2366890380313199,31
4558609924,2016-04-19,5401.0,3.5699999332428,3.5699999332428,0.0,0.0500000007450581,0.360000014305115,3.16000008583069,0.0,1.0,9.0,248.0,1182.0,1876.0,2016-04-19,True,Tuesday,0,8,2,Low active,258.0,0.17916666666666667,11.0,0.34734308461396035,31
4558609924,2016-04-20,4803.0,3.17000007629395,3.17000007629395,0.0,0.0,0.0,3.17000007629395,0.0,0.0,0.0,222.0,1218.0,1788.0,2016-04-20,True,Wednesday,0,9,2,Sedentary,222.0,0.15416666666666667,0.0,0.37226733291692693,31
4558609924,2016-04-21,13743.0,9.07999992370605,9.07999992370605,0.0,0.419999986886978,0.970000028610229,7.69999980926514,0.0,6.0,21.0,432.0,844.0,2486.0,2016-04-21,True,Thursday,0,10,2,Highly active,459.0,0.3522640061396777,33.0,0.18089209051880958,31
4558609924,2016-04-22,9601.0,6.34999990463257,6.34999990463257,0.0,1.37000000476837,1.5,3.47000002861023,0.0,20.0,25.0,273.0,1122.0,2094.0,2016-04-22,True,Friday,0,11,2,Somewhat active,318.0,0.22083333333333333,65.0,0.21810228101239454,31
4558609924,2016-04-23,6890.0,4.55000019073486,4.55000019073486,0.0,0.340000003576279,0.200000002980232,4.01000022888184,0.0,5.0,5.0,308.0,1122.0,2085.0,2016-04-23,True,Saturday,1,12,2,Low active,318.0,0.22083333333333333,15.0,0.3026124818577649,31
4558609924,2016-04-24,8563.0,5.65999984741211,5.65999984741211,0.0,0.0,0.0,5.65000009536743,0.0,0.0,0.0,395.0,1045.0,2173.0,2016-04-24,True,Sunday,1,13,2,Somewhat active,395.0,0.2743055555555556,0.0,0.25376620343337614,31
4558609924,2016-04-25,8095.0,5.34999990463257,5.34999990463257,0.0,0.589999973773956,0.25,4.51000022888184,0.0,18.0,10.0,340.0,993.0,2225.0,2016-04-25,True,Monday,0,14,2,Somewhat active,368.0,0.2703894195444526,46.0,0.27486102532427426,31
4558609924,2016-04-26,9148.0,6.05000019073486,6.05000019073486,0.0,0.430000007152557,2.02999997138977,3.58999991416931,0.0,12.0,41.0,283.0,1062.0,2223.0,2016-04-26,True,Tuesday,0,15,3,Somewhat active,336.0,0.24034334763948498,65.0,0.2430039352864014,31
4558609924,2016-04-27,9557.0,6.32000017166138,6.32000017166138,0.0,1.96000003814697,0.889999985694885,3.46000003814697,0.0,27.0,14.0,312.0,1087.0,2098.0,2016-04-27,True,Wednesday,0,16,3,Somewhat active,353.0,0.24513888888888888,68.0,0.21952495552997803,31
4558609924,2016-04-28,9451.0,6.25,6.25,0.0,0.0199999995529652,0.270000010728836,5.94999980926514,0.0,1.0,11.0,367.0,985.0,2185.0,2016-04-28,True,Thursday,0,17,3,Somewhat active,379.0,0.27785923753665687,13.0,0.23119246640567137,31
4558609924,2016-04-29,7833.0,5.17999982833862,5.17999982833862,0.0,1.01999998092651,1.85000002384186,2.30999994277954,0.0,15.0,29.0,197.0,1096.0,1918.0,2016-04-29,True,Friday,0,18,3,Somewhat active,241.0,0.18025430067314885,59.0,0.2448614834673816,31
4558609924,2016-04-30,10319.0,6.82000017166138,6.82000017166138,0.0,0.469999998807907,1.88999998569489,4.46000003814697,0.0,7.0,29.0,293.0,1111.0,2105.0,2016-04-30,True,Saturday,1,19,3,Active,329.0,0.22847222222222222,43.0,0.20399263494524664,31
4558609924,2016-05-01,3428.0,2.26999998092651,2.26999998092651,0.0,0.0,0.0,2.26999998092651,0.0,0.0,0.0,190.0,1121.0,1692.0,2016-05-01,True,Sunday,1,20,3,Sedentary,190.0,0.14492753623188406,0.0,0.4935822637106184,31
4558609924,2016-05-02,7891.0,5.21999979019165,5.21999979019165,0.0,0.0,0.0,5.21999979019165,0.0,0.0,0.0,383.0,1057.0,2066.0,2016-05-02,True,Monday,0,21,3,Somewhat active,383.0,0.2659722222222222,0.0,0.2618172601698137,31
4558609924,2016-05-03,5267.0,3.48000001907349,3.48000001907349,0.0,0.600000023841858,0.280000001192093,2.59999990463257,0.0,21.0,10.0,237.0,1172.0,1953.0,2016-05-03,True,Tuesday,0,22,4,Low active,268.0,0.18611111111111112,52.0,0.37079931649895576,31
4558609924,2016-05-04,5232.0,3.46000003814697,3.46000003814697,0.0,0.0,0.0,3.46000003814697,0.0,0.0,0.0,252.0,1188.0,1842.0,2016-05-04,True,Wednesday,0,23,4,Low active,252.0,0.175,0.0,0.35206422018348627,31
4558609924,2016-05-05,10611.0,7.01000022888184,7.01000022888184,0.0,1.00999999046326,0.5,5.51000022888184,0.0,14.0,8.0,370.0,1048.0,2262.0,2016-05-05,True,Thursday,0,24,4,Active,392.0,0.2722222222222222,36.0,0.21317500706813683,31
4558609924,2016-05-06,3755.0,2.48000001907349,2.48000001907349,0.0,0.0,0.0,2.48000001907349,0.0,0.0,0.0,202.0,1238.0,1722.0,2016-05-06,True,Friday,0,25,4,Sedentary,202.0,0.14027777777777778,0.0,0.45858854860186415,31
4558609924,2016-05-07,8237.0,5.44000005722046,5.44000005722046,0.0,1.61000001430511,1.0,2.82999992370605,0.0,23.0,16.0,233.0,1116.0,1973.0,2016-05-07,True,Saturday,1,26,4,Somewhat active,272.0,0.19596541786743515,62.0,0.239528954716523,31
4558609924,2016-05-08,6543.0,4.32999992370605,4.32999992370605,0.0,1.79999995231628,0.5,2.01999998092651,0.0,66.0,35.0,238.0,1019.0,2666.0,2016-05-08,True,Sunday,1,27,4,Low active,339.0,0.2496318114874816,167.0,0.4074583524377197,31
4558609924,2016-05-09,11451.0,7.57000017166138,7.57000017166138,0.0,0.430000007152557,1.62000000476837,5.51999998092651,0.0,6.0,30.0,339.0,1065.0,2223.0,2016-05-09,True,Monday,0,28,4,Active,375.0,0.2604166666666667,42.0,0.1941315168980875,31
4558609924,2016-05-10,6435.0,4.25,4.25,0.0,0.740000009536743,1.12000000476837,2.39000010490417,0.0,11.0,18.0,220.0,1191.0,1889.0,2016-05-10,True,Tuesday,0,29,5,Low active,249.0,0.17291666666666666,40.0,0.29355089355089353,31
4558609924,2016-05-11,9108.0,6.01999998092651,6.01999998092651,0.0,0.259999990463257,1.82000005245209,3.94000005722046,0.0,4.0,31.0,324.0,1081.0,2131.0,2016-05-11,True,Wednesday,0,30,5,Somewhat active,359.0,0.24930555555555556,39.0,0.23397013614404918,31
4558609924,2016-05-12,6307.0,4.17000007629395,4.17000007629395,0.0,0.0,0.0,4.17000007629395,0.0,0.0,0.0,247.0,736.0,1452.0,2016-05-12,True,Thursday,0,31,5,Low active,247.0,0.25127161749745675,0.0,0.2302203900428096,31
4702921684,2016-04-12,7213.0,5.88000011444092,5.88000011444092,0.0,0.0,0.0,5.84999990463257,0.0,0.0,0.0,263.0,718.0,2947.0,2016-04-12,True,Tuesday,0,1,1,Low active,263.0,0.26809378185524974,0.0,0.40856786357964786,31
4702921684,2016-04-13,6877.0,5.57999992370605,5.57999992370605,0.0,0.0,0.0,5.57999992370605,0.0,0.0,0.0,258.0,777.0,2898.0,2016-04-13,True,Wednesday,0,2,1,Low active,258.0,0.2492753623188406,0.0,0.4214046822742475,31
4702921684,2016-04-14,7860.0,6.36999988555908,6.36999988555908,0.0,0.0,0.0,6.36999988555908,0.0,0.0,0.0,271.0,772.0,2984.0,2016-04-14,True,Thursday,0,3,1,Somewhat active,271.0,0.2598274209012464,0.0,0.3796437659033079,31
4702921684,2016-04-15,6506.0,5.28000020980835,5.28000020980835,0.0,0.0700000002980232,0.419999986886978,4.78999996185303,0.0,1.0,8.0,256.0,944.0,2896.0,2016-04-15,True,Friday,0,4,1,Low active,265.0,0.21918941273779982,10.0,0.44512757454657237,31
4702921684,2016-04-16,11140.0,9.02999973297119,9.02999973297119,0.0,0.239999994635582,1.25,7.53999996185303,0.0,3.0,24.0,335.0,556.0,3328.0,2016-04-16,True,Saturday,1,5,1,Active,362.0,0.39433551198257083,30.0,0.2987432675044883,31
4702921684,2016-04-17,12692.0,10.289999961853,10.289999961853,0.0,0.959999978542328,3.46000003814697,5.88000011444092,0.0,12.0,66.0,302.0,437.0,3394.0,2016-04-17,True,Sunday,1,6,1,Highly active,380.0,0.46511627906976744,90.0,0.26741254333438386,31
4702921684,2016-04-18,9105.0,7.38000011444092,7.38000011444092,0.0,1.82000005245209,1.49000000953674,4.07000017166138,0.0,22.0,30.0,191.0,890.0,3013.0,2016-04-18,True,Monday,0,7,1,Somewhat active,243.0,0.2144748455428067,74.0,0.33091707852828117,31
4702921684,2016-04-19,6708.0,5.44000005722046,5.44000005722046,0.0,0.879999995231628,0.370000004768372,4.19000005722046,0.0,10.0,8.0,179.0,757.0,2812.0,2016-04-19,True,Tuesday,0,8,2,Low active,197.0,0.20649895178197064,28.0,0.419200954084675,31
4702921684,2016-04-20,8793.0,7.13000011444092,7.13000011444092,0.0,0.159999996423721,1.23000001907349,5.73000001907349,0.0,2.0,29.0,260.0,717.0,3061.0,2016-04-20,True,Wednesday,0,9,2,Somewhat active,291.0,0.28869047619047616,33.0,0.3481178209939725,31
4702921684,2016-04-21,6530.0,5.30000019073486,5.30000019073486,0.0,0.310000002384186,2.04999995231628,2.94000005722046,0.0,4.0,41.0,144.0,901.0,2729.0,2016-04-21,True,Thursday,0,10,2,Low active,189.0,0.17339449541284405,49.0,0.4179173047473201,31
4702921684,2016-04-22,1664.0,1.35000002384186,1.35000002384186,0.0,0.0,0.0,1.35000002384186,0.0,0.0,0.0,72.0,1341.0,2241.0,2016-04-22,True,Friday,0,11,2,Sedentary,72.0,0.050955414012738856,0.0,1.3467548076923077,31
4702921684,2016-04-23,15126.0,12.2700004577637,12.2700004577637,0.0,0.759999990463257,3.24000000953674,8.27000045776367,0.0,9.0,66.0,408.0,469.0,3691.0,2016-04-23,True,Saturday,1,12,2,Highly active,483.0,0.5073529411764706,84.0,0.24401692450085946,31
4702921684,2016-04-24,15050.0,12.2200002670288,12.2200002670288,0.0,1.20000004768372,5.11999988555908,5.88000011444092,0.0,15.0,95.0,281.0,542.0,3538.0,2016-04-24,True,Sunday,1,13,2,Highly active,391.0,0.4190782422293676,125.0,0.23508305647840533,31
4702921684,2016-04-25,9167.0,7.42999982833862,7.42999982833862,0.0,0.490000009536743,0.819999992847443,6.1100001335144,0.0,6.0,15.0,270.0,730.0,3064.0,2016-04-25,True,Monday,0,14,2,Somewhat active,291.0,0.2850146914789422,27.0,0.3342423911857751,31
4702921684,2016-04-26,6108.0,4.94999980926514,4.94999980926514,0.0,0.0700000002980232,0.349999994039536,4.53999996185303,0.0,1.0,8.0,216.0,765.0,2784.0,2016-04-26,True,Tuesday,0,15,3,Low active,225.0,0.22727272727272727,10.0,0.45579567779960706,31
4702921684,2016-04-27,7047.0,5.71999979019165,5.71999979019165,0.0,0.0900000035762787,0.800000011920929,4.78000020980835,0.0,1.0,16.0,238.0,733.0,2908.0,2016-04-27,True,Wednesday,0,16,3,Low active,255.0,0.25809716599190285,18.0,0.4126578685965659,31
4702921684,2016-04-28,9023.0,7.32000017166138,7.32000017166138,0.0,1.12999999523163,0.419999986886978,5.76999998092651,0.0,14.0,9.0,232.0,738.0,3033.0,2016-04-28,True,Thursday,0,17,3,Somewhat active,255.0,0.256797583081571,37.0,0.3361409730688241,31
4702921684,2016-04-29,9930.0,8.05000019073486,8.05000019073486,0.0,1.05999994277954,0.920000016689301,6.07000017166138,0.0,12.0,19.0,267.0,692.0,3165.0,2016-04-29,True,Friday,0,18,3,Somewhat active,298.0,0.301010101010101,43.0,0.3187311178247734,31
4702921684,2016-04-30,10144.0,8.22999954223633,8.22999954223633,0.0,0.319999992847443,2.02999997138977,5.88000011444092,0.0,4.0,36.0,263.0,728.0,3115.0,2016-04-30,True,Saturday,1,19,3,Active,303.0,0.2938894277400582,44.0,0.3070780757097792,31
4702921684,2016-05-02,7245.0,5.92000007629395,5.92000007629395,0.0,0.379999995231628,1.74000000953674,3.75999999046326,0.0,5.0,40.0,195.0,1131.0,2859.0,2016-05-02,True,Monday,0,21,3,Low active,240.0,0.175054704595186,50.0,0.3946169772256729,31
4702921684,2016-05-03,9454.0,7.67000007629395,7.67000007629395,0.0,0.0,0.0,7.67000007629395,0.0,0.0,0.0,313.0,729.0,3145.0,2016-05-03,True,Tuesday,0,22,4,Somewhat active,313.0,0.30038387715930903,0.0,0.3326634228897821,31
4702921684,2016-05-04,8161.0,6.61999988555908,6.61999988555908,0.0,0.340000003576279,0.730000019073486,5.53999996185303,0.0,4.0,15.0,251.0,757.0,3004.0,2016-05-04,True,Wednesday,0,23,4,Somewhat active,270.0,0.2629016553067186,23.0,0.36809214557039577,31
4702921684,2016-05-05,8614.0,6.98999977111816,6.98999977111816,0.0,0.670000016689301,0.219999998807907,6.09000015258789,0.0,8.0,5.0,241.0,745.0,3006.0,2016-05-05,True,Thursday,0,24,4,Somewhat active,254.0,0.25425425425425424,21.0,0.3489667982354307,31
4702921684,2016-05-06,6943.0,5.63000011444092,5.63000011444092,0.0,0.0799999982118607,0.660000026226044,4.86999988555908,0.0,1.0,16.0,207.0,682.0,2859.0,2016-05-06,True,Friday,0,25,4,Low active,224.0,0.24724061810154527,18.0,0.41178165058332133,31
4702921684,2016-05-07,14370.0,11.6499996185303,11.6499996185303,0.0,0.370000004768372,2.30999994277954,8.97000026702881,0.0,5.0,46.0,439.0,577.0,3683.0,2016-05-07,True,Saturday,1,26,4,Highly active,490.0,0.4592314901593252,56.0,0.25629784272790535,31
4702921684,2016-05-08,12857.0,10.4300003051758,10.4300003051758,0.0,0.680000007152557,6.21000003814697,3.53999996185303,0.0,9.0,125.0,192.0,1019.0,3287.0,2016-05-08,True,Sunday,1,27,4,Highly active,326.0,0.24237918215613383,143.0,0.2556583962044023,31
4702921684,2016-05-09,8232.0,6.67999982833862,6.67999982833862,0.0,0.0,0.569999992847443,6.09999990463257,0.0,0.0,12.0,253.0,746.0,2990.0,2016-05-09,True,Monday,0,28,4,Somewhat active,265.0,0.26211671612265086,12.0,0.3632167152575316,31
4702921684,2016-05-10,10613.0,8.60999965667725,8.60999965667725,0.0,0.0799999982118607,1.87999999523163,6.65000009536743,0.0,1.0,37.0,262.0,701.0,3172.0,2016-05-10,True,Tuesday,0,29,5,Active,300.0,0.2997002997002997,39.0,0.29887873362856876,31
4702921684,2016-05-11,9810.0,7.96000003814697,7.96000003814697,0.0,0.779999971389771,2.16000008583069,4.98000001907349,0.0,10.0,41.0,235.0,784.0,3069.0,2016-05-11,True,Wednesday,0,30,5,Somewhat active,286.0,0.2672897196261682,61.0,0.3128440366972477,31
4702921684,2016-05-12,2752.0,2.23000001907349,2.23000001907349,0.0,0.0,0.0,2.23000001907349,0.0,0.0,0.0,68.0,241.0,1240.0,2016-05-12,True,Thursday,0,31,5,Sedentary,68.0,0.22006472491909385,0.0,0.45058139534883723,31
5553957443,2016-04-12,11596.0,7.57000017166138,7.57000017166138,0.0,1.37000000476837,0.790000021457672,5.40999984741211,0.0,19.0,13.0,277.0,767.0,2026.0,2016-04-12,True,Tuesday,0,1,1,Active,309.0,0.2871747211895911,51.0,0.17471541911003793,31
5553957443,2016-04-13,4832.0,3.16000008583069,3.16000008583069,0.0,0.0,0.0,3.16000008583069,0.0,0.0,0.0,226.0,647.0,1718.0,2016-04-13,True,Wednesday,0,2,1,Sedentary,226.0,0.2588774341351661,0.0,0.35554635761589404,31
5553957443,2016-04-14,17022.0,11.1199998855591,11.1199998855591,0.0,4.0,2.45000004768372,4.67000007629395,0.0,61.0,41.0,256.0,693.0,2324.0,2016-04-14,True,Thursday,0,3,1,Highly active,358.0,0.340627973358706,163.0,0.13652919750910586,31
5553957443,2016-04-15,16556.0,10.8599996566772,10.8599996566772,0.0,4.15999984741211,1.98000001907349,4.71000003814697,0.0,58.0,38.0,239.0,689.0,2254.0,2016-04-15,True,Friday,0,4,1,Highly active,335.0,0.3271484375,154.0,0.13614399613433195,31
5553957443,2016-04-16,5771.0,3.76999998092651,3.76999998092651,0.0,0.0,0.0,3.76999998092651,0.0,0.0,0.0,288.0,521.0,1831.0,2016-04-16,True,Saturday,1,5,1,Low active,288.0,0.35599505562422745,0.0,0.3172760353491596,31
5553957443,2016-04-17,655.0,0.430000007152557,0.430000007152557,0.0,0.0,0.0,0.430000007152557,0.0,0.0,0.0,46.0,943.0,1397.0,2016-04-17,True,Sunday,1,6,1,Sedentary,46.0,0.046511627906976744,0.0,2.132824427480916,31
5553957443,2016-04-18,3727.0,2.4300000667572,2.4300000667572,0.0,0.0,0.0,2.4300000667572,0.0,0.0,0.0,206.0,622.0,1683.0,2016-04-18,True,Monday,0,7,1,Sedentary,206.0,0.24879227053140096,0.0,0.4515696270458814,31
5553957443,2016-04-19,15482.0,10.1099996566772,10.1099996566772,0.0,4.28000020980835,1.6599999666214,4.17999982833862,0.0,69.0,28.0,249.0,756.0,2284.0,2016-04-19,True,Tuesday,0,8,2,Highly active,346.0,0.3139745916515426,166.0,0.1475261594109288,31
5553957443,2016-04-20,2713.0,1.76999998092651,1.76999998092651,0.0,0.0,0.0,1.76999998092651,0.0,0.0,0.0,148.0,598.0,1570.0,2016-04-20,True,Wednesday,0,9,2,Sedentary,148.0,0.19839142091152814,0.0,0.5786951713969776,31
5553957443,2016-04-21,12346.0,8.0600004196167,8.0600004196167,0.0,2.95000004768372,2.16000008583069,2.96000003814697,0.0,47.0,42.0,177.0,801.0,2066.0,2016-04-21,True,Thursday,0,10,2,Active,266.0,0.2492970946579194,136.0,0.16734164911712296,31
5553957443,2016-04-22,11682.0,7.63000011444092,7.63000011444092,0.0,1.37999999523163,0.629999995231628,5.59999990463257,0.0,25.0,16.0,270.0,781.0,2105.0,2016-04-22,True,Friday,0,11,2,Active,311.0,0.2847985347985348,66.0,0.18019174798835816,31
5553957443,2016-04-23,4112.0,2.69000005722046,2.69000005722046,0.0,0.0,0.0,2.6800000667572,0.0,0.0,0.0,272.0,443.0,1776.0,2016-04-23,True,Saturday,1,12,2,Sedentary,272.0,0.3804195804195804,0.0,0.43190661478599224,31
5553957443,2016-04-24,1807.0,1.17999994754791,1.17999994754791,0.0,0.0,0.0,1.17999994754791,0.0,0.0,0.0,104.0,582.0,1507.0,2016-04-24,True,Sunday,1,13,2,Sedentary,104.0,0.15160349854227406,0.0,0.8339789706696181,31
5553957443,2016-04-25,10946.0,7.19000005722046,7.19000005722046,0.0,2.9300000667572,0.569999992847443,3.69000005722046,0.0,51.0,11.0,201.0,732.0,2033.0,2016-04-25,True,Monday,0,14,2,Active,263.0,0.264321608040201,113.0,0.18572994701260734,31
5553957443,2016-04-26,11886.0,7.76000022888184,7.76000022888184,0.0,2.36999988555908,0.930000007152557,4.46000003814697,0.0,40.0,18.0,238.0,750.0,2093.0,2016-04-26,True,Tuesday,0,15,3,Active,296.0,0.2829827915869981,98.0,0.17608951707891637,31
5553957443,2016-04-27,10538.0,6.88000011444092,6.88000011444092,0.0,1.13999998569489,1.0,4.73999977111816,0.0,16.0,16.0,206.0,745.0,1922.0,2016-04-27,True,Wednesday,0,16,3,Active,238.0,0.24211597151576805,48.0,0.18238754981970012,31
5553957443,2016-04-28,11393.0,7.63000011444092,7.63000011444092,0.0,3.71000003814697,0.75,3.17000007629395,0.0,49.0,13.0,165.0,727.0,1999.0,2016-04-28,True,Thursday,0,17,3,Active,227.0,0.2379454926624738,111.0,0.17545861493899764,31
5553957443,2016-04-29,12764.0,8.32999992370605,8.32999992370605,0.0,2.78999996185303,0.639999985694885,4.90999984741211,0.0,46.0,15.0,270.0,709.0,2169.0,2016-04-29,True,Friday,0,18,3,Highly active,331.0,0.31826923076923075,107.0,0.16993105609526793,31
5553957443,2016-04-30,1202.0,0.779999971389771,0.779999971389771,0.0,0.0,0.0,0.779999971389771,0.0,0.0,0.0,84.0,506.0,1463.0,2016-04-30,True,Saturday,1,19,3,Sedentary,84.0,0.1423728813559322,0.0,1.2171381031613977,31
5553957443,2016-05-01,5164.0,3.36999988555908,3.36999988555908,0.0,0.0,0.0,3.36999988555908,0.0,0.0,0.0,237.0,436.0,1747.0,2016-05-01,True,Sunday,1,20,3,Low active,237.0,0.3521545319465082,0.0,0.33830364058869095,31
5553957443,2016-05-02,9769.0,6.38000011444092,6.38000011444092,0.0,1.05999994277954,0.409999996423721,4.90000009536743,0.0,23.0,9.0,227.0,724.0,1996.0,2016-05-02,True,Monday,0,21,3,Somewhat active,259.0,0.2634791454730417,55.0,0.2043197870815846,31
5553957443,2016-05-03,12848.0,8.39000034332275,8.39000034332275,0.0,1.5,1.20000004768372,5.67999982833862,0.0,26.0,29.0,247.0,812.0,2116.0,2016-05-03,True,Tuesday,0,22,4,Highly active,302.0,0.2710951526032316,81.0,0.16469489414694893,31
5553957443,2016-05-04,4249.0,2.76999998092651,2.76999998092651,0.0,0.0,0.0,2.76999998092651,0.0,0.0,0.0,224.0,651.0,1698.0,2016-05-04,True,Wednesday,0,23,4,Sedentary,224.0,0.256,0.0,0.39962344080960227,31
5553957443,2016-05-05,14331.0,9.51000022888184,9.51000022888184,0.0,3.4300000667572,1.6599999666214,4.42999982833862,0.0,44.0,29.0,241.0,692.0,2156.0,2016-05-05,True,Thursday,0,24,4,Highly active,314.0,0.3121272365805169,117.0,0.15044309538762124,31
5553957443,2016-05-06,9632.0,6.28999996185303,6.28999996185303,0.0,1.51999998092651,0.540000021457672,4.23000001907349,0.0,21.0,9.0,229.0,761.0,1916.0,2016-05-06,True,Friday,0,25,4,Somewhat active,259.0,0.25392156862745097,51.0,0.1989202657807309,31
5553957443,2016-05-07,1868.0,1.22000002861023,1.22000002861023,0.0,0.0,0.0,1.22000002861023,0.0,0.0,0.0,96.0,902.0,1494.0,2016-05-07,True,Saturday,1,26,4,Sedentary,96.0,0.09619238476953908,0.0,0.7997858672376874,31
5553957443,2016-05-08,6083.0,4.0,4.0,0.0,0.219999998807907,0.469999998807907,3.29999995231628,0.0,3.0,8.0,210.0,505.0,1762.0,2016-05-08,True,Sunday,1,27,4,Low active,221.0,0.3044077134986226,14.0,0.2896597073812264,31
5553957443,2016-05-09,11611.0,7.57999992370605,7.57999992370605,0.0,2.13000011444092,0.889999985694885,4.55999994277954,0.0,59.0,22.0,251.0,667.0,2272.0,2016-05-09,True,Monday,0,28,4,Active,332.0,0.33233233233233234,140.0,0.19567651365084834,31
5553957443,2016-05-10,16358.0,10.710000038147,10.710000038147,0.0,3.86999988555908,1.61000001430511,5.19999980926514,0.0,61.0,40.0,265.0,707.0,2335.0,2016-05-10,True,Tuesday,0,29,5,Highly active,366.0,0.34109972041006525,162.0,0.14274361168847047,31
5553957443,2016-05-11,4926.0,3.22000002861023,3.22000002861023,0.0,0.0,0.0,3.22000002861023,0.0,0.0,0.0,195.0,628.0,1693.0,2016-05-11,True,Wednesday,0,30,5,Sedentary,195.0,0.23693803159173754,0.0,0.3436865611043443,31
5553957443,2016-05-12,3121.0,2.03999996185303,2.03999996185303,0.0,0.579999983310699,0.400000005960464,1.05999994277954,0.0,8.0,6.0,48.0,222.0,741.0,2016-05-12,True,Thursday,0,31,5,Sedentary,62.0,0.21830985915492956,22.0,0.237423902595322,31
5577150313,2016-04-12,8135.0,6.07999992370605,6.07999992370605,0.0,3.59999990463257,0.379999995231628,2.09999990463257,0.0,86.0,16.0,140.0,728.0,3405.0,2016-04-12,True,Tuesday,0,1,1,Somewhat active,242.0,0.24948453608247423,188.0,0.4185617701290719,30
5577150313,2016-04-13,5077.0,3.78999996185303,3.78999996185303,0.0,0.319999992847443,0.219999998807907,3.25,0.0,15.0,11.0,144.0,776.0,2551.0,2016-04-13,True,Wednesday,0,2,1,Low active,170.0,0.17970401691331925,41.0,0.5024620839078195,30
5577150313,2016-04-14,8596.0,6.42000007629395,6.42000007629395,0.0,3.32999992370605,0.310000002384186,2.77999997138977,0.0,118.0,30.0,176.0,662.0,4022.0,2016-04-14,True,Thursday,0,3,1,Somewhat active,324.0,0.3286004056795132,266.0,0.4678920428106096,30
5577150313,2016-04-15,12087.0,9.07999992370605,9.07999992370605,0.0,3.92000007629395,1.60000002384186,3.55999994277954,0.0,115.0,54.0,199.0,695.0,4005.0,2016-04-15,True,Friday,0,4,1,Active,368.0,0.34619002822201317,284.0,0.3313477289650037,30
5577150313,2016-04-16,14269.0,10.6599998474121,10.6599998474121,0.0,6.6399998664856,1.27999997138977,2.73000001907349,0.0,184.0,56.0,158.0,472.0,4274.0,2016-04-16,True,Saturday,1,5,1,Highly active,398.0,0.4574712643678161,424.0,0.2995304506272339,30
5577150313,2016-04-17,12231.0,9.14000034332275,9.14000034332275,0.0,5.98000001907349,0.829999983310699,2.3199999332428,0.0,200.0,37.0,159.0,525.0,4552.0,2016-04-17,True,Sunday,1,6,1,Active,396.0,0.42996742671009774,437.0,0.3721690785708446,30
5577150313,2016-04-18,9893.0,7.3899998664856,7.3899998664856,0.0,4.8600001335144,0.720000028610229,1.82000005245209,0.0,114.0,32.0,130.0,623.0,3625.0,2016-04-18,True,Monday,0,7,1,Somewhat active,276.0,0.30700778642936594,260.0,0.36642070150611544,30
5577150313,2016-04-19,12574.0,9.42000007629395,9.42000007629395,0.0,7.01999998092651,0.639999985694885,1.75999999046326,0.0,108.0,23.0,111.0,733.0,3501.0,2016-04-19,True,Tuesday,0,8,2,Highly active,242.0,0.24820512820512822,239.0,0.27843168442818517,30
5577150313,2016-04-20,8330.0,6.21999979019165,6.21999979019165,0.0,4.11999988555908,0.340000003576279,1.75999999046326,0.0,87.0,16.0,113.0,773.0,3192.0,2016-04-20,True,Wednesday,0,9,2,Somewhat active,216.0,0.21840242669362994,190.0,0.3831932773109244,30
5577150313,2016-04-21,10830.0,8.09000015258789,8.09000015258789,0.0,3.65000009536743,1.6599999666214,2.77999997138977,0.0,110.0,74.0,175.0,670.0,4018.0,2016-04-21,True,Thursday,0,10,2,Active,359.0,0.3488824101068999,294.0,0.37100646352723915,30
5577150313,2016-04-22,9172.0,6.84999990463257,6.84999990463257,0.0,2.42000007629395,0.790000021457672,3.29999995231628,0.0,62.0,30.0,200.0,823.0,3329.0,2016-04-22,True,Friday,0,11,2,Somewhat active,292.0,0.26188340807174887,154.0,0.3629524640209333,30
5577150313,2016-04-23,7638.0,5.71000003814697,5.71000003814697,0.0,1.21000003814697,0.360000014305115,4.1399998664856,0.0,24.0,24.0,223.0,627.0,3152.0,2016-04-23,True,Saturday,1,12,2,Somewhat active,271.0,0.30178173719376394,72.0,0.41267347473160515,30
5577150313,2016-04-24,15764.0,11.7799997329712,11.7799997329712,0.0,7.65000009536743,2.15000009536743,1.98000001907349,0.0,210.0,65.0,141.0,425.0,4392.0,2016-04-24,True,Sunday,1,13,2,Highly active,416.0,0.4946492271105826,485.0,0.27860948997716317,30
5577150313,2016-04-25,6393.0,4.78000020980835,4.78000020980835,0.0,1.35000002384186,0.670000016689301,2.75999999046326,0.0,61.0,38.0,214.0,743.0,3374.0,2016-04-25,True,Monday,0,14,2,Low active,313.0,0.29640151515151514,160.0,0.5277647426873142,30
5577150313,2016-04-26,5325.0,3.98000001907349,3.98000001907349,0.0,0.850000023841858,0.649999976158142,2.47000002861023,0.0,38.0,32.0,181.0,759.0,3088.0,2016-04-26,True,Tuesday,0,15,3,Low active,251.0,0.2485148514851485,108.0,0.5799061032863849,30
5577150313,2016-04-27,6805.0,5.1399998664856,5.1399998664856,0.0,1.80999994277954,0.400000005960464,2.9300000667572,0.0,63.0,16.0,190.0,773.0,3294.0,2016-04-27,True,Wednesday,0,16,3,Low active,269.0,0.2581573896353167,142.0,0.4840558412931668,30
5577150313,2016-04-28,9841.0,7.42999982833862,7.42999982833862,0.0,3.25,1.16999995708466,3.00999999046326,0.0,99.0,51.0,141.0,692.0,3580.0,2016-04-28,True,Thursday,0,17,3,Somewhat active,291.0,0.2960325534079349,249.0,0.36378416827558174,30
5577150313,2016-04-29,7924.0,5.92000007629395,5.92000007629395,0.0,2.83999991416931,0.610000014305115,2.47000002861023,0.0,97.0,36.0,165.0,739.0,3544.0,2016-04-29,True,Friday,0,18,3,Somewhat active,298.0,0.28736740597878496,230.0,0.44724886420999493,30
5577150313,2016-04-30,12363.0,9.23999977111816,9.23999977111816,0.0,5.82999992370605,0.790000021457672,2.60999989509583,0.0,207.0,45.0,163.0,621.0,4501.0,2016-04-30,True,Saturday,1,19,3,Active,415.0,0.40057915057915056,459.0,0.364070209496077,30
5577150313,2016-05-01,13368.0,9.98999977111816,9.98999977111816,0.0,5.30999994277954,1.44000005722046,3.24000000953674,0.0,194.0,72.0,178.0,499.0,4546.0,2016-05-01,True,Sunday,1,20,3,Highly active,444.0,0.4708377518557794,460.0,0.34006582884500297,30
5577150313,2016-05-02,7439.0,5.55999994277954,5.55999994277954,0.0,1.12000000476837,0.349999994039536,4.07000017166138,0.0,37.0,20.0,235.0,732.0,3014.0,2016-05-02,True,Monday,0,21,3,Low active,292.0,0.28515625,94.0,0.4051619841376529,30
5577150313,2016-05-03,11045.0,8.25,8.25,0.0,4.51999998092651,0.150000005960464,3.5699999332428,0.0,97.0,8.0,212.0,580.0,3795.0,2016-05-03,True,Tuesday,0,22,4,Active,317.0,0.3534002229654404,202.0,0.34359438660027164,30
5577150313,2016-05-04,5206.0,3.89000010490417,3.89000010490417,0.0,1.55999994277954,0.25,2.07999992370605,0.0,25.0,9.0,141.0,631.0,2755.0,2016-05-04,True,Wednesday,0,23,4,Low active,175.0,0.21712158808933002,59.0,0.5291970802919708,30
5577150313,2016-05-05,7550.0,5.6399998664856,5.6399998664856,0.0,2.5,0.469999998807907,2.67000007629395,0.0,45.0,21.0,143.0,1153.0,3004.0,2016-05-05,True,Thursday,0,24,4,Somewhat active,209.0,0.15345080763582966,111.0,0.39788079470198673,30
5577150313,2016-05-06,4950.0,3.70000004768372,3.70000004768372,0.0,1.92999994754791,0.319999992847443,1.45000004768372,0.0,41.0,16.0,79.0,1304.0,2643.0,2016-05-06,True,Friday,0,25,4,Sedentary,136.0,0.09444444444444444,98.0,0.5339393939393939,30
5577150313,2016-05-09,3421.0,2.55999994277954,2.55999994277954,0.0,1.42999994754791,0.140000000596046,0.990000009536743,0.0,34.0,11.0,70.0,1099.0,2489.0,2016-05-09,True,Monday,0,28,4,Sedentary,115.0,0.09472817133443164,79.0,0.7275650394621456,30
5577150313,2016-05-10,8869.0,6.65000009536743,6.65000009536743,0.0,2.55999994277954,0.75,3.34999990463257,0.0,104.0,37.0,194.0,639.0,3841.0,2016-05-10,True,Tuesday,0,29,5,Somewhat active,335.0,0.34394250513347024,245.0,0.433081519900778,30
5577150313,2016-05-11,4038.0,3.03999996185303,3.03999996185303,0.0,1.83000004291534,0.300000011920929,0.889999985694885,0.0,45.0,15.0,63.0,257.0,1665.0,2016-05-11,True,Wednesday,0,30,5,Sedentary,123.0,0.3236842105263158,105.0,0.41233283803863297,30
6117666160,2016-04-15,14019.0,10.5900001525879,10.5900001525879,0.0,0.0,0.280000001192093,10.3000001907349,0.0,0.0,6.0,513.0,921.0,2865.0,2016-04-15,True,Friday,0,4,1,Highly active,519.0,0.36041666666666666,6.0,0.2043655039589129,28
6117666160,2016-04-16,14450.0,10.9099998474121,10.9099998474121,0.0,0.579999983310699,0.850000023841858,9.47999954223633,0.0,7.0,15.0,518.0,502.0,2828.0,2016-04-16,True,Saturday,1,5,1,Highly active,540.0,0.5182341650671785,29.0,0.19570934256055364,28
6117666160,2016-04-17,7150.0,5.40000009536743,5.40000009536743,0.0,0.0,0.0,5.40000009536743,0.0,0.0,0.0,312.0,702.0,2225.0,2016-04-17,True,Sunday,1,6,1,Low active,312.0,0.3076923076923077,0.0,0.3111888111888112,28
6117666160,2016-04-18,5153.0,3.91000008583069,3.91000008583069,0.0,0.0,0.0,3.89000010490417,0.0,0.0,0.0,241.0,759.0,2018.0,2016-04-18,True,Monday,0,7,1,Low active,241.0,0.241,0.0,0.39161653405783037,28
6117666160,2016-04-19,11135.0,8.40999984741211,8.40999984741211,0.0,0.0,0.0,8.40999984741211,0.0,0.0,0.0,480.0,425.0,2606.0,2016-04-19,True,Tuesday,0,8,2,Active,480.0,0.5303867403314917,0.0,0.2340368208352043,28
6117666160,2016-04-20,10449.0,8.02000045776367,8.02000045776367,0.0,2.02999997138977,0.479999989271164,5.51999998092651,0.0,26.0,10.0,349.0,587.0,2536.0,2016-04-20,True,Wednesday,0,9,2,Active,385.0,0.39609053497942387,62.0,0.24270265097138483,28
6117666160,2016-04-21,19542.0,15.0100002288818,15.0100002288818,0.0,0.980000019073486,0.400000005960464,5.61999988555908,0.0,11.0,19.0,294.0,579.0,4900.0,2016-04-21,True,Thursday,0,10,2,Highly active,324.0,0.3588039867109635,41.0,0.25074199160781907,28
6117666160,2016-04-22,8206.0,6.19999980926514,6.19999980926514,0.0,0.0,0.0,6.19999980926514,0.0,0.0,0.0,402.0,413.0,2409.0,2016-04-22,True,Friday,0,11,2,Somewhat active,402.0,0.49325153374233127,0.0,0.2935656836461126,28
6117666160,2016-04-23,11495.0,8.68000030517578,8.68000030517578,0.0,0.0,0.0,8.68000030517578,0.0,0.0,0.0,512.0,468.0,2651.0,2016-04-23,True,Saturday,1,12,2,Active,512.0,0.5224489795918368,0.0,0.23062200956937798,28
6117666160,2016-04-24,7623.0,5.76000022888184,5.76000022888184,0.0,0.0,0.0,5.76000022888184,0.0,0.0,0.0,362.0,711.0,2305.0,2016-04-24,True,Sunday,1,13,2,Somewhat active,362.0,0.33737185461323393,0.0,0.3023743932834842,28
6117666160,2016-04-26,9543.0,7.21000003814697,7.21000003814697,0.0,0.0,0.340000003576279,6.86999988555908,0.0,0.0,7.0,352.0,1077.0,2450.0,2016-04-26,True,Tuesday,0,15,3,Somewhat active,359.0,0.25,7.0,0.25673268364246044,28
6117666160,2016-04-27,9411.0,7.1100001335144,7.1100001335144,0.0,0.0,0.0,7.1100001335144,0.0,0.0,0.0,458.0,417.0,2576.0,2016-04-27,True,Wednesday,0,16,3,Somewhat active,458.0,0.5234285714285715,0.0,0.27372223993199446,28
6117666160,2016-04-28,3403.0,2.59999990463257,2.59999990463257,0.0,0.0,0.0,2.59999990463257,0.0,0.0,0.0,141.0,758.0,1879.0,2016-04-28,True,Thursday,0,17,3,Sedentary,141.0,0.1568409343715239,0.0,0.552159858947987,28
6117666160,2016-04-29,9592.0,7.23999977111816,7.23999977111816,0.0,0.0,0.0,7.23999977111816,0.0,0.0,0.0,461.0,479.0,2560.0,2016-04-29,True,Friday,0,18,3,Somewhat active,461.0,0.49042553191489363,0.0,0.26688907422852376,28
6117666160,2016-04-30,6987.0,5.28000020980835,5.28000020980835,0.0,0.0,0.0,5.28000020980835,0.0,0.0,0.0,343.0,1040.0,2275.0,2016-04-30,True,Saturday,1,19,3,Low active,343.0,0.2480115690527838,0.0,0.32560469443251755,28
6117666160,2016-05-01,8915.0,6.73000001907349,6.73000001907349,0.0,0.0,0.0,6.73000001907349,0.0,0.0,0.0,397.0,525.0,2361.0,2016-05-01,True,Sunday,1,20,3,Somewhat active,397.0,0.43058568329718006,0.0,0.2648345485137409,28
6117666160,2016-05-02,4933.0,3.73000001907349,3.73000001907349,0.0,0.0,0.0,3.73000001907349,0.0,0.0,0.0,236.0,1204.0,2044.0,2016-05-02,True,Monday,0,21,3,Sedentary,236.0,0.1638888888888889,0.0,0.4143523211027772,28
6117666160,2016-05-04,2997.0,2.25999999046326,2.25999999046326,0.0,0.0,0.0,2.25999999046326,0.0,0.0,0.0,156.0,1279.0,1902.0,2016-05-04,True,Wednesday,0,23,4,Sedentary,156.0,0.10871080139372823,0.0,0.6346346346346347,28
6117666160,2016-05-05,9799.0,7.40000009536743,7.40000009536743,0.0,0.0,0.0,7.40000009536743,0.0,0.0,0.0,487.0,479.0,2636.0,2016-05-05,True,Thursday,0,24,4,Somewhat active,487.0,0.5041407867494824,0.0,0.2690070415348505,28
6117666160,2016-05-06,3365.0,2.6800000667572,2.6800000667572,0.0,0.0,0.0,2.6800000667572,0.0,0.0,0.0,133.0,673.0,1838.0,2016-05-06,True,Friday,0,25,4,Sedentary,133.0,0.16501240694789082,0.0,0.5462109955423476,28
6117666160,2016-05-07,7336.0,5.53999996185303,5.53999996185303,0.0,0.0,0.0,5.53999996185303,0.0,0.0,0.0,412.0,456.0,2469.0,2016-05-07,True,Saturday,1,26,4,Low active,412.0,0.47465437788018433,0.0,0.33655943293347873,28
6117666160,2016-05-08,7328.0,5.53000020980835,5.53000020980835,0.0,0.0,0.0,5.53000020980835,0.0,0.0,0.0,318.0,517.0,2250.0,2016-05-08,True,Sunday,1,27,4,Low active,318.0,0.38083832335329343,0.0,0.3070414847161572,28
6117666160,2016-05-09,4477.0,3.38000011444092,3.38000011444092,0.0,0.0,0.0,3.38000011444092,0.0,0.0,0.0,197.0,125.0,1248.0,2016-05-09,True,Monday,0,28,4,Sedentary,197.0,0.6118012422360248,0.0,0.2787580969399151,28
6290855005,2016-04-12,4562.0,3.45000004768372,3.45000004768372,0.0,0.0,0.0,3.45000004768372,0.0,0.0,0.0,199.0,1241.0,2560.0,2016-04-12,True,Tuesday,0,1,1,Sedentary,199.0,0.13819444444444445,0.0,0.5611573871109162,29
6290855005,2016-04-13,7142.0,5.40000009536743,5.40000009536743,0.0,0.0,0.0,5.3899998664856,0.0099999997764825,0.0,0.0,350.0,1090.0,2905.0,2016-04-13,True,Wednesday,0,2,1,Low active,350.0,0.24305555555555555,0.0,0.40674880985718287,29
6290855005,2016-04-14,7671.0,5.80000019073486,5.80000019073486,0.0,0.0,0.0,5.76999998092651,0.0299999993294477,0.0,0.0,363.0,1077.0,2952.0,2016-04-14,True,Thursday,0,3,1,Somewhat active,363.0,0.2520833333333333,0.0,0.38482596793116935,29
6290855005,2016-04-15,9501.0,7.17999982833862,7.17999982833862,0.0,0.0,0.0,7.17000007629395,0.0099999997764825,0.0,0.0,328.0,1112.0,2896.0,2016-04-15,True,Friday,0,4,1,Somewhat active,328.0,0.22777777777777777,0.0,0.304810019997895,29
6290855005,2016-04-16,8301.0,6.28000020980835,6.28000020980835,0.0,0.0,0.0,6.26999998092651,0.0099999997764825,0.0,0.0,258.0,1182.0,2783.0,2016-04-16,True,Saturday,1,5,1,Somewhat active,258.0,0.17916666666666667,0.0,0.33526081195036744,29
6290855005,2016-04-17,7851.0,5.94000005722046,5.94000005722046,0.0,1.13999998569489,0.790000021457672,4.0,0.0,31.0,12.0,225.0,1172.0,3171.0,2016-04-17,True,Sunday,1,6,1,Somewhat active,268.0,0.18611111111111112,74.0,0.403897592663355,29
6290855005,2016-04-18,6885.0,5.21000003814697,5.21000003814697,0.0,0.0,0.0,5.19000005722046,0.0199999995529652,0.0,0.0,271.0,1169.0,2766.0,2016-04-18,True,Monday,0,7,1,Low active,271.0,0.18819444444444444,0.0,0.4017429193899782,29
6290855005,2016-04-19,7142.0,5.40000009536743,5.40000009536743,0.0,0.0,0.0,5.3899998664856,0.0099999997764825,0.0,0.0,321.0,1119.0,2839.0,2016-04-19,True,Tuesday,0,8,2,Low active,321.0,0.22291666666666668,0.0,0.3975077009241109,29
6290855005,2016-04-20,6361.0,4.80999994277954,4.80999994277954,0.0,0.0,0.0,4.80000019073486,0.0099999997764825,0.0,0.0,258.0,1182.0,2701.0,2016-04-20,True,Wednesday,0,9,2,Low active,258.0,0.17916666666666667,0.0,0.4246187706335482,29
6290855005,2016-04-22,6238.0,4.71999979019165,4.71999979019165,0.0,0.0,0.0,4.71999979019165,0.0,0.0,0.0,302.0,1138.0,2796.0,2016-04-22,True,Friday,0,11,2,Low active,302.0,0.20972222222222223,0.0,0.4482205835203591,29
6290855005,2016-04-24,5896.0,4.46000003814697,4.46000003814697,0.0,0.0,0.0,4.46000003814697,0.0,0.0,0.0,258.0,1182.0,2703.0,2016-04-24,True,Sunday,1,13,2,Low active,258.0,0.17916666666666667,0.0,0.45844640434192674,29
6290855005,2016-04-25,7802.0,5.90000009536743,5.90000009536743,0.0,0.680000007152557,0.180000007152557,5.03000020980835,0.0099999997764825,8.0,3.0,249.0,1180.0,2771.0,2016-04-25,True,Monday,0,14,2,Somewhat active,260.0,0.18055555555555555,19.0,0.3551653422199436,29
6290855005,2016-04-27,5565.0,4.21000003814697,4.21000003814697,0.0,0.0,0.0,4.17999982833862,0.0299999993294477,0.0,0.0,287.0,1153.0,2743.0,2016-04-27,True,Wednesday,0,16,3,Low active,287.0,0.19930555555555557,0.0,0.49290206648697216,29
6290855005,2016-04-28,5731.0,4.32999992370605,4.32999992370605,0.0,0.0,0.0,4.32999992370605,0.0,0.0,0.0,255.0,1185.0,2687.0,2016-04-28,True,Thursday,0,17,3,Low active,255.0,0.17708333333333334,0.0,0.468853603210609,29
6290855005,2016-04-30,6744.0,5.09999990463257,5.09999990463257,0.0,0.0,0.0,5.09000015258789,0.0099999997764825,0.0,0.0,324.0,1116.0,2843.0,2016-04-30,True,Saturday,1,19,3,Low active,324.0,0.225,0.0,0.42155990510083036,29
6290855005,2016-05-01,9837.0,7.44000005722046,7.44000005722046,0.0,0.660000026226044,2.75,4.0,0.0199999995529652,8.0,95.0,282.0,1055.0,3327.0,2016-05-01,True,Sunday,1,20,3,Somewhat active,385.0,0.2673611111111111,111.0,0.33821286977737114,29
6290855005,2016-05-02,6781.0,5.13000011444092,5.13000011444092,0.0,0.0,0.0,5.1100001335144,0.0199999995529652,0.0,0.0,268.0,1172.0,2725.0,2016-05-02,True,Monday,0,21,3,Low active,268.0,0.18611111111111112,0.0,0.4018581330187288,29
6290855005,2016-05-03,6047.0,4.57000017166138,4.57000017166138,0.0,0.0,0.0,4.57000017166138,0.0,0.0,0.0,240.0,1200.0,2671.0,2016-05-03,True,Tuesday,0,22,4,Low active,240.0,0.16666666666666666,0.0,0.44170663138746485,29
6290855005,2016-05-04,5832.0,4.40999984741211,4.40999984741211,0.0,0.0,0.0,4.40000009536743,0.0099999997764825,0.0,0.0,272.0,1168.0,2718.0,2016-05-04,True,Wednesday,0,23,4,Low active,272.0,0.18888888888888888,0.0,0.4660493827160494,29
6290855005,2016-05-05,6339.0,4.78999996185303,4.78999996185303,0.0,0.0,0.0,4.78999996185303,0.0,0.0,0.0,239.0,1201.0,2682.0,2016-05-05,True,Thursday,0,24,4,Low active,239.0,0.16597222222222222,0.0,0.42309512541410316,29
6290855005,2016-05-06,6116.0,4.61999988555908,4.61999988555908,0.0,0.0,0.0,4.59000015258789,0.0299999993294477,0.0,0.0,305.0,1135.0,2806.0,2016-05-06,True,Friday,0,25,4,Low active,305.0,0.21180555555555555,0.0,0.4587965990843689,29
6290855005,2016-05-07,5510.0,4.17000007629395,4.17000007629395,0.0,0.0,0.0,4.15999984741211,0.0,0.0,0.0,227.0,1213.0,2613.0,2016-05-07,True,Saturday,1,26,4,Low active,227.0,0.15763888888888888,0.0,0.47422867513611616,29
6290855005,2016-05-08,7706.0,5.82999992370605,5.82999992370605,0.0,0.0,0.0,5.82000017166138,0.0,0.0,0.0,251.0,1189.0,2712.0,2016-05-08,True,Sunday,1,27,4,Somewhat active,251.0,0.17430555555555555,0.0,0.35193355826628603,29
6290855005,2016-05-09,6277.0,4.75,4.75,0.0,0.0,0.0,4.73000001907349,0.0199999995529652,0.0,0.0,264.0,800.0,2175.0,2016-05-09,True,Monday,0,28,4,Low active,264.0,0.24812030075187969,0.0,0.3465031065795762,29
6775888955,2016-04-13,4053.0,2.91000008583069,2.91000008583069,0.0,1.11000001430511,0.579999983310699,1.22000002861023,0.0,17.0,18.0,85.0,1053.0,2400.0,2016-04-13,True,Wednesday,0,2,1,Sedentary,120.0,0.10230179028132992,52.0,0.5921539600296077,26
6775888955,2016-04-14,5162.0,3.70000004768372,3.70000004768372,0.0,0.870000004768372,0.860000014305115,1.97000002861023,0.0,14.0,24.0,105.0,863.0,2507.0,2016-04-14,True,Thursday,0,3,1,Low active,143.0,0.14214711729622267,52.0,0.48566447113521893,26
6775888955,2016-04-15,1282.0,0.920000016689301,0.920000016689301,0.0,0.0,0.0,0.920000016689301,0.0,0.0,0.0,58.0,976.0,2127.0,2016-04-15,True,Friday,0,4,1,Sedentary,58.0,0.05609284332688588,0.0,1.6591263650546022,26
6775888955,2016-04-16,4732.0,3.39000010490417,3.39000010490417,0.0,2.51999998092651,0.810000002384186,0.0599999986588955,0.0,36.0,18.0,9.0,1377.0,2225.0,2016-04-16,True,Saturday,1,5,1,Sedentary,63.0,0.04375,90.0,0.4702028740490279,26
6775888955,2016-04-17,2497.0,1.78999996185303,1.78999996185303,0.0,0.349999994039536,1.12999999523163,0.310000002384186,0.0,5.0,24.0,19.0,1392.0,2067.0,2016-04-17,True,Sunday,1,6,1,Sedentary,48.0,0.03333333333333333,34.0,0.8277933520224269,26
6775888955,2016-04-18,8294.0,5.94999980926514,5.94999980926514,0.0,2.0,0.769999980926514,3.17000007629395,0.0,30.0,31.0,146.0,1233.0,2798.0,2016-04-18,True,Monday,0,7,1,Somewhat active,207.0,0.14375,91.0,0.33735230286954426,26
6775888955,2016-04-20,10771.0,7.71999979019165,7.71999979019165,0.0,3.76999998092651,1.74000000953674,2.22000002861023,0.0,70.0,113.0,178.0,1079.0,3727.0,2016-04-20,True,Wednesday,0,9,2,Active,361.0,0.25069444444444444,253.0,0.34602172500232103,26
6775888955,2016-04-22,637.0,0.46000000834465,0.46000000834465,0.0,0.0,0.0,0.46000000834465,0.0,0.0,0.0,20.0,1420.0,1922.0,2016-04-22,True,Friday,0,11,2,Sedentary,20.0,0.013888888888888888,0.0,3.0172684458398744,26
6775888955,2016-04-24,2153.0,1.53999996185303,1.53999996185303,0.0,0.769999980926514,0.620000004768372,0.150000005960464,0.0,11.0,18.0,11.0,1400.0,2053.0,2016-04-24,True,Sunday,1,13,2,Sedentary,40.0,0.027777777777777776,40.0,0.9535531816070599,26
6775888955,2016-04-25,6474.0,4.6399998664856,4.6399998664856,0.0,2.26999998092651,0.46000000834465,1.89999997615814,0.0,33.0,13.0,92.0,1302.0,2484.0,2016-04-25,True,Monday,0,14,2,Low active,138.0,0.09583333333333334,79.0,0.38368860055607046,26
6775888955,2016-04-26,7091.0,5.26999998092651,5.26999998092651,1.95959603786469,3.48000001907349,0.870000004768372,0.730000019073486,0.0,42.0,30.0,47.0,1321.0,2584.0,2016-04-26,True,Tuesday,0,15,3,Low active,119.0,0.08263888888888889,114.0,0.3644055845437879,26
6775888955,2016-04-28,703.0,0.5,0.5,0.0,0.0599999986588955,0.200000002980232,0.239999994635582,0.0,2.0,13.0,15.0,1410.0,1993.0,2016-04-28,True,Thursday,0,17,3,Sedentary,30.0,0.020833333333333332,17.0,2.8349928876244666,26
6775888955,2016-04-30,2503.0,1.78999996185303,1.78999996185303,0.0,0.159999996423721,0.159999996423721,1.48000001907349,0.0,3.0,9.0,84.0,1344.0,2280.0,2016-04-30,True,Saturday,1,19,3,Sedentary,96.0,0.06666666666666667,15.0,0.9109069117059528,26
6775888955,2016-05-01,2487.0,1.77999997138977,1.77999997138977,0.0,0.479999989271164,0.620000004768372,0.680000007152557,0.0,9.0,34.0,50.0,1347.0,2319.0,2016-05-01,True,Sunday,1,20,3,Sedentary,93.0,0.06458333333333334,52.0,0.9324487334137516,26
6775888955,2016-05-06,4697.0,3.36999988555908,3.36999988555908,0.0,0.469999998807907,0.930000007152557,1.92999994754791,0.0,12.0,35.0,75.0,1318.0,2496.0,2016-05-06,True,Friday,0,25,4,Sedentary,122.0,0.08472222222222223,59.0,0.531403023206302,26
6775888955,2016-05-07,1967.0,1.4099999666214,1.4099999666214,0.0,0.129999995231628,0.239999994635582,1.04999995231628,0.0,2.0,5.0,49.0,551.0,1032.0,2016-05-07,True,Saturday,1,26,4,Sedentary,56.0,0.09225700164744646,9.0,0.5246568378240977,26
6962181067,2016-04-12,10199.0,6.73999977111816,6.73999977111816,0.0,3.40000009536743,0.829999983310699,2.50999999046326,0.0,50.0,14.0,189.0,796.0,1994.0,2016-04-12,True,Tuesday,0,1,1,Active,253.0,0.24118207816968543,114.0,0.19550936366310423,31
6962181067,2016-04-13,5652.0,3.74000000953674,3.74000000953674,0.0,0.569999992847443,1.21000003814697,1.96000003814697,0.0,8.0,24.0,142.0,548.0,1718.0,2016-04-13,True,Wednesday,0,2,1,Low active,174.0,0.2409972299168975,40.0,0.3039631988676575,31
6962181067,2016-04-14,1551.0,1.02999997138977,1.02999997138977,0.0,0.0,0.0,1.02999997138977,0.0,0.0,0.0,86.0,862.0,1466.0,2016-04-14,True,Thursday,0,3,1,Sedentary,86.0,0.09071729957805907,0.0,0.9451966473243069,31
6962181067,2016-04-15,5563.0,3.6800000667572,3.6800000667572,0.0,0.0,0.0,3.6800000667572,0.0,0.0,0.0,217.0,837.0,1756.0,2016-04-15,True,Friday,0,4,1,Low active,217.0,0.20588235294117646,0.0,0.31565701959374437,31
6962181067,2016-04-16,13217.0,8.73999977111816,8.73999977111816,0.0,3.66000008583069,0.189999997615814,4.88000011444092,0.0,50.0,3.0,280.0,741.0,2173.0,2016-04-16,True,Saturday,1,5,1,Highly active,333.0,0.3100558659217877,103.0,0.16440947264886133,31
6962181067,2016-04-17,10145.0,6.71000003814697,6.71000003814697,0.0,0.330000013113022,0.680000007152557,5.69000005722046,0.0,5.0,13.0,295.0,634.0,2027.0,2016-04-17,True,Sunday,1,6,1,Active,313.0,0.33051742344244983,23.0,0.19980285855101035,31
6962181067,2016-04-18,11404.0,7.53999996185303,7.53999996185303,0.0,0.829999983310699,2.39000010490417,4.32000017166138,0.0,13.0,42.0,238.0,689.0,2039.0,2016-04-18,True,Monday,0,7,1,Active,293.0,0.2983706720977597,68.0,0.17879691336373202,31
6962181067,2016-04-19,10742.0,7.09999990463257,7.09999990463257,0.0,2.09999990463257,2.13000011444092,2.86999988555908,0.0,35.0,41.0,195.0,659.0,2046.0,2016-04-19,True,Tuesday,0,8,2,Active,271.0,0.2913978494623656,111.0,0.19046732452057344,31
6962181067,2016-04-20,13928.0,9.55000019073486,9.55000019073486,0.0,4.28000020980835,0.189999997615814,5.09000015258789,0.0,48.0,4.0,297.0,639.0,2174.0,2016-04-20,True,Wednesday,0,9,2,Highly active,349.0,0.3532388663967611,100.0,0.1560884549109707,31
6962181067,2016-04-21,11835.0,9.71000003814697,7.88000011444092,4.08169221878052,3.99000000953674,2.09999990463257,3.50999999046326,0.109999999403954,53.0,27.0,214.0,708.0,2179.0,2016-04-21,True,Thursday,0,10,2,Active,294.0,0.2934131736526946,133.0,0.18411491339247993,31
6962181067,2016-04-22,10725.0,7.09000015258789,7.09000015258789,0.0,1.76999998092651,1.54999995231628,3.76999998092651,0.0,30.0,33.0,240.0,659.0,2086.0,2016-04-22,True,Friday,0,11,2,Active,303.0,0.31496881496881496,93.0,0.1944988344988345,31
6962181067,2016-04-23,20031.0,13.2399997711182,13.2399997711182,0.0,4.19999980926514,2.0,7.03999996185303,0.0,58.0,41.0,347.0,484.0,2571.0,2016-04-23,True,Saturday,1,12,2,Highly active,446.0,0.47956989247311826,157.0,0.12835105586341172,31
6962181067,2016-04-24,5029.0,3.3199999332428,3.3199999332428,0.0,0.0,0.0,3.3199999332428,0.0,0.0,0.0,199.0,720.0,1705.0,2016-04-24,True,Sunday,1,13,2,Low active,199.0,0.21653971708378672,0.0,0.33903360509047525,31
6962181067,2016-04-25,13239.0,9.27000045776367,9.07999992370605,2.78517508506775,3.01999998092651,1.67999994754791,4.46000003814697,0.100000001490116,35.0,31.0,282.0,637.0,2194.0,2016-04-25,True,Monday,0,14,2,Highly active,348.0,0.3532994923857868,101.0,0.16572248659264294,31
6962181067,2016-04-26,10433.0,6.90000009536743,6.90000009536743,0.0,2.57999992370605,0.419999986886978,3.90000009536743,0.0,36.0,7.0,254.0,680.0,2012.0,2016-04-26,True,Tuesday,0,15,3,Active,297.0,0.3039918116683726,79.0,0.19284961180868399,31
6962181067,2016-04-27,10320.0,6.82000017166138,6.82000017166138,0.0,0.550000011920929,2.01999998092651,4.25,0.0,7.0,38.0,279.0,697.0,2034.0,2016-04-27,True,Wednesday,0,16,3,Active,324.0,0.31733594515181196,52.0,0.19709302325581396,31
6962181067,2016-04-28,12627.0,8.35000038146973,8.35000038146973,0.0,2.50999999046326,0.239999994635582,5.59000015258789,0.0,38.0,8.0,288.0,621.0,2182.0,2016-04-28,True,Thursday,0,17,3,Highly active,334.0,0.34973821989528797,84.0,0.17280430822839946,31
6962181067,2016-04-29,10762.0,7.1100001335144,7.1100001335144,0.0,0.819999992847443,0.479999989271164,5.80999994277954,0.0,12.0,15.0,369.0,645.0,2254.0,2016-04-29,True,Friday,0,18,3,Active,396.0,0.3804034582132565,39.0,0.20944062441925293,31
6962181067,2016-04-30,10081.0,6.65999984741211,6.65999984741211,0.0,2.24000000953674,0.759999990463257,3.67000007629395,0.0,32.0,16.0,237.0,731.0,2002.0,2016-04-30,True,Saturday,1,19,3,Active,285.0,0.28051181102362205,80.0,0.1985914095823827,31
6962181067,2016-05-01,5454.0,3.60999989509583,3.60999989509583,0.0,0.0,0.0,3.60999989509583,0.0,0.0,0.0,215.0,722.0,1740.0,2016-05-01,True,Sunday,1,20,3,Low active,215.0,0.2294557097118463,0.0,0.31903190319031904,31
6962181067,2016-05-02,12912.0,8.53999996185303,8.53999996185303,0.0,1.20000004768372,2.0,5.34000015258789,0.0,18.0,39.0,313.0,655.0,2162.0,2016-05-02,True,Monday,0,21,3,Highly active,370.0,0.36097560975609755,75.0,0.16744114002478314,31
6962181067,2016-05-03,12109.0,8.11999988555908,8.11999988555908,0.0,1.74000000953674,2.03999996185303,4.32999992370605,0.0,21.0,36.0,267.0,654.0,2072.0,2016-05-03,True,Tuesday,0,22,4,Active,324.0,0.3312883435582822,78.0,0.17111239573870674,31
6962181067,2016-05-04,10147.0,6.71000003814697,6.71000003814697,0.0,0.469999998807907,1.67999994754791,4.55000019073486,0.0,15.0,36.0,284.0,683.0,2086.0,2016-05-04,True,Wednesday,0,23,4,Active,335.0,0.3290766208251473,66.0,0.20557800335074405,31
6962181067,2016-05-05,10524.0,6.96000003814697,6.96000003814697,0.0,0.990000009536743,1.1599999666214,4.80999994277954,0.0,14.0,22.0,305.0,591.0,2066.0,2016-05-05,True,Thursday,0,24,4,Active,341.0,0.36587982832618027,50.0,0.19631318890155836,31
6962181067,2016-05-06,5908.0,3.91000008583069,3.91000008583069,0.0,0.0,0.0,3.91000008583069,0.0,0.0,0.0,299.0,717.0,1850.0,2016-05-06,True,Friday,0,25,4,Low active,299.0,0.29429133858267714,0.0,0.3131347325660122,31
6962181067,2016-05-07,6815.0,4.5,4.5,0.0,0.0,0.0,4.5,0.0,0.0,0.0,328.0,745.0,1947.0,2016-05-07,True,Saturday,1,26,4,Low active,328.0,0.30568499534016774,0.0,0.2856933235509905,31
6962181067,2016-05-08,4188.0,2.76999998092651,2.76999998092651,0.0,0.0,0.519999980926514,2.25,0.0,0.0,14.0,151.0,709.0,1659.0,2016-05-08,True,Sunday,1,27,4,Sedentary,165.0,0.18878718535469108,14.0,0.3961318051575931,31
6962181067,2016-05-09,12342.0,8.72000026702881,8.68000030517578,3.16782188415527,3.90000009536743,1.17999994754791,3.65000009536743,0.0,43.0,21.0,231.0,607.0,2105.0,2016-05-09,True,Monday,0,28,4,Active,295.0,0.3270509977827051,107.0,0.17055582563603955,31
6962181067,2016-05-10,15448.0,10.210000038147,10.210000038147,0.0,3.47000002861023,1.75,4.98999977111816,0.0,62.0,34.0,275.0,626.0,2361.0,2016-05-10,True,Tuesday,0,29,5,Highly active,371.0,0.3721163490471414,158.0,0.15283531848783014,31
6962181067,2016-05-11,6722.0,4.44000005722046,4.44000005722046,0.0,1.49000000953674,0.310000002384186,2.65000009536743,0.0,24.0,7.0,199.0,709.0,1855.0,2016-05-11,True,Wednesday,0,30,5,Low active,230.0,0.24494142705005326,55.0,0.2759595358524249,31
6962181067,2016-05-12,3587.0,2.36999988555908,2.36999988555908,0.0,0.0,0.25,2.10999989509583,0.0,0.0,8.0,105.0,127.0,928.0,2016-05-12,True,Thursday,0,31,5,Sedentary,113.0,0.4708333333333333,8.0,0.25871201561193197,31
7007744171,2016-04-12,14172.0,10.289999961853,9.47999954223633,4.8697829246521,4.5,0.379999995231628,5.40999984741211,0.0,53.0,8.0,355.0,1024.0,2937.0,2016-04-12,True,Tuesday,0,1,1,Highly active,416.0,0.28888888888888886,114.0,0.20723962743437765,26
7007744171,2016-04-13,12862.0,9.64999961853027,8.60000038146973,4.8513069152832,4.6100001335144,0.560000002384186,4.48000001907349,0.0,56.0,22.0,261.0,1101.0,2742.0,2016-04-13,True,Wednesday,0,2,1,Highly active,339.0,0.23541666666666666,134.0,0.21318612968434147,26
7007744171,2016-04-14,11179.0,8.23999977111816,7.48000001907349,3.28541493415833,2.95000004768372,0.340000003576279,4.96000003814697,0.0,34.0,6.0,304.0,1096.0,2668.0,2016-04-14,True,Thursday,0,3,1,Active,344.0,0.2388888888888889,74.0,0.23866177654530818,26
7007744171,2016-04-15,5273.0,3.52999997138977,3.52999997138977,0.0,0.0,0.0,3.52999997138977,0.0,0.0,0.0,202.0,1238.0,2098.0,2016-04-15,True,Friday,0,4,1,Low active,202.0,0.14027777777777778,0.0,0.39787597193248625,26
7007744171,2016-04-16,4631.0,3.09999990463257,3.09999990463257,0.0,0.0,0.0,3.09999990463257,0.0,0.0,0.0,203.0,1155.0,2076.0,2016-04-16,True,Saturday,1,5,1,Sedentary,203.0,0.14948453608247422,0.0,0.4482833081407903,26
7007744171,2016-04-17,8059.0,5.3899998664856,5.3899998664856,0.0,0.0,0.0,5.3899998664856,0.0,0.0,0.0,305.0,1135.0,2383.0,2016-04-17,True,Sunday,1,6,1,Somewhat active,305.0,0.21180555555555555,0.0,0.2956942548703313,26
7007744171,2016-04-18,14816.0,10.9799995422363,9.90999984741211,4.93055009841919,3.78999996185303,2.11999988555908,5.05000019073486,0.0199999995529652,48.0,31.0,284.0,1077.0,2832.0,2016-04-18,True,Monday,0,7,1,Highly active,363.0,0.2520833333333333,127.0,0.19114470842332612,26
7007744171,2016-04-19,14194.0,10.4799995422363,9.5,4.94214200973511,4.40999984741211,0.759999990463257,5.30999994277954,0.0,53.0,17.0,304.0,1066.0,2812.0,2016-04-19,True,Tuesday,0,8,2,Highly active,374.0,0.25972222222222224,123.0,0.19811187825841906,26
7007744171,2016-04-20,15566.0,11.3100004196167,10.4099998474121,4.92484092712402,4.78999996185303,0.670000016689301,5.8600001335144,0.0,60.0,33.0,347.0,1000.0,3096.0,2016-04-20,True,Wednesday,0,9,2,Highly active,440.0,0.3055555555555556,153.0,0.19889502762430938,26
7007744171,2016-04-21,13744.0,9.1899995803833,9.1899995803833,0.0,2.15000009536743,1.87000000476837,5.17000007629395,0.0,30.0,34.0,327.0,1049.0,2763.0,2016-04-21,True,Thursday,0,10,2,Highly active,391.0,0.27152777777777776,94.0,0.20103317811408614,26
7007744171,2016-04-22,15299.0,10.2399997711182,10.2399997711182,0.0,4.09999990463257,1.75999999046326,4.36999988555908,0.0,64.0,50.0,261.0,1065.0,2889.0,2016-04-22,True,Friday,0,11,2,Highly active,375.0,0.2604166666666667,178.0,0.18883587162559645,26
7007744171,2016-04-23,8093.0,5.40999984741211,5.40999984741211,0.0,0.129999995231628,1.12999999523163,4.15000009536743,0.0,2.0,25.0,223.0,1190.0,2284.0,2016-04-23,True,Saturday,1,12,2,Somewhat active,250.0,0.1736111111111111,29.0,0.2822192017793155,26
7007744171,2016-04-24,11085.0,7.42000007629395,7.42000007629395,0.0,0.0,0.0,7.42000007629395,0.0,0.0,0.0,419.0,1021.0,2667.0,2016-04-24,True,Sunday,1,13,2,Active,419.0,0.29097222222222224,0.0,0.24059539918809203,26
7007744171,2016-04-25,18229.0,13.3400001525879,12.1999998092651,4.86179208755493,4.30999994277954,1.37000000476837,7.67000007629395,0.0,51.0,24.0,379.0,986.0,3055.0,2016-04-25,True,Monday,0,14,2,Highly active,454.0,0.31527777777777777,126.0,0.16759010368094793,26
7007744171,2016-04-26,15090.0,10.1000003814697,10.1000003814697,0.0,0.930000007152557,0.939999997615814,8.22999954223633,0.0,16.0,22.0,424.0,978.0,2939.0,2016-04-26,True,Tuesday,0,15,3,Highly active,462.0,0.32083333333333336,54.0,0.19476474486414844,26
7007744171,2016-04-27,13541.0,10.2200002670288,9.0600004196167,4.88560485839844,4.26999998092651,0.660000026226044,5.28999996185303,0.0,50.0,12.0,337.0,1041.0,2830.0,2016-04-27,True,Wednesday,0,16,3,Highly active,399.0,0.27708333333333335,112.0,0.20899490436452256,26
7007744171,2016-04-28,15128.0,10.1199998855591,10.1199998855591,0.0,1.0900000333786,0.769999980926514,8.26000022888184,0.0,16.0,16.0,401.0,1007.0,2836.0,2016-04-28,True,Thursday,0,17,3,Highly active,433.0,0.30069444444444443,48.0,0.1874669487043892,26
7007744171,2016-04-29,20067.0,14.3000001907349,13.4200000762939,4.91114616394043,4.30999994277954,2.04999995231628,7.94999980926514,0.0,55.0,42.0,382.0,961.0,3180.0,2016-04-29,True,Friday,0,18,3,Highly active,479.0,0.3326388888888889,152.0,0.1584691284197937,26
7007744171,2016-04-30,3761.0,2.51999998092651,2.51999998092651,0.0,0.0,0.0,2.51999998092651,0.0,0.0,0.0,200.0,1240.0,2051.0,2016-04-30,True,Saturday,1,19,3,Sedentary,200.0,0.1388888888888889,0.0,0.5453336878489763,26
7007744171,2016-05-01,5600.0,3.75,3.75,0.0,0.0,0.0,3.75,0.0,0.0,0.0,237.0,1142.0,2225.0,2016-05-01,True,Sunday,1,20,3,Low active,237.0,0.17186366932559827,0.0,0.39732142857142855,26
7007744171,2016-05-02,13041.0,9.18000030517578,8.72000026702881,2.83232593536377,4.6399998664856,0.699999988079071,3.82999992370605,0.0,64.0,14.0,250.0,1112.0,2642.0,2016-05-02,True,Monday,0,21,3,Highly active,328.0,0.22777777777777777,142.0,0.20259182578023158,26
7007744171,2016-05-03,14510.0,10.8699998855591,9.71000003814697,4.91236782073975,4.48000001907349,1.01999998092651,5.3600001335144,0.0,58.0,31.0,330.0,1021.0,2976.0,2016-05-03,True,Tuesday,0,22,4,Highly active,419.0,0.29097222222222224,147.0,0.2050999310820124,26
7007744171,2016-05-05,15010.0,11.1000003814697,10.039999961853,4.8782320022583,4.32999992370605,1.28999996185303,5.48000001907349,0.0,53.0,23.0,317.0,1047.0,2933.0,2016-05-05,True,Thursday,0,24,4,Highly active,393.0,0.27291666666666664,129.0,0.19540306462358428,26
7007744171,2016-05-06,11459.0,7.67000007629395,7.67000007629395,0.0,3.0,0.810000002384186,3.85999989509583,0.0,44.0,13.0,247.0,1136.0,2553.0,2016-05-06,True,Friday,0,25,4,Active,304.0,0.2111111111111111,101.0,0.22279431014922768,26
7086361926,2016-04-12,11317.0,8.40999984741211,8.40999984741211,0.0,5.26999998092651,0.150000005960464,2.97000002861023,0.0,59.0,6.0,153.0,745.0,2772.0,2016-04-12,True,Tuesday,0,1,1,Active,218.0,0.22637590861889928,124.0,0.24494123884421667,31
7086361926,2016-04-13,5813.0,3.61999988555908,3.61999988555908,0.0,0.560000002384186,0.209999993443489,2.83999991416931,0.0,31.0,26.0,155.0,744.0,2516.0,2016-04-13,True,Wednesday,0,2,1,Low active,212.0,0.2217573221757322,88.0,0.43282298296920696,31
7086361926,2016-04-14,9123.0,6.11999988555908,6.11999988555908,0.0,2.02999997138977,0.330000013113022,3.66000008583069,0.0,35.0,32.0,189.0,787.0,2734.0,2016-04-14,True,Thursday,0,3,1,Somewhat active,256.0,0.24544582933844677,102.0,0.2996821221089554,31
7086361926,2016-04-15,8585.0,5.67000007629395,5.67000007629395,0.0,2.03999996185303,1.11000001430511,2.52999997138977,0.0,30.0,21.0,139.0,864.0,2395.0,2016-04-15,True,Friday,0,4,1,Somewhat active,190.0,0.18026565464895636,81.0,0.2789749563191613,31
7086361926,2016-04-18,9827.0,6.71000003814697,6.71000003814697,0.0,3.17000007629395,1.22000002861023,2.30999994277954,0.0,61.0,51.0,114.0,1136.0,2743.0,2016-04-18,True,Monday,0,7,1,Somewhat active,226.0,0.16593245227606462,173.0,0.2791289304976086,31
7086361926,2016-04-19,10688.0,7.28999996185303,7.28999996185303,0.0,3.52999997138977,1.23000001907349,2.50999999046326,0.0,67.0,69.0,124.0,671.0,2944.0,2016-04-19,True,Tuesday,0,8,2,Active,260.0,0.27926960257787325,203.0,0.2754491017964072,31
7086361926,2016-04-20,14365.0,10.6400003433228,10.6400003433228,0.0,7.6399998664856,0.449999988079071,2.53999996185303,0.0,87.0,13.0,145.0,797.0,2997.0,2016-04-20,True,Wednesday,0,9,2,Highly active,245.0,0.23512476007677544,187.0,0.20863209189001045,31
7086361926,2016-04-21,9469.0,6.17999982833862,6.17999982833862,0.0,1.36000001430511,0.300000011920929,4.51000022888184,0.0,19.0,6.0,206.0,758.0,2463.0,2016-04-21,True,Thursday,0,10,2,Somewhat active,231.0,0.23356926188068755,44.0,0.260111944239096,31
7086361926,2016-04-22,9753.0,6.53000020980835,6.53000020980835,0.0,2.86999988555908,0.970000028610229,2.67000007629395,0.0,58.0,59.0,153.0,762.0,2846.0,2016-04-22,True,Friday,0,11,2,Somewhat active,270.0,0.2616279069767442,175.0,0.29180764892853484,31
7086361926,2016-04-23,2817.0,1.80999994277954,1.80999994277954,0.0,0.0,0.0,1.79999995231628,0.0,0.0,0.0,90.0,1350.0,1965.0,2016-04-23,True,Saturday,1,12,2,Sedentary,90.0,0.0625,0.0,0.6975505857294995,31
7086361926,2016-04-24,3520.0,2.16000008583069,2.16000008583069,0.0,0.0,0.0,2.15000009536743,0.0,0.0,0.0,125.0,566.0,2049.0,2016-04-24,True,Sunday,1,13,2,Sedentary,125.0,0.1808972503617945,0.0,0.5821022727272728,31
7086361926,2016-04-25,10091.0,6.82000017166138,6.82000017166138,0.0,3.75,0.699999988079071,2.36999988555908,0.0,69.0,39.0,129.0,706.0,2752.0,2016-04-25,True,Monday,0,14,2,Active,237.0,0.2513255567338282,177.0,0.2727182637994252,31
7086361926,2016-04-26,10387.0,7.07000017166138,7.07000017166138,0.0,4.15999984741211,0.769999980926514,2.11999988555908,0.0,70.0,33.0,132.0,726.0,2781.0,2016-04-26,True,Tuesday,0,15,3,Active,235.0,0.2445369406867846,173.0,0.2677385193029749,31
7086361926,2016-04-27,11107.0,8.34000015258789,8.34000015258789,0.0,5.63000011444092,0.180000007152557,2.52999997138977,0.0,55.0,6.0,145.0,829.0,2693.0,2016-04-27,True,Wednesday,0,16,3,Active,206.0,0.19903381642512077,116.0,0.24245971009273432,31
7086361926,2016-04-28,11584.0,7.80000019073486,7.80000019073486,0.0,2.78999996185303,1.63999998569489,3.35999989509583,0.0,54.0,48.0,161.0,810.0,2862.0,2016-04-28,True,Thursday,0,17,3,Active,263.0,0.2451071761416589,156.0,0.24706491712707182,31
7086361926,2016-04-29,7881.0,4.94999980926514,4.94999980926514,0.0,0.490000009536743,0.449999988079071,4.0,0.0,24.0,36.0,182.0,1198.0,2616.0,2016-04-29,True,Friday,0,18,3,Somewhat active,242.0,0.16805555555555557,84.0,0.3319375713741911,31
7086361926,2016-04-30,14560.0,9.40999984741211,9.40999984741211,0.0,3.11999988555908,1.03999996185303,5.23999977111816,0.0,42.0,17.0,308.0,584.0,2995.0,2016-04-30,True,Saturday,1,19,3,Highly active,367.0,0.38590956887486855,101.0,0.20570054945054944,31
7086361926,2016-05-01,12390.0,8.06999969482422,8.06999969482422,0.0,2.29999995231628,0.899999976158142,4.84999990463257,0.0,30.0,15.0,258.0,685.0,2730.0,2016-05-01,True,Sunday,1,20,3,Active,303.0,0.3066801619433198,75.0,0.22033898305084745,31
7086361926,2016-05-02,10052.0,6.80999994277954,6.80999994277954,0.0,3.48000001907349,0.660000026226044,2.66000008583069,0.0,66.0,26.0,139.0,737.0,2754.0,2016-05-02,True,Monday,0,21,3,Active,231.0,0.23863636363636365,158.0,0.273975328292877,31
7086361926,2016-05-03,10288.0,6.76000022888184,6.76000022888184,0.0,2.74000000953674,0.850000023841858,3.16000008583069,0.0,57.0,36.0,152.0,761.0,2754.0,2016-05-03,True,Tuesday,0,22,4,Active,245.0,0.24353876739562624,150.0,0.2676905132192846,31
7086361926,2016-05-04,10988.0,8.3100004196167,8.3100004196167,0.0,5.28000020980835,0.119999997317791,2.90000009536743,0.0,45.0,12.0,135.0,843.0,2655.0,2016-05-04,True,Wednesday,0,23,4,Active,192.0,0.1855072463768116,102.0,0.24162722970513287,31
7086361926,2016-05-05,8564.0,5.59999990463257,5.59999990463257,0.0,1.77999997138977,0.829999983310699,2.95000004768372,0.0,24.0,14.0,149.0,1253.0,2386.0,2016-05-05,True,Thursday,0,24,4,Somewhat active,187.0,0.12986111111111112,62.0,0.2786081270434376,31
7086361926,2016-05-06,12461.0,8.38000011444092,8.38000011444092,0.0,3.8199999332428,1.42999994754791,3.11999988555908,0.0,84.0,35.0,154.0,834.0,2924.0,2016-05-06,True,Friday,0,25,4,Active,273.0,0.24661246612466126,203.0,0.23465211459754434,31
7086361926,2016-05-07,12827.0,8.47999954223633,8.47999954223633,0.0,1.46000003814697,2.32999992370605,4.67999982833862,0.0,20.0,42.0,209.0,621.0,2739.0,2016-05-07,True,Saturday,1,26,4,Highly active,271.0,0.3038116591928251,82.0,0.21353395182037888,31
7086361926,2016-05-08,10677.0,7.09999990463257,7.09999990463257,0.0,2.30999994277954,1.52999997138977,3.25,0.0,32.0,27.0,147.0,695.0,2534.0,2016-05-08,True,Sunday,1,27,4,Active,206.0,0.2286348501664817,91.0,0.23733258405919266,31
7086361926,2016-05-09,13566.0,9.10999965667725,9.10999965667725,0.0,4.26000022888184,1.71000003814697,3.11999988555908,0.0,67.0,50.0,171.0,743.0,2960.0,2016-05-09,True,Monday,0,28,4,Highly active,288.0,0.2793404461687682,184.0,0.21819254017396433,31
7086361926,2016-05-10,14433.0,10.789999961853,10.789999961853,0.0,7.1100001335144,1.20000004768372,2.45000004768372,0.0,72.0,23.0,106.0,1182.0,2800.0,2016-05-10,True,Tuesday,0,29,5,Highly active,201.0,0.14533622559652928,167.0,0.1939998614286704,31
7086361926,2016-05-11,9572.0,6.51999998092651,6.51999998092651,0.0,2.89000010490417,1.38999998569489,2.23000001907349,0.0,57.0,40.0,128.0,757.0,2735.0,2016-05-11,True,Wednesday,0,30,5,Somewhat active,225.0,0.22912423625254583,154.0,0.2857292101964062,31
7086361926,2016-05-12,3789.0,2.55999994277954,2.55999994277954,0.0,0.379999995231628,0.270000010728836,1.88999998569489,0.0,5.0,4.0,58.0,343.0,1199.0,2016-05-12,True,Thursday,0,31,5,Sedentary,67.0,0.16341463414634147,14.0,0.31644233306941144,31
8053475328,2016-04-12,18060.0,14.1199998855591,14.1199998855591,0.0,11.6400003433228,0.389999985694885,2.09999990463257,0.0,116.0,8.0,123.0,1193.0,3186.0,2016-04-12,True,Tuesday,0,1,1,Highly active,247.0,0.17152777777777778,240.0,0.17641196013289037,31
8053475328,2016-04-13,16433.0,13.3500003814697,13.3500003814697,0.0,10.4300003051758,0.469999998807907,2.45000004768372,0.0,95.0,12.0,156.0,1177.0,3140.0,2016-04-13,True,Wednesday,0,2,1,Highly active,263.0,0.18263888888888888,202.0,0.19107892655023428,31
8053475328,2016-04-14,20159.0,15.9700002670288,15.9700002670288,0.0,12.3400001525879,0.209999993443489,3.35999989509583,0.0,119.0,5.0,193.0,1123.0,3411.0,2016-04-14,True,Thursday,0,3,1,Highly active,317.0,0.22013888888888888,243.0,0.16920482166774145,31
8053475328,2016-04-15,20669.0,16.2399997711182,16.2399997711182,0.0,13.2600002288818,0.389999985694885,2.58999991416931,0.0,132.0,8.0,158.0,1142.0,3410.0,2016-04-15,True,Friday,0,4,1,Highly active,298.0,0.20694444444444443,272.0,0.16498137307078234,31
8053475328,2016-04-16,14549.0,11.1099996566772,11.1099996566772,0.0,9.35999965667725,0.270000010728836,1.49000000953674,0.0,96.0,6.0,83.0,1255.0,2867.0,2016-04-16,True,Saturday,1,5,1,Highly active,185.0,0.1284722222222222,198.0,0.19705821705959173,31
8053475328,2016-04-17,18827.0,13.6899995803833,13.6899995803833,0.0,9.23999977111816,0.800000011920929,3.64000010490417,0.0,111.0,21.0,195.0,1113.0,3213.0,2016-04-17,True,Sunday,1,6,1,Highly active,327.0,0.22708333333333333,243.0,0.1706591597174271,31
8053475328,2016-04-18,17076.0,12.6599998474121,12.6599998474121,0.0,9.07999992370605,0.230000004172325,3.34999990463257,0.0,102.0,6.0,195.0,1137.0,3133.0,2016-04-18,True,Monday,0,7,1,Highly active,303.0,0.21041666666666667,210.0,0.18347388147107052,31
8053475328,2016-04-19,15929.0,12.4799995422363,12.4799995422363,0.0,9.22000026702881,0.310000002384186,2.95000004768372,0.0,90.0,7.0,191.0,1152.0,3114.0,2016-04-19,True,Tuesday,0,8,2,Highly active,288.0,0.2,187.0,0.19549249795969614,31
8053475328,2016-04-20,15108.0,12.1899995803833,12.1899995803833,0.0,9.57999992370605,0.230000004172325,2.38000011444092,0.0,89.0,5.0,158.0,695.0,3043.0,2016-04-20,True,Wednesday,0,9,2,Highly active,252.0,0.26610348468849,183.0,0.20141646809637279,31
8053475328,2016-04-21,16057.0,12.5100002288818,12.5100002288818,0.0,9.67000007629395,0.25,2.57999992370605,0.0,100.0,6.0,170.0,1164.0,3103.0,2016-04-21,True,Thursday,0,10,2,Highly active,276.0,0.19166666666666668,206.0,0.19324905025845426,31
8053475328,2016-04-22,10520.0,8.28999996185303,8.28999996185303,0.0,6.26000022888184,0.150000005960464,1.87999999523163,0.0,60.0,3.0,117.0,1260.0,2655.0,2016-04-22,True,Friday,0,11,2,Active,180.0,0.125,123.0,0.2523764258555133,31
8053475328,2016-04-23,22359.0,17.1900005340576,17.1900005340576,0.0,12.539999961853,0.629999995231628,4.01999998092651,0.0,125.0,14.0,223.0,741.0,3554.0,2016-04-23,True,Saturday,1,12,2,Highly active,362.0,0.32819582955575705,264.0,0.15895165257838006,31
8053475328,2016-04-24,22988.0,17.9500007629395,17.9500007629395,0.0,13.1300001144409,1.54999995231628,3.25999999046326,0.0,129.0,33.0,182.0,1096.0,3577.0,2016-04-24,True,Sunday,1,13,2,Highly active,344.0,0.2388888888888889,291.0,0.15560292326431183,31
8053475328,2016-04-25,20500.0,15.6899995803833,15.6899995803833,0.0,11.3699998855591,0.46000000834465,3.85999989509583,0.0,118.0,9.0,209.0,1104.0,3403.0,2016-04-25,True,Monday,0,14,2,Highly active,336.0,0.23333333333333334,245.0,0.166,31
8053475328,2016-04-26,12685.0,9.61999988555908,9.61999988555908,0.0,6.30999994277954,0.200000002980232,3.09999990463257,0.0,68.0,5.0,185.0,1182.0,2846.0,2016-04-26,True,Tuesday,0,15,3,Highly active,258.0,0.17916666666666667,141.0,0.22435947970043357,31
8053475328,2016-04-27,12422.0,9.81999969482422,9.81999969482422,0.0,6.46000003814697,0.430000007152557,2.9300000667572,0.0,60.0,10.0,183.0,1187.0,2852.0,2016-04-27,True,Wednesday,0,16,3,Active,253.0,0.17569444444444443,130.0,0.22959265818708743,31
8053475328,2016-04-28,15447.0,12.3999996185303,12.3999996185303,0.0,9.67000007629395,0.389999985694885,2.34999990463257,0.0,90.0,9.0,153.0,1188.0,3062.0,2016-04-28,True,Thursday,0,17,3,Highly active,252.0,0.175,189.0,0.19822619278824366,31
8053475328,2016-04-29,12315.0,9.64999961853027,9.64999961853027,0.0,6.17000007629395,0.310000002384186,3.17000007629395,0.0,58.0,8.0,159.0,1215.0,2794.0,2016-04-29,True,Friday,0,18,3,Active,225.0,0.15625,124.0,0.22687779131140884,31
8053475328,2016-04-30,7135.0,5.59000015258789,5.59000015258789,0.0,2.99000000953674,0.0599999986588955,2.53999996185303,0.0,27.0,1.0,131.0,1281.0,2408.0,2016-04-30,True,Saturday,1,19,3,Low active,159.0,0.11041666666666666,55.0,0.33749124036440087,31
8053475328,2016-05-01,1170.0,0.850000023841858,0.850000023841858,0.0,0.0,0.0,0.850000023841858,0.0,0.0,0.0,51.0,1389.0,1886.0,2016-05-01,True,Sunday,1,20,3,Sedentary,51.0,0.035416666666666666,0.0,1.611965811965812,31
8053475328,2016-05-02,1969.0,1.42999994754791,1.42999994754791,0.0,0.0,0.0,1.42999994754791,0.0,0.0,0.0,95.0,1345.0,1988.0,2016-05-02,True,Monday,0,21,3,Sedentary,95.0,0.06597222222222222,0.0,1.0096495683087863,31
8053475328,2016-05-03,15484.0,11.8999996185303,11.8999996185303,0.0,8.39000034332275,0.930000007152557,2.58999991416931,0.0,87.0,22.0,165.0,1166.0,3023.0,2016-05-03,True,Tuesday,0,22,4,Highly active,274.0,0.19027777777777777,196.0,0.195233789718419,31
8053475328,2016-05-04,14581.0,11.1499996185303,11.1499996185303,0.0,8.81999969482422,0.400000005960464,1.9099999666214,0.0,89.0,8.0,123.0,1220.0,2918.0,2016-05-04,True,Wednesday,0,23,4,Highly active,220.0,0.1527777777777778,186.0,0.20012344832316029,31
8053475328,2016-05-05,14990.0,11.5100002288818,11.5100002288818,0.0,8.85000038146973,0.449999988079071,2.21000003814697,0.0,93.0,9.0,130.0,1208.0,2950.0,2016-05-05,True,Thursday,0,24,4,Highly active,232.0,0.16111111111111112,195.0,0.19679786524349566,31
8053475328,2016-05-06,13953.0,11.0,11.0,0.0,9.10000038146973,0.689999997615814,1.21000003814697,0.0,90.0,15.0,90.0,1245.0,2859.0,2016-05-06,True,Friday,0,25,4,Highly active,195.0,0.13541666666666666,195.0,0.20490217157600515,31
8053475328,2016-05-07,19769.0,15.6700000762939,15.6700000762939,0.0,12.4399995803833,0.879999995231628,2.34999990463257,0.0,121.0,20.0,148.0,1076.0,3331.0,2016-05-07,True,Saturday,1,26,4,Highly active,289.0,0.21172161172161172,262.0,0.16849613030502303,31
8053475328,2016-05-08,22026.0,17.6499996185303,17.6499996185303,0.0,13.3999996185303,0.589999973773956,3.66000008583069,0.0,125.0,14.0,228.0,1073.0,3589.0,2016-05-08,True,Sunday,1,27,4,Highly active,367.0,0.2548611111111111,264.0,0.1629437936983565,31
8053475328,2016-05-09,12465.0,9.38000011444092,9.38000011444092,0.0,6.11999988555908,0.569999992847443,2.69000005722046,0.0,66.0,12.0,148.0,1214.0,2765.0,2016-05-09,True,Monday,0,28,4,Active,226.0,0.15694444444444444,144.0,0.22182109907741676,31
8053475328,2016-05-10,14810.0,11.3599996566772,11.3599996566772,0.0,9.09000015258789,0.419999986886978,1.85000002384186,0.0,96.0,10.0,115.0,1219.0,2926.0,2016-05-10,True,Tuesday,0,29,5,Highly active,221.0,0.15347222222222223,202.0,0.1975692099932478,31
8053475328,2016-05-11,12209.0,9.39999961853027,9.39999961853027,0.0,6.07999992370605,0.280000001192093,3.03999996185303,0.0,60.0,7.0,184.0,1189.0,2809.0,2016-05-11,True,Wednesday,0,30,5,Active,251.0,0.17430555555555555,127.0,0.2300761733147678,31
8053475328,2016-05-12,4998.0,3.91000008583069,3.91000008583069,0.0,2.95000004768372,0.200000002980232,0.759999990463257,0.0,28.0,4.0,39.0,839.0,1505.0,2016-05-12,True,Thursday,0,31,5,Sedentary,71.0,0.07802197802197802,60.0,0.3011204481792717,31
8253242879,2016-04-12,9033.0,7.15999984741211,7.15999984741211,0.0,5.42999982833862,0.140000000596046,1.5900000333786,0.0,40.0,2.0,154.0,1244.0,2044.0,2016-04-12,True,Tuesday,0,1,1,Somewhat active,196.0,0.1361111111111111,82.0,0.22628141259825085,19
8253242879,2016-04-13,8053.0,6.09999990463257,6.09999990463257,0.0,4.17000007629395,0.629999995231628,1.30999994277954,0.0,35.0,11.0,96.0,1298.0,1935.0,2016-04-13,True,Wednesday,0,2,1,Somewhat active,142.0,0.09861111111111111,81.0,0.24028312430150253,19
8253242879,2016-04-14,5234.0,3.46000003814697,3.46000003814697,0.0,1.92999994754791,0.990000009536743,0.540000021457672,0.0,29.0,16.0,33.0,1362.0,1705.0,2016-04-14,True,Thursday,0,3,1,Low active,78.0,0.05416666666666667,74.0,0.3257546809323653,19
8253242879,2016-04-15,2672.0,1.76999998092651,1.76999998092651,0.0,0.0,0.0,1.75999999046326,0.0,0.0,0.0,105.0,1335.0,1632.0,2016-04-15,True,Friday,0,4,1,Sedentary,105.0,0.07291666666666667,0.0,0.6107784431137725,19
8253242879,2016-04-16,9256.0,6.1399998664856,6.1399998664856,0.0,0.430000007152557,3.26999998092651,2.45000004768372,0.0,6.0,51.0,115.0,1268.0,1880.0,2016-04-16,True,Saturday,1,5,1,Somewhat active,172.0,0.11944444444444445,63.0,0.2031114952463267,19
8253242879,2016-04-17,10204.0,7.90999984741211,7.90999984741211,0.0,5.42999982833862,0.150000005960464,2.32999992370605,0.0,41.0,5.0,157.0,1237.0,2112.0,2016-04-17,True,Sunday,1,6,1,Active,203.0,0.14097222222222222,87.0,0.20697765582124658,19
8253242879,2016-04-18,5151.0,3.48000001907349,3.48000001907349,0.0,1.03999996185303,0.629999995231628,1.79999995231628,0.0,16.0,16.0,130.0,1278.0,1829.0,2016-04-18,True,Monday,0,7,1,Low active,162.0,0.1125,48.0,0.3550766841390021,19
8253242879,2016-04-19,4212.0,2.77999997138977,2.77999997138977,0.0,0.0,0.0,2.77999997138977,0.0,0.0,0.0,164.0,1276.0,1763.0,2016-04-19,True,Tuesday,0,8,2,Sedentary,164.0,0.11388888888888889,0.0,0.41856600189933524,19
8253242879,2016-04-20,6466.0,4.26999998092651,4.26999998092651,0.0,0.330000013113022,0.819999992847443,3.10999989509583,0.0099999997764825,5.0,18.0,216.0,1201.0,1931.0,2016-04-20,True,Wednesday,0,9,2,Low active,239.0,0.16597222222222222,28.0,0.2986390349520569,19
8253242879,2016-04-21,11268.0,8.5600004196167,8.5600004196167,0.0,5.88000011444092,0.930000007152557,1.75,0.0,49.0,20.0,172.0,1199.0,2218.0,2016-04-21,True,Thursday,0,10,2,Active,241.0,0.1673611111111111,118.0,0.19684061057862975,19
8253242879,2016-04-22,2824.0,1.87000000476837,1.87000000476837,0.0,0.0,0.0,1.87000000476837,0.0,0.0,0.0,120.0,1320.0,1651.0,2016-04-22,True,Friday,0,11,2,Sedentary,120.0,0.08333333333333333,0.0,0.5846317280453258,19
8253242879,2016-04-23,9282.0,6.26000022888184,6.26000022888184,0.0,2.08999991416931,1.03999996185303,3.13000011444092,0.0,30.0,26.0,191.0,1193.0,2132.0,2016-04-23,True,Saturday,1,12,2,Somewhat active,247.0,0.17152777777777778,86.0,0.22969187675070027,19
8253242879,2016-04-24,8905.0,7.13000011444092,7.13000011444092,0.0,5.59999990463257,0.189999997615814,1.3400000333786,0.0,41.0,4.0,82.0,1313.0,1976.0,2016-04-24,True,Sunday,1,13,2,Somewhat active,127.0,0.08819444444444445,86.0,0.22189781021897811,19
8253242879,2016-04-25,6829.0,4.51000022888184,4.51000022888184,0.0,0.360000014305115,2.39000010490417,1.76999998092651,0.0,7.0,54.0,118.0,1261.0,1909.0,2016-04-25,True,Monday,0,14,2,Low active,179.0,0.12430555555555556,68.0,0.27954312490847855,19
8253242879,2016-04-26,4562.0,3.03999996185303,3.03999996185303,0.0,1.17999994754791,0.490000009536743,1.37000000476837,0.0,19.0,14.0,108.0,1299.0,1813.0,2016-04-26,True,Tuesday,0,15,3,Sedentary,141.0,0.09791666666666667,52.0,0.39741341516878564,19
8253242879,2016-04-27,10232.0,8.18000030517578,8.18000030517578,0.0,6.23999977111816,0.230000004172325,1.70000004768372,0.0,45.0,5.0,104.0,1286.0,2008.0,2016-04-27,True,Wednesday,0,16,3,Active,154.0,0.10694444444444444,95.0,0.1962470680218921,19
8253242879,2016-04-28,2718.0,1.79999995231628,1.79999995231628,0.0,0.670000016689301,0.779999971389771,0.340000003576279,0.0,11.0,16.0,20.0,1393.0,1580.0,2016-04-28,True,Thursday,0,17,3,Sedentary,47.0,0.03263888888888889,38.0,0.5813097866077999,19
8253242879,2016-04-29,6260.0,4.26000022888184,4.26000022888184,0.0,1.28999996185303,0.540000021457672,2.40000009536743,0.0,16.0,14.0,136.0,1257.0,1854.0,2016-04-29,True,Friday,0,18,3,Low active,166.0,0.11665495432185524,46.0,0.2961661341853035,19
8378563200,2016-04-12,7626.0,6.05000019073486,6.05000019073486,2.25308108329773,0.829999983310699,0.709999978542328,4.5,0.0,65.0,15.0,156.0,723.0,3635.0,2016-04-12,True,Tuesday,0,1,1,Somewhat active,236.0,0.24608967674661106,145.0,0.476658798846053,31
8378563200,2016-04-13,12386.0,9.81999969482422,9.81999969482422,2.0921471118927,4.96000003814697,0.649999976158142,4.21000003814697,0.0,116.0,14.0,169.0,680.0,4079.0,2016-04-13,True,Wednesday,0,2,1,Active,299.0,0.3054136874361593,246.0,0.32932342967866945,31
8378563200,2016-04-14,13318.0,10.5600004196167,10.5600004196167,2.25308108329773,5.61999988555908,1.02999997138977,3.91000008583069,0.0,123.0,21.0,174.0,699.0,4163.0,2016-04-14,True,Thursday,0,3,1,Highly active,318.0,0.31268436578171094,267.0,0.3125844721429644,31
8378563200,2016-04-15,14461.0,11.4700002670288,11.4700002670288,0.0,4.90999984741211,1.14999997615814,5.40999984741211,0.0,60.0,23.0,190.0,729.0,3666.0,2016-04-15,True,Friday,0,4,1,Highly active,273.0,0.27245508982035926,143.0,0.25350943918124613,31
8378563200,2016-04-16,11207.0,8.89000034332275,8.89000034332275,0.0,5.36999988555908,1.07000005245209,2.44000005722046,0.0,64.0,21.0,142.0,563.0,3363.0,2016-04-16,True,Saturday,1,5,1,Active,227.0,0.2873417721518987,149.0,0.3000803069510128,31
8378563200,2016-04-17,2132.0,1.69000005722046,1.69000005722046,0.0,0.0,0.0,1.69000005722046,0.0,0.0,0.0,93.0,599.0,2572.0,2016-04-17,True,Sunday,1,6,1,Sedentary,93.0,0.13439306358381503,0.0,1.2063789868667918,31
8378563200,2016-04-18,13630.0,10.8100004196167,10.8100004196167,2.0921471118927,5.05000019073486,0.560000002384186,5.19999980926514,0.0,117.0,10.0,174.0,720.0,4157.0,2016-04-18,True,Monday,0,7,1,Highly active,301.0,0.2948090107737512,244.0,0.30498899486427,31
8378563200,2016-04-19,13070.0,10.3599996566772,10.3599996566772,2.25308108329773,5.30000019073486,0.879999995231628,4.17999982833862,0.0,120.0,19.0,154.0,737.0,4092.0,2016-04-19,True,Tuesday,0,8,2,Highly active,293.0,0.28446601941747574,259.0,0.31308339709257843,31
8378563200,2016-04-20,9388.0,7.44000005722046,7.44000005722046,2.0921471118927,2.23000001907349,0.439999997615814,4.78000020980835,0.0,82.0,8.0,169.0,763.0,3787.0,2016-04-20,True,Wednesday,0,9,2,Somewhat active,259.0,0.2534246575342466,172.0,0.4033873029399233,31
8378563200,2016-04-21,15148.0,12.0100002288818,12.0100002288818,2.25308108329773,6.90000009536743,0.819999992847443,4.28999996185303,0.0,137.0,16.0,145.0,677.0,4236.0,2016-04-21,True,Thursday,0,10,2,Highly active,298.0,0.30564102564102563,290.0,0.27964087668339055,31
8378563200,2016-04-22,12200.0,9.67000007629395,9.67000007629395,2.0921471118927,4.90999984741211,0.589999973773956,4.17999982833862,0.0,113.0,12.0,159.0,769.0,4044.0,2016-04-22,True,Friday,0,11,2,Active,284.0,0.26970560303893637,238.0,0.33147540983606555,31
8378563200,2016-04-23,5709.0,4.53000020980835,4.53000020980835,0.0,1.51999998092651,0.519999980926514,2.48000001907349,0.0,19.0,10.0,136.0,740.0,2908.0,2016-04-23,True,Saturday,1,12,2,Low active,165.0,0.18232044198895028,48.0,0.509371168330706,31
8378563200,2016-04-24,3703.0,2.94000005722046,2.94000005722046,0.0,0.0,0.0,2.94000005722046,0.0,0.0,0.0,135.0,734.0,2741.0,2016-04-24,True,Sunday,1,13,2,Sedentary,135.0,0.15535097813578827,0.0,0.7402106400216041,31
8378563200,2016-04-25,12405.0,9.84000015258789,9.84000015258789,2.0921471118927,5.05000019073486,0.870000004768372,3.92000007629395,0.0,117.0,16.0,141.0,692.0,4005.0,2016-04-25,True,Monday,0,14,2,Active,274.0,0.2836438923395445,250.0,0.32285368802902054,31
8378563200,2016-04-26,16208.0,12.8500003814697,12.8500003814697,0.0,7.51000022888184,0.920000016689301,4.42000007629395,0.0,90.0,18.0,161.0,593.0,3763.0,2016-04-26,True,Tuesday,0,15,3,Highly active,269.0,0.31206496519721577,198.0,0.23216929911154985,31
8378563200,2016-04-27,7359.0,5.84000015258789,5.84000015258789,0.0,0.330000013113022,0.180000007152557,5.32999992370605,0.0,4.0,4.0,192.0,676.0,3061.0,2016-04-27,True,Wednesday,0,16,3,Low active,200.0,0.228310502283105,12.0,0.4159532545182769,31
8378563200,2016-04-28,5417.0,4.30000019073486,4.30000019073486,0.0,0.899999976158142,0.490000009536743,2.91000008583069,0.0,11.0,10.0,139.0,711.0,2884.0,2016-04-28,True,Thursday,0,17,3,Low active,160.0,0.18369690011481057,32.0,0.5323980062765369,31
8378563200,2016-04-29,6175.0,4.90000009536743,4.90000009536743,0.0,0.25,0.360000014305115,4.26999998092651,0.0,3.0,7.0,172.0,767.0,2982.0,2016-04-29,True,Friday,0,18,3,Low active,182.0,0.1917808219178082,13.0,0.48291497975708503,31
8378563200,2016-04-30,2946.0,2.33999991416931,2.33999991416931,0.0,0.0,0.0,2.33999991416931,0.0,0.0,0.0,121.0,780.0,2660.0,2016-04-30,True,Saturday,1,19,3,Sedentary,121.0,0.13429522752497225,0.0,0.902919212491514,31
8378563200,2016-05-01,11419.0,9.0600004196167,9.0600004196167,0.0,6.03000020980835,0.560000002384186,2.47000002861023,0.0,71.0,10.0,127.0,669.0,3369.0,2016-05-01,True,Sunday,1,20,3,Active,208.0,0.23717217787913342,152.0,0.29503459147035643,31
8378563200,2016-05-02,6064.0,4.80999994277954,4.80999994277954,2.0921471118927,0.629999995231628,0.170000001788139,4.01000022888184,0.0,63.0,4.0,142.0,802.0,3491.0,2016-05-02,True,Monday,0,21,3,Low active,209.0,0.20672601384767555,130.0,0.5756926121372031,31
8378563200,2016-05-03,8712.0,6.90999984741211,6.90999984741211,2.25308108329773,1.3400000333786,1.05999994277954,4.5,0.0,71.0,20.0,195.0,822.0,3784.0,2016-05-03,True,Tuesday,0,22,4,Somewhat active,286.0,0.2581227436823105,162.0,0.43434343434343436,31
8378563200,2016-05-04,7875.0,6.23999977111816,6.23999977111816,0.0,1.55999994277954,0.490000009536743,4.19999980926514,0.0,19.0,10.0,167.0,680.0,3110.0,2016-05-04,True,Wednesday,0,23,4,Somewhat active,196.0,0.2237442922374429,48.0,0.3949206349206349,31
8378563200,2016-05-05,8567.0,6.78999996185303,6.78999996185303,2.25308108329773,0.889999985694885,0.159999996423721,5.73999977111816,0.0,66.0,3.0,214.0,764.0,3783.0,2016-05-05,True,Thursday,0,24,4,Somewhat active,283.0,0.2702960840496657,135.0,0.44157814871016693,31
8378563200,2016-05-06,7045.0,5.59000015258789,5.59000015258789,2.0921471118927,1.54999995231628,0.25,3.77999997138977,0.0,74.0,5.0,166.0,831.0,3644.0,2016-05-06,True,Friday,0,25,4,Low active,245.0,0.22769516728624536,153.0,0.5172462739531583,31
8378563200,2016-05-07,4468.0,3.53999996185303,3.53999996185303,0.0,0.0,0.0,3.53999996185303,0.0,0.0,0.0,158.0,851.0,2799.0,2016-05-07,True,Saturday,1,26,4,Sedentary,158.0,0.1565906838453915,0.0,0.6264547896150403,31
8378563200,2016-05-08,2943.0,2.32999992370605,2.32999992370605,0.0,0.0,0.0,2.32999992370605,0.0,0.0,0.0,139.0,621.0,2685.0,2016-05-08,True,Sunday,1,27,4,Sedentary,139.0,0.18289473684210528,0.0,0.9123343527013251,31
8378563200,2016-05-09,8382.0,6.65000009536743,6.65000009536743,2.0921471118927,1.26999998092651,0.660000026226044,4.71999979019165,0.0,71.0,13.0,171.0,772.0,3721.0,2016-05-09,True,Monday,0,28,4,Somewhat active,255.0,0.24829600778967867,155.0,0.44392746361250296,31
8378563200,2016-05-10,6582.0,5.21999979019165,5.21999979019165,2.25308108329773,0.660000026226044,0.639999985694885,3.92000007629395,0.0,63.0,13.0,152.0,840.0,3586.0,2016-05-10,True,Tuesday,0,29,5,Low active,228.0,0.21348314606741572,139.0,0.5448192038893953,31
8378563200,2016-05-11,9143.0,7.25,7.25,2.0921471118927,1.38999998569489,0.589999973773956,5.26999998092651,0.0,72.0,10.0,184.0,763.0,3788.0,2016-05-11,True,Wednesday,0,30,5,Somewhat active,266.0,0.2585034013605442,154.0,0.4143060264683364,31
8378563200,2016-05-12,4561.0,3.61999988555908,3.61999988555908,0.0,0.649999976158142,0.270000010728836,2.69000005722046,0.0,8.0,6.0,102.0,433.0,1976.0,2016-05-12,True,Thursday,0,31,5,Sedentary,116.0,0.21129326047358835,22.0,0.4332383249287437,31
8583815059,2016-04-12,5014.0,3.91000008583069,3.91000008583069,0.0,0.0,0.330000013113022,3.57999992370605,0.0,0.0,7.0,196.0,1237.0,2650.0,2016-04-12,True,Tuesday,0,1,1,Low active,203.0,0.14097222222222222,7.0,0.5285201435979258,31
8583815059,2016-04-13,5571.0,4.34999990463257,4.34999990463257,0.0,0.150000005960464,0.970000028610229,3.23000001907349,0.0,2.0,23.0,163.0,1252.0,2654.0,2016-04-13,True,Wednesday,0,2,1,Low active,188.0,0.13055555555555556,27.0,0.47639562017591097,31
8583815059,2016-04-14,3135.0,2.45000004768372,2.45000004768372,0.0,0.0,0.0,2.4300000667572,0.0,0.0,0.0,134.0,1306.0,2443.0,2016-04-14,True,Thursday,0,3,1,Sedentary,134.0,0.09305555555555556,0.0,0.7792663476874003,31
8583815059,2016-04-15,3430.0,2.6800000667572,2.6800000667572,0.0,0.0,0.0,0.899999976158142,0.0,0.0,0.0,65.0,1375.0,2505.0,2016-04-15,True,Friday,0,4,1,Sedentary,65.0,0.04513888888888889,0.0,0.7303206997084548,31
8583815059,2016-04-18,3864.0,3.00999999046326,3.00999999046326,0.0,0.310000002384186,1.05999994277954,1.35000002384186,0.0,4.0,22.0,105.0,1309.0,2536.0,2016-04-18,True,Monday,0,7,1,Sedentary,131.0,0.09097222222222222,30.0,0.6563146997929606,31
8583815059,2016-04-19,5697.0,4.44000005722046,4.44000005722046,0.0,0.529999971389771,0.479999989271164,3.44000005722046,0.0,7.0,10.0,166.0,1257.0,2668.0,2016-04-19,True,Tuesday,0,8,2,Low active,183.0,0.12708333333333333,24.0,0.4683166578901176,31
8583815059,2016-04-20,5273.0,4.1100001335144,4.1100001335144,0.0,0.0,1.03999996185303,3.0699999332428,0.0,0.0,27.0,167.0,1246.0,2647.0,2016-04-20,True,Wednesday,0,9,2,Low active,194.0,0.13472222222222222,27.0,0.5019912763132941,31
8583815059,2016-04-21,8538.0,6.65999984741211,6.65999984741211,0.0,2.63000011444092,1.01999998092651,3.00999999046326,0.0,35.0,18.0,158.0,1229.0,2883.0,2016-04-21,True,Thursday,0,10,2,Somewhat active,211.0,0.14652777777777778,88.0,0.3376669009135629,31
8583815059,2016-04-22,8687.0,6.78000020980835,6.78000020980835,0.0,0.28999999165535,2.41000008583069,4.07999992370605,0.0,4.0,54.0,212.0,1170.0,2944.0,2016-04-22,True,Friday,0,11,2,Somewhat active,270.0,0.1875,62.0,0.3388972027167031,31
8583815059,2016-04-23,9423.0,7.34999990463257,7.34999990463257,0.0,0.529999971389771,2.02999997138977,4.75,0.0,7.0,44.0,238.0,1151.0,3012.0,2016-04-23,True,Saturday,1,12,2,Somewhat active,289.0,0.20069444444444445,58.0,0.31964342566061765,31
8583815059,2016-04-24,8286.0,6.46000003814697,6.46000003814697,0.0,0.150000005960464,2.04999995231628,4.26999998092651,0.0,2.0,44.0,206.0,1188.0,2889.0,2016-04-24,True,Sunday,1,13,2,Somewhat active,252.0,0.175,48.0,0.34866039102099927,31
8583815059,2016-04-25,4503.0,3.50999999046326,3.50999999046326,0.0,1.47000002861023,0.239999994635582,1.80999994277954,0.0,18.0,6.0,122.0,1294.0,2547.0,2016-04-25,True,Monday,0,14,2,Sedentary,146.0,0.10138888888888889,42.0,0.5656229180546303,31
8583815059,2016-04-26,10499.0,8.1899995803833,8.1899995803833,0.0,0.0700000002980232,4.21999979019165,3.89000010490417,0.0,1.0,91.0,214.0,1134.0,3093.0,2016-04-26,True,Tuesday,0,15,3,Active,306.0,0.2125,93.0,0.2945994856653015,31
8583815059,2016-04-27,12474.0,9.72999954223633,9.72999954223633,0.0,6.59999990463257,0.270000010728836,2.86999988555908,0.0,77.0,5.0,129.0,1229.0,3142.0,2016-04-27,True,Wednesday,0,16,3,Active,211.0,0.14652777777777778,159.0,0.25188391855058523,31
8583815059,2016-04-28,6174.0,4.82000017166138,4.82000017166138,0.0,0.0,1.20000004768372,3.60999989509583,0.0,0.0,28.0,203.0,1209.0,2757.0,2016-04-28,True,Thursday,0,17,3,Low active,231.0,0.16041666666666668,28.0,0.4465500485908649,31
8583815059,2016-04-29,15168.0,11.8299999237061,11.8299999237061,0.0,3.90000009536743,3.0,4.92000007629395,0.0,46.0,67.0,258.0,1069.0,3513.0,2016-04-29,True,Friday,0,18,3,Highly active,371.0,0.25763888888888886,159.0,0.23160601265822786,31
8583815059,2016-04-30,10085.0,7.86999988555908,7.86999988555908,0.0,0.150000005960464,1.27999997138977,6.42999982833862,0.0,2.0,28.0,317.0,1093.0,3164.0,2016-04-30,True,Saturday,1,19,3,Active,347.0,0.24097222222222223,32.0,0.31373326722855727,31
8583815059,2016-05-01,4512.0,3.51999998092651,3.51999998092651,0.0,0.779999971389771,0.119999997317791,2.03999996185303,0.0,10.0,2.0,117.0,1311.0,2596.0,2016-05-01,True,Sunday,1,20,3,Sedentary,129.0,0.08958333333333333,22.0,0.575354609929078,31
8583815059,2016-05-05,12427.0,9.6899995803833,9.6899995803833,0.0,0.0,0.0,1.17999994754791,0.0,0.0,0.0,70.0,1370.0,3266.0,2016-05-05,True,Thursday,0,24,4,Active,70.0,0.04861111111111111,0.0,0.26281483865776134,31
8583815059,2016-05-06,5843.0,4.55999994277954,4.55999994277954,0.0,0.140000000596046,1.19000005722046,3.23000001907349,0.0,2.0,22.0,166.0,1250.0,2683.0,2016-05-06,True,Friday,0,25,4,Low active,190.0,0.13194444444444445,26.0,0.45918192709224714,31
8583815059,2016-05-07,6117.0,4.76999998092651,4.76999998092651,0.0,0.0,0.0,4.76999998092651,0.0,0.0,0.0,250.0,1190.0,2810.0,2016-05-07,True,Saturday,1,26,4,Low active,250.0,0.1736111111111111,0.0,0.45937551087134215,31
8583815059,2016-05-08,9217.0,7.19000005722046,7.19000005722046,0.0,0.219999998807907,3.30999994277954,3.66000008583069,0.0,3.0,72.0,182.0,1183.0,2940.0,2016-05-08,True,Sunday,1,27,4,Somewhat active,257.0,0.17847222222222223,78.0,0.31897580557665184,31
8583815059,2016-05-09,9877.0,7.69999980926514,7.69999980926514,0.0,5.76000022888184,0.170000001788139,1.73000001907349,0.0,66.0,4.0,110.0,1260.0,2947.0,2016-05-09,True,Monday,0,28,4,Somewhat active,180.0,0.125,136.0,0.29836995038979447,31
8583815059,2016-05-10,8240.0,6.42999982833862,6.42999982833862,0.0,0.689999997615814,2.00999999046326,3.72000002861023,0.0,9.0,43.0,162.0,1226.0,2846.0,2016-05-10,True,Tuesday,0,29,5,Somewhat active,214.0,0.1486111111111111,61.0,0.3453883495145631,31
8583815059,2016-05-11,8701.0,6.78999996185303,6.78999996185303,0.0,0.370000004768372,3.24000000953674,3.17000007629395,0.0,5.0,71.0,177.0,1106.0,2804.0,2016-05-11,True,Wednesday,0,30,5,Somewhat active,253.0,0.1861662987490802,81.0,0.3222618089874727,31
8792009665,2016-04-12,2564.0,1.63999998569489,1.63999998569489,0.0,0.0,0.0,1.63999998569489,0.0,0.0,0.0,116.0,831.0,2044.0,2016-04-12,True,Tuesday,0,1,1,Sedentary,116.0,0.12249208025343189,0.0,0.797191887675507,29
8792009665,2016-04-13,1320.0,0.839999973773956,0.839999973773956,0.0,0.0,0.0,0.839999973773956,0.0,0.0,0.0,82.0,806.0,1934.0,2016-04-13,True,Wednesday,0,2,1,Sedentary,82.0,0.09234234234234234,0.0,1.465151515151515,29
8792009665,2016-04-14,1219.0,0.779999971389771,0.779999971389771,0.0,0.0,0.0,0.779999971389771,0.0,0.0,0.0,84.0,853.0,1963.0,2016-04-14,True,Thursday,0,3,1,Sedentary,84.0,0.08964781216648879,0.0,1.6103363412633307,29
8792009665,2016-04-15,2483.0,1.5900000333786,1.5900000333786,0.0,0.0,0.0,1.5900000333786,0.0,0.0,0.0,126.0,937.0,2009.0,2016-04-15,True,Friday,0,4,1,Sedentary,126.0,0.11853245531514581,0.0,0.8091018928715263,29
8792009665,2016-04-16,244.0,0.159999996423721,0.159999996423721,0.0,0.0,0.0,0.159999996423721,0.0,0.0,0.0,12.0,1428.0,1721.0,2016-04-16,True,Saturday,1,5,1,Sedentary,12.0,0.008333333333333333,0.0,7.05327868852459,29
8792009665,2016-04-20,3147.0,2.00999999046326,2.00999999046326,0.0,0.0,0.280000001192093,1.74000000953674,0.0,0.0,10.0,139.0,744.0,2188.0,2016-04-20,True,Wednesday,0,9,2,Sedentary,149.0,0.16685330347144456,10.0,0.6952653320622816,29
8792009665,2016-04-21,144.0,0.0900000035762787,0.0900000035762787,0.0,0.0,0.0,0.0900000035762787,0.0,0.0,0.0,9.0,1431.0,1720.0,2016-04-21,True,Thursday,0,10,2,Sedentary,9.0,0.00625,0.0,11.944444444444445,29
8792009665,2016-04-22,4068.0,2.59999990463257,2.59999990463257,0.0,0.0500000007450581,0.280000001192093,2.26999998092651,0.0,1.0,20.0,195.0,817.0,2419.0,2016-04-22,True,Friday,0,11,2,Sedentary,216.0,0.2090997095837367,22.0,0.5946411012782694,29
8792009665,2016-04-23,5245.0,3.35999989509583,3.35999989509583,0.0,0.159999996423721,0.439999997615814,2.75,0.0,8.0,45.0,232.0,795.0,2748.0,2016-04-23,True,Saturday,1,12,2,Low active,285.0,0.2638888888888889,61.0,0.5239275500476644,29
8792009665,2016-04-24,400.0,0.259999990463257,0.259999990463257,0.0,0.0399999991059303,0.0500000007450581,0.159999996423721,0.0,3.0,8.0,19.0,1410.0,1799.0,2016-04-24,True,Sunday,1,13,2,Sedentary,30.0,0.020833333333333332,14.0,4.4975,29
8792009665,2016-04-26,1321.0,0.850000023841858,0.850000023841858,0.0,0.0,0.0,0.850000023841858,0.0,0.0,0.0,80.0,1360.0,1928.0,2016-04-26,True,Tuesday,0,15,3,Sedentary,80.0,0.05555555555555555,0.0,1.4595003785011356,29
8792009665,2016-04-27,1758.0,1.12999999523163,1.12999999523163,0.0,0.0,0.0,1.12999999523163,0.0,0.0,0.0,112.0,900.0,2067.0,2016-04-27,True,Wednesday,0,16,3,Sedentary,112.0,0.11067193675889328,0.0,1.1757679180887373,29
8792009665,2016-04-28,6157.0,3.94000005722046,3.94000005722046,0.0,0.0,0.0,3.94000005722046,0.0,0.0,0.0,310.0,714.0,2780.0,2016-04-28,True,Thursday,0,17,3,Low active,310.0,0.302734375,0.0,0.45151859671918143,29
8792009665,2016-04-29,8360.0,5.34999990463257,5.34999990463257,0.0,0.140000000596046,0.280000001192093,4.92999982833862,0.0,6.0,14.0,380.0,634.0,3101.0,2016-04-29,True,Friday,0,18,3,Somewhat active,400.0,0.38684719535783363,26.0,0.370933014354067,29
8792009665,2016-04-30,7174.0,4.59000015258789,4.59000015258789,0.0,0.330000013113022,0.360000014305115,3.91000008583069,0.0,10.0,20.0,301.0,749.0,2896.0,2016-04-30,True,Saturday,1,19,3,Low active,331.0,0.30648148148148147,40.0,0.4036799553944801,29
8792009665,2016-05-01,1619.0,1.03999996185303,1.03999996185303,0.0,0.0,0.0,1.03999996185303,0.0,0.0,0.0,79.0,834.0,1962.0,2016-05-01,True,Sunday,1,20,3,Sedentary,79.0,0.08652792990142388,0.0,1.2118591723285979,29
8792009665,2016-05-02,1831.0,1.16999995708466,1.16999995708466,0.0,0.0,0.0,1.16999995708466,0.0,0.0,0.0,101.0,916.0,2015.0,2016-05-02,True,Monday,0,21,3,Sedentary,101.0,0.09931170108161258,0.0,1.1004915346805024,29
8792009665,2016-05-03,2421.0,1.54999995231628,1.54999995231628,0.0,0.0,0.0,1.54999995231628,0.0,0.0,0.0,156.0,739.0,2297.0,2016-05-03,True,Tuesday,0,22,4,Sedentary,156.0,0.17430167597765364,0.0,0.9487814952498967,29
8792009665,2016-05-04,2283.0,1.46000003814697,1.46000003814697,0.0,0.0,0.0,1.46000003814697,0.0,0.0,0.0,129.0,848.0,2067.0,2016-05-04,True,Wednesday,0,23,4,Sedentary,129.0,0.13203684749232344,0.0,0.9053876478318003,29
8877689391,2016-04-12,23186.0,20.3999996185303,20.3999996185303,0.0,12.2200002670288,0.340000003576279,7.82000017166138,0.0,85.0,7.0,312.0,1036.0,3921.0,2016-04-12,True,Tuesday,0,1,1,Highly active,404.0,0.28055555555555556,177.0,0.16911067023203658,31
8877689391,2016-04-13,15337.0,9.57999992370605,9.57999992370605,0.0,3.54999995231628,0.379999995231628,5.6399998664856,0.0,108.0,18.0,216.0,1098.0,3566.0,2016-04-13,True,Wednesday,0,2,1,Highly active,342.0,0.2375,234.0,0.23250961726543654,31
8877689391,2016-04-14,21129.0,18.9799995422363,18.9799995422363,0.0,10.5500001907349,0.589999973773956,7.75,0.0199999995529652,68.0,13.0,298.0,1061.0,3793.0,2016-04-14,True,Thursday,0,3,1,Highly active,379.0,0.26319444444444445,149.0,0.1795163046050452,31
8877689391,2016-04-15,13422.0,7.17000007629395,7.17000007629395,0.0,0.0500000007450581,0.0500000007450581,7.01000022888184,0.0099999997764825,106.0,1.0,281.0,1052.0,3934.0,2016-04-15,True,Friday,0,4,1,Highly active,388.0,0.26944444444444443,213.0,0.29310087915362837,31
8877689391,2016-04-16,29326.0,25.2900009155273,25.2900009155273,0.0,13.2399997711182,1.21000003814697,10.710000038147,0.0,94.0,29.0,429.0,888.0,4547.0,2016-04-16,True,Saturday,1,5,1,Highly active,552.0,0.38333333333333336,217.0,0.15505012616790562,31
8877689391,2016-04-17,15118.0,8.86999988555908,8.86999988555908,0.0,0.0,0.0700000002980232,8.78999996185303,0.0,58.0,15.0,307.0,1060.0,3545.0,2016-04-17,True,Sunday,1,6,1,Highly active,380.0,0.2638888888888889,131.0,0.2344886889800238,31
8877689391,2016-04-18,11423.0,8.67000007629395,8.67000007629395,0.0,2.44000005722046,0.270000010728836,5.94000005722046,0.0,29.0,5.0,191.0,1215.0,2761.0,2016-04-18,True,Monday,0,7,1,Active,225.0,0.15625,63.0,0.24170533134903266,31
8877689391,2016-04-19,18785.0,17.3999996185303,17.3999996185303,0.0,12.1499996185303,0.180000007152557,5.03000020980835,0.0,82.0,13.0,214.0,1131.0,3676.0,2016-04-19,True,Tuesday,0,8,2,Highly active,309.0,0.21458333333333332,177.0,0.19568804897524622,31
8877689391,2016-04-20,19948.0,18.1100006103516,18.1100006103516,0.0,11.0200004577637,0.689999997615814,6.34000015258789,0.0,73.0,19.0,225.0,1123.0,3679.0,2016-04-20,True,Wednesday,0,9,2,Highly active,317.0,0.22013888888888888,165.0,0.1844295167435332,31
8877689391,2016-04-21,19377.0,17.6200008392334,17.6200008392334,0.0,12.289999961853,0.419999986886978,4.8899998664856,0.0,82.0,13.0,226.0,1119.0,3659.0,2016-04-21,True,Thursday,0,10,2,Highly active,321.0,0.22291666666666668,177.0,0.18883212055529752,31
8877689391,2016-04-22,18258.0,16.3099994659424,16.3099994659424,0.0,10.2299995422363,0.0299999993294477,5.96999979019165,0.0500000007450581,61.0,2.0,236.0,1141.0,3427.0,2016-04-22,True,Friday,0,11,2,Highly active,299.0,0.2076388888888889,124.0,0.1876985431043926,31
8877689391,2016-04-23,11200.0,7.42999982833862,7.42999982833862,0.0,0.0,0.0,7.40000009536743,0.0099999997764825,102.0,6.0,300.0,1032.0,3891.0,2016-04-23,True,Saturday,1,12,2,Active,408.0,0.2833333333333333,210.0,0.3474107142857143,31
8877689391,2016-04-24,16674.0,15.7399997711182,15.7399997711182,0.0,11.0100002288818,0.0099999997764825,4.69000005722046,0.0,64.0,1.0,227.0,1148.0,3455.0,2016-04-24,True,Sunday,1,13,2,Highly active,292.0,0.20277777777777778,129.0,0.20720882811562913,31
8877689391,2016-04-25,12986.0,8.73999977111816,8.73999977111816,0.0,2.36999988555908,0.0700000002980232,6.26999998092651,0.0099999997764825,113.0,8.0,218.0,1101.0,3802.0,2016-04-25,True,Monday,0,14,2,Highly active,339.0,0.23541666666666666,234.0,0.29277683659325426,31
8877689391,2016-04-26,11101.0,8.43000030517578,8.43000030517578,0.0,1.75999999046326,0.129999995231628,6.5,0.0,22.0,3.0,258.0,1157.0,2860.0,2016-04-26,True,Tuesday,0,15,3,Active,283.0,0.19652777777777777,47.0,0.25763444734708585,31
8877689391,2016-04-27,23629.0,20.6499996185303,20.6499996185303,0.0,13.0699996948242,0.439999997615814,7.09999990463257,0.0,93.0,8.0,235.0,1104.0,3808.0,2016-04-27,True,Wednesday,0,16,3,Highly active,336.0,0.23333333333333334,194.0,0.16115789919167126,31
8877689391,2016-04-28,14890.0,11.3000001907349,11.3000001907349,0.0,4.92999982833862,0.379999995231628,5.96999979019165,0.0,58.0,8.0,231.0,1143.0,3060.0,2016-04-28,True,Thursday,0,17,3,Highly active,297.0,0.20625,124.0,0.20550705171255876,31
8877689391,2016-04-29,9733.0,7.3899998664856,7.3899998664856,0.0,1.37999999523163,0.170000001788139,5.78999996185303,0.0,18.0,5.0,210.0,1207.0,2698.0,2016-04-29,True,Friday,0,18,3,Somewhat active,233.0,0.16180555555555556,41.0,0.27720127401623346,31
8877689391,2016-04-30,27745.0,26.7199993133545,26.7199993133545,0.0,21.6599998474121,0.0799999982118607,4.92999982833862,0.0,124.0,4.0,223.0,1089.0,4398.0,2016-04-30,True,Saturday,1,19,3,Highly active,351.0,0.24375,252.0,0.1585150477563525,31
8877689391,2016-05-01,10930.0,8.31999969482422,8.31999969482422,0.0,3.13000011444092,0.569999992847443,4.57000017166138,0.0,36.0,12.0,166.0,1226.0,2786.0,2016-05-01,True,Sunday,1,20,3,Active,214.0,0.1486111111111111,84.0,0.25489478499542545,31
8877689391,2016-05-02,4790.0,3.64000010490417,3.64000010490417,0.0,0.0,0.0,3.55999994277954,0.0,0.0,0.0,105.0,1335.0,2189.0,2016-05-02,True,Monday,0,21,3,Sedentary,105.0,0.07291666666666667,0.0,0.4569937369519833,31
8877689391,2016-05-03,10818.0,8.21000003814697,8.21000003814697,0.0,1.38999998569489,0.100000001490116,6.67000007629395,0.0099999997764825,19.0,3.0,229.0,1189.0,2817.0,2016-05-03,True,Tuesday,0,22,4,Active,251.0,0.17430555555555555,41.0,0.26039933444259566,31
8877689391,2016-05-04,18193.0,16.2999992370605,16.2999992370605,0.0,10.4200000762939,0.310000002384186,5.53000020980835,0.0,66.0,8.0,212.0,1154.0,3477.0,2016-05-04,True,Wednesday,0,23,4,Highly active,286.0,0.1986111111111111,140.0,0.19111746276040234,31
8877689391,2016-05-05,14055.0,10.6700000762939,10.6700000762939,0.0,5.46000003814697,0.819999992847443,4.36999988555908,0.0,67.0,15.0,188.0,1170.0,3052.0,2016-05-05,True,Thursday,0,24,4,Highly active,270.0,0.1875,149.0,0.21714692280327286,31
8877689391,2016-05-06,21727.0,19.3400001525879,19.3400001525879,0.0,12.789999961853,0.28999999165535,6.15999984741211,0.0,96.0,17.0,232.0,1095.0,4015.0,2016-05-06,True,Friday,0,25,4,Highly active,345.0,0.23958333333333334,209.0,0.18479311455792333,31
8877689391,2016-05-07,12332.0,8.13000011444092,8.13000011444092,0.0,0.0799999982118607,0.959999978542328,6.98999977111816,0.0,105.0,28.0,271.0,1036.0,4142.0,2016-05-07,True,Saturday,1,26,4,Active,404.0,0.28055555555555556,238.0,0.3358741485566007,31
8877689391,2016-05-08,10686.0,8.10999965667725,8.10999965667725,0.0,1.08000004291534,0.200000002980232,6.80000019073486,0.0,17.0,4.0,245.0,1174.0,2847.0,2016-05-08,True,Sunday,1,27,4,Active,266.0,0.18472222222222223,38.0,0.2664233576642336,31
8877689391,2016-05-09,20226.0,18.25,18.25,0.0,11.1000003814697,0.800000011920929,6.23999977111816,0.0500000007450581,73.0,19.0,217.0,1131.0,3710.0,2016-05-09,True,Monday,0,28,4,Highly active,309.0,0.21458333333333332,165.0,0.18342727182833976,31
8877689391,2016-05-10,10733.0,8.14999961853027,8.14999961853027,0.0,1.35000002384186,0.46000000834465,6.28000020980835,0.0,18.0,11.0,224.0,1187.0,2832.0,2016-05-10,True,Tuesday,0,29,5,Active,253.0,0.17569444444444443,47.0,0.26385912605981554,31
8877689391,2016-05-11,21420.0,19.5599994659424,19.5599994659424,0.0,13.2200002670288,0.409999996423721,5.8899998664856,0.0,88.0,12.0,213.0,1127.0,3832.0,2016-05-11,True,Wednesday,0,30,5,Highly active,313.0,0.21736111111111112,188.0,0.1788982259570495,31
8877689391,2016-05-12,8064.0,6.11999988555908,6.11999988555908,0.0,1.82000005245209,0.0399999991059303,4.25,0.0,23.0,1.0,137.0,770.0,1849.0,2016-05-12,True,Thursday,0,31,5,Somewhat active,161.0,0.17293233082706766,47.0,0.2292906746031746,31
