Id,ActivityHour,samples,mean_bpm,min_bpm,max_bpm
2022484408,2016-04-12 07:00:00,265,83.2,52.0,108.0
2022484408,2016-04-12 08:00:00,379,68.56200527704486,54.0,112.0
2022484408,2016-04-12 09:00:00,383,66.40469973890339,55.0,105.0
2022484408,2016-04-12 10:00:00,479,106.7160751565762,60.0,134.0
2022484408,2016-04-12 11:00:00,408,67.7671568627451,55.0,90.0
2022484408,2016-04-12 12:00:00,386,66.23056994818653,56.0,89.0
2022484408,2016-04-12 13:00:00,208,83.6875,60.0,112.0
2022484408,2016-04-12 14:00:00,454,80.57709251101322,59.0,107.0
2022484408,2016-04-12 15:00:00,364,68.32692307692308,59.0,112.0
2022484408,2016-04-12 16:00:00,416,71.02163461538461,54.0,105.0
2022484408,2016-04-12 17:00:00,424,69.94103773584905,55.0,98.0
2022484408,2016-04-12 18:00:00,378,76.37301587301587,59.0,97.0
2022484408,2016-04-12 19:00:00,292,74.87328767123287,66.0,90.0
2022484408,2016-04-13 07:00:00,333,79.2042042042042,54.0,119.0
2022484408,2016-04-13 08:00:00,424,75.77358490566037,56.0,104.0
2022484408,2016-04-13 09:00:00,475,117.64,74.0,156.0
2022484408,2016-04-13 10:00:00,404,68.73019801980197,56.0,84.0
2022484408,2016-04-13 11:00:00,459,72.49891067538127,51.0,94.0
2022484408,2016-04-13 12:00:00,376,81.17553191489361,61.0,112.0
2022484408,2016-04-13 13:00:00,367,70.07356948228883,57.0,89.0
2022484408,2016-04-13 14:00:00,480,86.69375,54.0,118.0
2022484408,2016-04-13 15:00:00,413,71.86440677966101,53.0,99.0
2022484408,2016-04-13 16:00:00,393,71.29262086513995,55.0,110.0
2022484408,2016-04-13 17:00:00,438,74.21004566210046,57.0,96.0
2022484408,2016-04-13 18:00:00,406,85.96305418719211,68.0,120.0
2022484408,2016-04-13 19:00:00,364,82.35989010989012,67.0,110.0
2022484408,2016-04-14 07:00:00,98,88.35714285714286,79.0,103.0
2022484408,2016-04-14 08:00:00,400,71.19,54.0,102.0
2022484408,2016-04-14 09:00:00,395,69.14936708860759,56.0,101.0
2022484408,2016-04-14 10:00:00,445,63.81348314606742,52.0,87.0
2022484408,2016-04-14 11:00:00,397,66.47607052896726,54.0,92.0
2022484408,2016-04-14 12:00:00,393,71.76335877862596,63.0,80.0
2022484408,2016-04-14 13:00:00,441,70.0453514739229,59.0,99.0
2022484408,2016-04-14 14:00:00,548,87.07664233576642,65.0,118.0
2022484408,2016-04-14 15:00:00,403,63.88585607940447,50.0,94.0
2022484408,2016-04-14 16:00:00,438,68.62557077625571,52.0,101.0
2022484408,2016-04-14 17:00:00,454,69.42070484581498,54.0,101.0
2022484408,2016-04-14 18:00:00,502,87.49402390438247,53.0,127.0
2022484408,2016-04-14 19:00:00,414,71.14975845410628,55.0,104.0
2022484408,2016-04-14 20:00:00,232,73.56896551724138,59.0,88.0
2022484408,2016-04-15 07:00:00,176,90.75,68.0,121.0
2022484408,2016-04-15 08:00:00,451,73.3059866962306,56.0,99.0
2022484408,2016-04-15 09:00:00,525,117.06666666666666,74.0,189.0
2022484408,2016-04-15 10:00:00,364,83.41208791208791,61.0,116.0
2022484408,2016-04-15 11:00:00,398,76.58291457286433,59.0,98.0
2022484408,2016-04-15 12:00:00,388,70.08505154639175,62.0,88.0
2022484408,2016-04-15 13:00:00,466,83.25965665236052,63.0,106.0
2022484408,2016-04-15 14:00:00,452,81.59070796460178,61.0,116.0
2022484408,2016-04-15 15:00:00,413,72.50605326876513,59.0,99.0
2022484408,2016-04-15 16:00:00,480,79.5375,56.0,112.0
2022484408,2016-04-15 17:00:00,455,72.48351648351648,58.0,111.0
2022484408,2016-04-15 18:00:00,440,67.59772727272727,53.0,93.0
2022484408,2016-04-15 19:00:00,294,72.88095238095238,55.0,94.0
2022484408,2016-04-16 07:00:00,44,94.06818181818181,73.0,107.0
2022484408,2016-04-16 08:00:00,148,90.69594594594595,70.0,123.0
2022484408,2016-04-16 09:00:00,449,102.17817371937639,59.0,136.0
2022484408,2016-04-16 10:00:00,443,68.12866817155756,53.0,112.0
2022484408,2016-04-16 11:00:00,400,67.9125,55.0,94.0
2022484408,2016-04-16 12:00:00,428,67.34345794392523,49.0,98.0
2022484408,2016-04-16 13:00:00,470,75.98297872340426,59.0,107.0
2022484408,2016-04-16 14:00:00,441,71.60090702947846,55.0,105.0
2022484408,2016-04-16 15:00:00,312,68.18910256410257,53.0,86.0
2022484408,2016-04-16 16:00:00,4,70.0,70.0,70.0
2022484408,2016-04-16 20:00:00,2,73.0,73.0,73.0
2022484408,2016-04-16 21:00:00,2,73.0,73.0,73.0
2022484408,2016-04-17 08:00:00,299,76.59866220735786,53.0,99.0
2022484408,2016-04-17 09:00:00,447,113.82774049217002,66.0,161.0
2022484408,2016-04-17 10:00:00,426,98.51877934272301,73.0,116.0
2022484408,2016-04-17 11:00:00,400,91.045,72.0,108.0
2022484408,2016-04-17 12:00:00,281,72.33096085409252,60.0,84.0
2022484408,2016-04-17 13:00:00,250,78.376,67.0,101.0
2022484408,2016-04-17 14:00:00,518,84.7992277992278,61.0,111.0
2022484408,2016-04-17 15:00:00,467,77.38758029978587,57.0,104.0
2022484408,2016-04-17 16:00:00,452,75.92477876106194,52.0,110.0
2022484408,2016-04-17 17:00:00,483,80.27743271221532,54.0,114.0
2022484408,2016-04-17 18:00:00,389,78.79434447300771,61.0,105.0
2022484408,2016-04-17 19:00:00,345,73.10144927536231,64.0,93.0
2022484408,2016-04-17 20:00:00,191,73.83769633507853,68.0,81.0
2022484408,2016-04-18 06:00:00,110,71.1,54.0,99.0
2022484408,2016-04-18 07:00:00,410,86.17073170731707,56.0,118.0
2022484408,2016-04-18 08:00:00,444,79.35585585585585,55.0,107.0
2022484408,2016-04-18 09:00:00,525,126.82857142857142,54.0,153.0
2022484408,2016-04-18 10:00:00,375,83.54133333333333,69.0,107.0
2022484408,2016-04-18 11:00:00,365,73.97534246575343,67.0,88.0
2022484408,2016-04-18 12:00:00,443,69.14446952595937,57.0,96.0
2022484408,2016-04-18 13:00:00,425,70.84705882352941,58.0,103.0
2022484408,2016-04-18 14:00:00,459,87.60130718954248,63.0,114.0
2022484408,2016-04-18 15:00:00,415,74.6578313253012,58.0,98.0
2022484408,2016-04-18 16:00:00,203,84.82758620689656,69.0,113.0
2022484408,2016-04-18 17:00:00,400,78.9475,58.0,114.0
2022484408,2016-04-18 18:00:00,428,77.3855140186916,55.0,100.0
2022484408,2016-04-18 19:00:00,419,79.4582338902148,65.0,98.0
2022484408,2016-04-18 20:00:00,168,70.45833333333333,62.0,82.0
2022484408,2016-04-19 09:00:00,407,73.93366093366093,54.0,104.0
2022484408,2016-04-19 10:00:00,426,70.27464788732394,56.0,105.0
2022484408,2016-04-19 11:00:00,432,71.41435185185185,56.0,106.0
2022484408,2016-04-19 12:00:00,436,70.66743119266054,54.0,101.0
2022484408,2016-04-19 13:00:00,414,78.53140096618357,65.0,110.0
2022484408,2016-04-19 14:00:00,427,90.26697892271663,61.0,113.0
2022484408,2016-04-19 15:00:00,424,81.92688679245283,63.0,110.0
2022484408,2016-04-19 16:00:00,446,116.32511210762331,66.0,162.0
2022484408,2016-04-19 17:00:00,434,81.1036866359447,70.0,101.0
2022484408,2016-04-19 18:00:00,386,84.5880829015544,70.0,104.0
2022484408,2016-04-19 19:00:00,268,80.51865671641791,70.0,98.0
2022484408,2016-04-20 06:00:00,397,67.59193954659949,56.0,81.0
2022484408,2016-04-20 07:00:00,382,79.43979057591623,56.0,116.0
2022484408,2016-04-20 08:00:00,462,77.13852813852814,57.0,109.0
2022484408,2016-04-20 09:00:00,502,125.5378486055777,72.0,166.0
2022484408,2016-04-20 10:00:00,398,69.58793969849246,50.0,87.0
2022484408,2016-04-20 11:00:00,393,72.90076335877863,56.0,96.0
2022484408,2016-04-20 12:00:00,398,90.84422110552764,62.0,116.0
2022484408,2016-04-20 13:00:00,376,77.98670212765957,62.0,112.0
2022484408,2016-04-20 14:00:00,441,94.16099773242631,54.0,119.0
2022484408,2016-04-20 15:00:00,448,83.98214285714286,58.0,106.0
2022484408,2016-04-20 16:00:00,430,79.79069767441861,59.0,116.0
2022484408,2016-04-20 17:00:00,404,79.88366336633663,63.0,108.0
2022484408,2016-04-20 18:00:00,368,85.1820652173913,72.0,109.0
2022484408,2016-04-20 19:00:00,430,75.60697674418604,64.0,99.0
2022484408,2016-04-20 20:00:00,211,79.37914691943128,59.0,98.0
2022484408,2016-04-21 07:00:00,356,85.89606741573034,57.0,103.0
2022484408,2016-04-21 08:00:00,391,63.112531969309465,54.0,107.0
2022484408,2016-04-21 09:00:00,446,66.43273542600897,53.0,105.0
2022484408,2016-04-21 10:00:00,470,106.09787234042552,63.0,150.0
2022484408,2016-04-21 11:00:00,505,93.23762376237623,65.0,128.0
2022484408,2016-04-21 12:00:00,433,94.90300230946882,66.0,126.0
2022484408,2016-04-21 13:00:00,365,77.68219178082192,68.0,102.0
2022484408,2016-04-21 14:00:00,405,100.81975308641975,73.0,121.0
2022484408,2016-04-21 15:00:00,420,84.25238095238095,63.0,125.0
2022484408,2016-04-21 16:00:00,352,107.51704545454545,66.0,203.0
2022484408,2016-04-21 17:00:00,402,93.76616915422886,61.0,203.0
2022484408,2016-04-21 18:00:00,434,76.94239631336406,59.0,102.0
2022484408,2016-04-21 19:00:00,405,75.21234567901234,64.0,91.0
2022484408,2016-04-21 20:00:00,156,74.9423076923077,61.0,98.0
2022484408,2016-04-21 21:00:00,2,68.0,68.0,68.0
2022484408,2016-04-21 22:00:00,2,70.0,70.0,70.0
2022484408,2016-04-22 06:00:00,234,66.38034188034187,57.0,117.0
2022484408,2016-04-22 07:00:00,303,83.97689768976898,57.0,118.0
2022484408,2016-04-22 08:00:00,396,72.85353535353535,57.0,104.0
2022484408,2016-04-22 09:00:00,508,119.51771653543307,62.0,153.0
2022484408,2016-04-22 10:00:00,352,91.41193181818181,66.0,137.0
2022484408,2016-04-22 11:00:00,443,74.75620767494357,54.0,113.0
2022484408,2016-04-22 12:00:00,403,80.60545905707195,64.0,105.0
2022484408,2016-04-22 13:00:00,378,87.3068783068783,71.0,111.0
2022484408,2016-04-22 14:00:00,431,86.59164733178655,64.0,101.0
2022484408,2016-04-22 15:00:00,381,70.0971128608924,56.0,94.0
2022484408,2016-04-22 16:00:00,376,65.6436170212766,53.0,77.0
2022484408,2016-04-22 17:00:00,382,61.73298429319372,52.0,81.0
2022484408,2016-04-22 18:00:00,410,67.55853658536586,54.0,89.0
2022484408,2016-04-22 19:00:00,417,79.40767386091127,58.0,102.0
2022484408,2016-04-22 20:00:00,222,77.29729729729729,67.0,108.0
2022484408,2016-04-23 12:00:00,195,70.56923076923077,52.0,93.0
2022484408,2016-04-23 13:00:00,448,79.953125,52.0,107.0
2022484408,2016-04-23 14:00:00,405,66.75555555555556,50.0,93.0
2022484408,2016-04-23 15:00:00,402,74.01492537313433,50.0,103.0
2022484408,2016-04-23 16:00:00,390,72.42051282051283,54.0,104.0
2022484408,2016-04-23 17:00:00,394,75.751269035533,64.0,95.0
2022484408,2016-04-23 18:00:00,408,74.67647058823529,58.0,101.0
2022484408,2016-04-23 19:00:00,445,71.58651685393258,53.0,109.0
2022484408,2016-04-23 20:00:00,434,67.97926267281106,56.0,87.0
2022484408,2016-04-23 21:00:00,389,65.7917737789203,54.0,86.0
2022484408,2016-04-23 22:00:00,268,66.84701492537313,57.0,80.0
2022484408,2016-04-24 08:00:00,314,107.7452229299363,58.0,158.0
2022484408,2016-04-24 09:00:00,394,109.03299492385787,70.0,163.0
2022484408,2016-04-24 10:00:00,335,78.16716417910447,63.0,100.0
2022484408,2016-04-24 11:00:00,358,76.36312849162012,62.0,106.0
2022484408,2016-04-24 12:00:00,410,74.43170731707318,59.0,115.0
2022484408,2016-04-24 13:00:00,392,86.04081632653062,67.0,113.0
2022484408,2016-04-24 14:00:00,406,74.44334975369458,60.0,95.0
2022484408,2016-04-24 15:00:00,478,82.25941422594143,59.0,112.0
2022484408,2016-04-24 16:00:00,360,68.89722222222223,63.0,78.0
2022484408,2016-04-24 17:00:00,330,73.65454545454546,56.0,104.0
2022484408,2016-04-24 18:00:00,394,77.82994923857868,53.0,106.0
2022484408,2016-04-24 19:00:00,32,81.65625,70.0,83.0
2022484408,2016-04-24 20:00:00,6,70.0,70.0,70.0
2022484408,2016-04-25 07:00:00,218,83.75229357798165,68.0,113.0
2022484408,2016-04-25 08:00:00,422,70.91469194312796,53.0,95.0
2022484408,2016-04-25 09:00:00,516,128.6918604651163,82.0,159.0
2022484408,2016-04-25 10:00:00,120,79.48333333333333,68.0,100.0
2022484408,2016-04-25 13:00:00,36,106.22222222222223,90.0,115.0
2022484408,2016-04-25 14:00:00,531,86.10546139359698,62.0,108.0
2022484408,2016-04-25 15:00:00,389,66.87660668380462,53.0,92.0
2022484408,2016-04-25 16:00:00,422,68.69431279620854,49.0,96.0
2022484408,2016-04-25 17:00:00,401,69.18453865336659,53.0,92.0
2022484408,2016-04-25 18:00:00,346,72.80346820809248,57.0,92.0
2022484408,2016-04-25 19:00:00,388,80.20360824742268,53.0,105.0
2022484408,2016-04-25 20:00:00,23,93.0,91.0,97.0
2022484408,2016-04-26 07:00:00,352,75.23863636363636,58.0,100.0
2022484408,2016-04-26 08:00:00,377,60.51989389920424,51.0,80.0
2022484408,2016-04-26 09:00:00,438,77.6392694063927,54.0,112.0
2022484408,2016-04-26 10:00:00,479,127.44050104384134,96.0,154.0
2022484408,2016-04-26 11:00:00,463,98.72354211663067,67.0,146.0
2022484408,2016-04-26 12:00:00,424,88.99292452830188,64.0,108.0
2022484408,2016-04-26 13:00:00,313,76.2076677316294,68.0,89.0
2022484408,2016-04-26 14:00:00,419,84.03579952267303,63.0,118.0
2022484408,2016-04-26 15:00:00,377,84.92307692307692,61.0,114.0
2022484408,2016-04-26 16:00:00,400,75.735,57.0,111.0
2022484408,2016-04-26 17:00:00,402,73.18656716417911,56.0,104.0
2022484408,2016-04-26 18:00:00,392,77.9234693877551,62.0,92.0
2022484408,2016-04-26 19:00:00,590,77.85084745762713,60.0,98.0
2022484408,2016-04-26 20:00:00,160,63.3,54.0,74.0
2022484408,2016-04-27 09:00:00,538,91.21933085501858,59.0,145.0
2022484408,2016-04-27 10:00:00,443,89.6117381489842,67.0,112.0
2022484408,2016-04-27 11:00:00,386,63.51036269430052,51.0,87.0
2022484408,2016-04-27 12:00:00,428,75.8177570093458,56.0,105.0
2022484408,2016-04-27 13:00:00,389,81.77634961439588,38.0,111.0
2022484408,2016-04-27 14:00:00,411,89.7323600973236,68.0,112.0
2022484408,2016-04-27 15:00:00,409,69.6039119804401,57.0,107.0
2022484408,2016-04-27 16:00:00,418,74.67464114832536,61.0,96.0
2022484408,2016-04-27 17:00:00,436,72.47247706422019,54.0,101.0
2022484408,2016-04-27 18:00:00,418,94.64354066985646,55.0,115.0
2022484408,2016-04-27 19:00:00,161,85.22981366459628,73.0,124.0
2022484408,2016-04-27 20:00:00,4,70.0,70.0,70.0
2022484408,2016-04-28 07:00:00,192,73.97916666666667,56.0,96.0
2022484408,2016-04-28 08:00:00,487,77.02669404517454,54.0,98.0
2022484408,2016-04-28 09:00:00,438,67.86301369863014,51.0,88.0
2022484408,2016-04-28 10:00:00,475,70.20210526315789,52.0,103.0
2022484408,2016-04-28 11:00:00,473,69.91331923890064,55.0,88.0
2022484408,2016-04-28 12:00:00,470,81.72127659574468,55.0,114.0
2022484408,2016-04-28 13:00:00,371,64.86792452830188,55.0,80.0
2022484408,2016-04-28 14:00:00,478,78.83054393305439,56.0,105.0
2022484408,2016-04-28 15:00:00,391,64.78516624040921,54.0,84.0
2022484408,2016-04-28 16:00:00,444,68.33558558558559,52.0,95.0
2022484408,2016-04-28 17:00:00,436,67.87844036697248,54.0,92.0
2022484408,2016-04-28 18:00:00,410,68.34146341463415,57.0,82.0
2022484408,2016-04-28 19:00:00,365,68.27945205479452,60.0,84.0
2022484408,2016-04-28 20:00:00,131,76.38931297709924,67.0,88.0
2022484408,2016-04-29 08:00:00,395,67.1746835443038,51.0,102.0
2022484408,2016-04-29 09:00:00,501,108.40319361277444,65.0,134.0
2022484408,2016-04-29 10:00:00,472,89.6207627118644,69.0,108.0
2022484408,2016-04-29 11:00:00,458,84.25982532751091,70.0,105.0
2022484408,2016-04-29 12:00:00,329,87.41641337386018,69.0,115.0
2022484408,2016-04-29 13:00:00,410,91.14390243902439,72.0,115.0
2022484408,2016-04-29 14:00:00,420,96.1,67.0,117.0
2022484408,2016-04-29 15:00:00,392,67.16071428571429,52.0,107.0
2022484408,2016-04-29 16:00:00,427,69.50585480093677,50.0,103.0
2022484408,2016-04-29 17:00:00,385,72.7116883116883,55.0,92.0
2022484408,2016-04-29 18:00:00,368,76.26086956521739,64.0,106.0
2022484408,2016-04-29 19:00:00,275,82.76363636363637,65.0,118.0
2022484408,2016-04-30 06:00:00,102,81.93137254901961,64.0,95.0
2022484408,2016-04-30 07:00:00,387,64.78036175710594,51.0,91.0
2022484408,2016-04-30 08:00:00,355,67.18591549295775,60.0,77.0
2022484408,2016-04-30 09:00:00,353,66.92917847025495,58.0,76.0
2022484408,2016-04-30 10:00:00,466,82.19527896995709,62.0,104.0
2022484408,2016-04-30 11:00:00,416,73.37259615384616,52.0,102.0
2022484408,2016-04-30 12:00:00,443,79.22121896162528,58.0,107.0
2022484408,2016-04-30 13:00:00,476,85.05882352941177,67.0,103.0
2022484408,2016-04-30 14:00:00,443,81.80361173814899,62.0,110.0
2022484408,2016-04-30 15:00:00,480,77.92916666666666,60.0,105.0
2022484408,2016-04-30 16:00:00,497,90.18108651911469,62.0,121.0
2022484408,2016-04-30 17:00:00,378,77.03174603174604,58.0,114.0
2022484408,2016-04-30 18:00:00,207,85.29951690821257,58.0,123.0
2022484408,2016-04-30 19:00:00,429,71.53846153846153,59.0,94.0
2022484408,2016-04-30 20:00:00,48,77.45833333333333,65.0,88.0
2022484408,2016-04-30 21:00:00,6,79.0,79.0,79.0
2022484408,2016-05-01 06:00:00,194,77.27319587628865,64.0,102.0
2022484408,2016-05-01 07:00:00,335,71.95522388059702,58.0,95.0
2022484408,2016-05-01 08:00:00,349,64.86246418338109,58.0,74.0
2022484408,2016-05-01 09:00:00,383,62.391644908616186,51.0,94.0
2022484408,2016-05-01 10:00:00,400,98.6925,63.0,118.0
2022484408,2016-05-01 11:00:00,357,65.6078431372549,45.0,110.0
2022484408,2016-05-01 12:00:00,383,61.0757180156658,44.0,86.0
2022484408,2016-05-01 13:00:00,109,61.28440366972477,49.0,76.0
2022484408,2016-05-01 14:00:00,172,71.01162790697674,55.0,112.0
2022484408,2016-05-01 15:00:00,379,72.1820580474934,47.0,113.0
2022484408,2016-05-01 16:00:00,362,67.26795580110497,47.0,99.0
2022484408,2016-05-01 17:00:00,407,76.74447174447174,50.0,99.0
2022484408,2016-05-01 18:00:00,400,77.5325,65.0,100.0
2022484408,2016-05-01 19:00:00,252,98.4047619047619,80.0,114.0
2022484408,2016-05-02 07:00:00,351,72.07977207977208,56.0,110.0
2022484408,2016-05-02 08:00:00,362,69.89779005524862,59.0,99.0
2022484408,2016-05-02 09:00:00,475,85.61894736842105,54.0,118.0
2022484408,2016-05-02 10:00:00,493,86.41176470588235,65.0,122.0
2022484408,2016-05-02 11:00:00,406,65.22413793103448,52.0,91.0
2022484408,2016-05-02 12:00:00,438,78.31050228310502,57.0,103.0
2022484408,2016-05-02 13:00:00,374,82.5187165775401,64.0,137.0
2022484408,2016-05-02 14:00:00,456,100.95394736842105,66.0,120.0
2022484408,2016-05-02 15:00:00,369,70.18157181571816,55.0,88.0
2022484408,2016-05-02 16:00:00,429,74.2027972027972,53.0,96.0
2022484408,2016-05-02 17:00:00,1127,74.09228039041703,50.0,115.0
2022484408,2016-05-02 18:00:00,1543,76.80362929358392,56.0,113.0
2022484408,2016-05-02 19:00:00,991,72.38042381432896,51.0,136.0
2022484408,2016-05-03 07:00:00,75,100.26666666666667,92.0,109.0
2022484408,2016-05-03 08:00:00,401,72.31920199501246,53.0,116.0
2022484408,2016-05-03 09:00:00,393,65.89821882951654,51.0,88.0
2022484408,2016-05-03 10:00:00,499,113.40280561122245,75.0,147.0
2022484408,2016-05-03 11:00:00,486,80.57201646090535,63.0,116.0
2022484408,2016-05-03 12:00:00,395,77.64303797468355,56.0,104.0
2022484408,2016-05-03 13:00:00,380,77.28947368421052,65.0,109.0
2022484408,2016-05-03 14:00:00,484,96.61570247933884,65.0,169.0
2022484408,2016-05-03 15:00:00,391,80.32992327365729,65.0,121.0
2022484408,2016-05-03 16:00:00,462,97.87878787878788,64.0,134.0
2022484408,2016-05-03 17:00:00,474,75.75105485232068,60.0,104.0
2022484408,2016-05-03 18:00:00,406,74.34729064039409,56.0,87.0
2022484408,2016-05-03 19:00:00,376,77.49468085106383,68.0,102.0
2022484408,2016-05-03 20:00:00,391,77.05626598465473,60.0,103.0
2022484408,2016-05-03 21:00:00,95,72.88421052631578,66.0,80.0
2022484408,2016-05-04 06:00:00,56,75.55357142857143,62.0,84.0
2022484408,2016-05-04 07:00:00,379,79.11609498680738,66.0,110.0
2022484408,2016-05-04 08:00:00,368,73.70923913043478,61.0,100.0
2022484408,2016-05-04 09:00:00,447,96.5503355704698,69.0,159.0
2022484408,2016-05-04 10:00:00,461,97.54229934924078,71.0,123.0
2022484408,2016-05-04 11:00:00,452,81.71017699115045,64.0,108.0
2022484408,2016-05-04 12:00:00,388,80.79639175257732,61.0,110.0
2022484408,2016-05-04 13:00:00,394,80.6269035532995,61.0,103.0
2022484408,2016-05-04 14:00:00,480,101.38333333333334,68.0,145.0
2022484408,2016-05-04 15:00:00,449,78.24276169265033,67.0,100.0
2022484408,2016-05-04 16:00:00,1135,81.79647577092511,64.0,113.0
2022484408,2016-05-04 17:00:00,240,72.375,57.0,94.0
2022484408,2016-05-04 18:00:00,429,73.009324009324,54.0,101.0
2022484408,2016-05-04 19:00:00,394,75.47208121827411,55.0,115.0
2022484408,2016-05-04 20:00:00,153,71.07843137254902,54.0,98.0
2022484408,2016-05-05 08:00:00,173,82.71098265895954,63.0,115.0
2022484408,2016-05-05 09:00:00,515,87.1611650485437,64.0,128.0
2022484408,2016-05-05 10:00:00,507,109.10650887573965,68.0,156.0
2022484408,2016-05-05 11:00:00,438,79.99086757990868,65.0,97.0
2022484408,2016-05-05 12:00:00,448,74.71875,61.0,95.0
2022484408,2016-05-05 13:00:00,394,66.48984771573605,55.0,87.0
2022484408,2016-05-05 14:00:00,514,86.06420233463035,61.0,111.0
2022484408,2016-05-05 15:00:00,420,87.50714285714285,62.0,114.0
2022484408,2016-05-05 16:00:00,545,78.63853211009175,58.0,103.0
2022484408,2016-05-05 17:00:00,528,78.15530303030303,64.0,98.0
2022484408,2016-05-05 18:00:00,1421,77.05348346235046,64.0,104.0
2022484408,2016-05-05 19:00:00,601,70.9234608985025,62.0,93.0
2022484408,2016-05-05 20:00:00,245,74.5265306122449,59.0,90.0
2022484408,2016-05-06 09:00:00,460,85.51739130434783,69.0,118.0
2022484408,2016-05-06 10:00:00,507,88.05719921104536,66.0,111.0
2022484408,2016-05-06 11:00:00,500,88.592,67.0,116.0
2022484408,2016-05-06 12:00:00,393,75.87531806615776,62.0,98.0
2022484408,2016-05-06 13:00:00,321,85.85669781931465,65.0,101.0
2022484408,2016-05-06 14:00:00,433,95.05773672055427,67.0,113.0
2022484408,2016-05-06 15:00:00,401,76.28927680798004,61.0,100.0
2022484408,2016-05-06 16:00:00,409,76.8875305623472,65.0,102.0
2022484408,2016-05-06 17:00:00,378,71.60846560846561,60.0,91.0
2022484408,2016-05-06 18:00:00,410,73.12439024390244,61.0,91.0
2022484408,2016-05-06 19:00:00,385,71.45714285714286,62.0,82.0
2022484408,2016-05-06 20:00:00,367,76.52588555858311,67.0,90.0
2022484408,2016-05-06 21:00:00,394,92.29695431472081,64.0,115.0
2022484408,2016-05-07 08:00:00,2,87.0,87.0,87.0
2022484408,2016-05-07 09:00:00,318,79.32075471698113,55.0,123.0
2022484408,2016-05-07 10:00:00,504,85.09722222222223,56.0,126.0
2022484408,2016-05-07 11:00:00,429,76.5990675990676,53.0,113.0
2022484408,2016-05-07 12:00:00,414,69.93961352657004,53.0,89.0
2022484408,2016-05-07 13:00:00,284,78.69014084507042,62.0,96.0
2022484408,2016-05-07 19:00:00,299,78.48829431438126,54.0,128.0
2022484408,2016-05-07 20:00:00,344,62.25,52.0,93.0
2022484408,2016-05-07 21:00:00,2,70.0,70.0,70.0
2022484408,2016-05-08 08:00:00,53,108.83018867924528,104.0,127.0
2022484408,2016-05-08 09:00:00,72,91.25,68.0,116.0
2022484408,2016-05-08 10:00:00,399,74.24561403508773,59.0,101.0
2022484408,2016-05-08 11:00:00,411,74.01216545012166,57.0,98.0
2022484408,2016-05-08 12:00:00,418,74.86124401913875,53.0,111.0
2022484408,2016-05-08 13:00:00,299,73.1304347826087,59.0,91.0
2022484408,2016-05-08 14:00:00,68,100.44117647058823,84.0,113.0
2022484408,2016-05-09 06:00:00,346,72.69942196531792,59.0,96.0
2022484408,2016-05-09 07:00:00,375,74.89333333333333,53.0,100.0
2022484408,2016-05-09 08:00:00,450,74.82444444444444,56.0,104.0
2022484408,2016-05-09 09:00:00,504,86.13095238095238,56.0,132.0
2022484408,2016-05-09 10:00:00,484,100.76239669421487,66.0,125.0
2022484408,2016-05-09 11:00:00,402,69.09950248756219,59.0,89.0
2022484408,2016-05-09 12:00:00,345,74.24057971014493,62.0,104.0
2022484408,2016-05-09 13:00:00,386,73.34974093264249,66.0,96.0
2022484408,2016-05-09 14:00:00,481,96.35758835758836,64.0,115.0
2022484408,2016-05-09 15:00:00,850,93.84470588235294,60.0,133.0
2022484408,2016-05-09 16:00:00,407,78.36363636363636,61.0,107.0
2022484408,2016-05-09 17:00:00,382,73.67801047120419,62.0,92.0
2022484408,2016-05-09 18:00:00,367,74.95640326975477,51.0,92.0
2022484408,2016-05-09 19:00:00,376,75.25265957446808,59.0,100.0
2022484408,2016-05-09 20:00:00,94,70.55319148936171,57.0,92.0
2022484408,2016-05-10 08:00:00,77,81.48051948051948,62.0,121.0
2022484408,2016-05-10 09:00:00,388,72.80154639175258,57.0,113.0
2022484408,2016-05-10 10:00:00,510,114.15882352941176,57.0,163.0
2022484408,2016-05-10 11:00:00,476,100.32142857142857,70.0,166.0
2022484408,2016-05-10 12:00:00,460,74.28695652173913,61.0,93.0
2022484408,2016-05-10 13:00:00,380,87.38421052631578,72.0,105.0
2022484408,2016-05-10 14:00:00,461,93.33622559652929,62.0,121.0
2022484408,2016-05-10 15:00:00,457,77.24070021881838,61.0,96.0
2022484408,2016-05-10 16:00:00,384,77.46354166666667,66.0,109.0
2022484408,2016-05-10 17:00:00,450,84.43555555555555,61.0,109.0
2022484408,2016-05-10 18:00:00,406,80.45320197044335,61.0,93.0
2022484408,2016-05-10 19:00:00,404,83.80445544554455,75.0,100.0
2022484408,2016-05-10 20:00:00,41,80.07317073170732,70.0,104.0
2022484408,2016-05-11 09:00:00,46,70.52173913043478,59.0,101.0
2022484408,2016-05-11 10:00:00,378,68.33597883597884,55.0,86.0
2022484408,2016-05-11 11:00:00,482,106.19294605809128,78.0,138.0
2022484408,2016-05-11 12:00:00,336,79.05654761904762,66.0,107.0
2022484408,2016-05-11 13:00:00,362,65.88397790055248,57.0,85.0
2022484408,2016-05-11 14:00:00,457,98.63238512035011,67.0,120.0
2022484408,2016-05-11 15:00:00,492,77.67276422764228,61.0,105.0
2022484408,2016-05-11 16:00:00,497,82.3923541247485,59.0,131.0
2022484408,2016-05-11 17:00:00,461,89.58134490238612,71.0,112.0
2022484408,2016-05-11 18:00:00,407,78.66830466830467,62.0,108.0
2022484408,2016-05-11 19:00:00,325,80.48615384615384,68.0,100.0
2022484408,2016-05-11 20:00:00,4,84.0,70.0,98.0
2022484408,2016-05-12 07:00:00,251,78.82470119521912,58.0,105.0
2022484408,2016-05-12 08:00:00,406,72.11576354679804,56.0,99.0
2022484408,2016-05-12 09:00:00,472,89.75847457627118,62.0,152.0
2022484408,2016-05-12 10:00:00,478,93.90167364016736,64.0,129.0
2022484408,2016-05-12 11:00:00,431,72.09048723897912,60.0,87.0
2022484408,2016-05-12 12:00:00,415,73.21927710843373,57.0,101.0
2022484408,2016-05-12 13:00:00,341,83.7683284457478,60.0,112.0
2022484408,2016-05-12 14:00:00,397,86.42569269521411,56.0,112.0
2022484408,2016-05-12 15:00:00,336,78.86309523809524,55.0,104.0
2026352035,2016-04-17 05:00:00,146,67.1986301369863,63.0,73.0
2026352035,2016-04-17 06:00:00,46,73.28260869565217,68.0,80.0
2026352035,2016-04-25 09:00:00,136,105.13970588235294,70.0,115.0
2026352035,2016-04-25 10:00:00,313,95.69329073482429,83.0,110.0
2026352035,2016-04-25 11:00:00,67,105.88059701492537,93.0,125.0
2026352035,2016-05-02 18:00:00,134,91.38059701492537,70.0,122.0
2026352035,2016-05-02 19:00:00,237,81.9113924050633,70.0,93.0
2026352035,2016-05-02 20:00:00,54,77.14814814814815,72.0,81.0
2026352035,2016-05-02 22:00:00,6,73.0,73.0,73.0
2026352035,2016-05-09 16:00:00,349,103.73065902578797,70.0,123.0
2026352035,2016-05-09 17:00:00,413,102.65859564164649,89.0,116.0
2026352035,2016-05-09 18:00:00,368,92.07065217391305,73.0,116.0
2026352035,2016-05-09 19:00:00,221,91.5475113122172,74.0,108.0
2347167796,2016-04-12 07:00:00,314,82.10828025477707,68.0,121.0
2347167796,2016-04-12 08:00:00,443,95.71106094808127,58.0,172.0
2347167796,2016-04-12 09:00:00,386,83.17875647668394,70.0,109.0
2347167796,2016-04-12 10:00:00,365,78.11232876712329,63.0,105.0
2347167796,2016-04-12 11:00:00,400,86.8575,57.0,119.0
2347167796,2016-04-12 12:00:00,371,74.75471698113208,57.0,113.0
2347167796,2016-04-12 13:00:00,384,84.50520833333333,61.0,117.0
2347167796,2016-04-12 14:00:00,373,101.58981233243968,77.0,120.0
2347167796,2016-04-12 15:00:00,407,99.65601965601965,75.0,122.0
2347167796,2016-04-12 16:00:00,398,76.00502512562814,58.0,111.0
2347167796,2016-04-12 17:00:00,429,75.35897435897436,58.0,116.0
2347167796,2016-04-12 18:00:00,447,88.17225950782998,61.0,113.0
2347167796,2016-04-12 19:00:00,425,77.99058823529411,65.0,106.0
2347167796,2016-04-12 20:00:00,453,94.23399558498896,70.0,156.0
2347167796,2016-04-12 21:00:00,499,100.82765531062124,73.0,136.0
2347167796,2016-04-12 22:00:00,330,77.47272727272727,68.0,87.0
2347167796,2016-04-12 23:00:00,329,77.2917933130699,70.0,88.0
2347167796,2016-04-13 00:00:00,342,67.41812865497076,59.0,83.0
2347167796,2016-04-13 01:00:00,351,64.28774928774929,57.0,75.0
2347167796,2016-04-13 02:00:00,345,64.8231884057971,57.0,87.0
2347167796,2016-04-13 03:00:00,319,65.75862068965517,62.0,71.0
2347167796,2016-04-13 04:00:00,336,63.779761904761905,57.0,78.0
2347167796,2016-04-13 05:00:00,341,61.86217008797654,56.0,85.0
2347167796,2016-04-13 06:00:00,348,65.55747126436782,57.0,84.0
2347167796,2016-04-13 07:00:00,354,92.24293785310735,73.0,120.0
2347167796,2016-04-13 08:00:00,449,82.18708240534521,64.0,107.0
2347167796,2016-04-13 09:00:00,406,73.94334975369458,63.0,93.0
2347167796,2016-04-13 10:00:00,400,69.9275,60.0,88.0
2347167796,2016-04-13 11:00:00,381,69.13648293963254,57.0,85.0
2347167796,2016-04-13 12:00:00,371,76.13477088948787,55.0,158.0
2347167796,2016-04-13 13:00:00,437,81.0228832951945,60.0,131.0
2347167796,2016-04-13 14:00:00,434,74.7258064516129,63.0,89.0
2347167796,2016-04-13 15:00:00,413,75.48426150121065,67.0,100.0
2347167796,2016-04-13 16:00:00,420,75.99761904761905,58.0,117.0
2347167796,2016-04-13 17:00:00,385,71.0935064935065,58.0,88.0
2347167796,2016-04-13 18:00:00,448,85.32589285714286,70.0,127.0
2347167796,2016-04-13 19:00:00,383,72.14099216710183,63.0,87.0
2347167796,2016-04-13 20:00:00,405,74.10123456790123,56.0,144.0
2347167796,2016-04-13 21:00:00,496,90.3024193548387,59.0,157.0
2347167796,2016-04-13 22:00:00,351,69.21652421652422,57.0,94.0
2347167796,2016-04-13 23:00:00,353,69.13881019830028,58.0,82.0
2347167796,2016-04-14 00:00:00,330,66.84545454545454,58.0,78.0
2347167796,2016-04-14 01:00:00,349,64.77363896848138,56.0,81.0
2347167796,2016-04-14 02:00:00,341,63.847507331378296,56.0,78.0
2347167796,2016-04-14 03:00:00,336,65.75892857142857,61.0,75.0
2347167796,2016-04-14 04:00:00,308,62.782467532467535,56.0,72.0
2347167796,2016-04-14 05:00:00,340,64.07941176470588,57.0,87.0
2347167796,2016-04-14 06:00:00,223,64.78923766816143,55.0,82.0
2347167796,2016-04-14 07:00:00,451,87.18181818181819,62.0,154.0
2347167796,2016-04-14 08:00:00,436,78.63073394495413,65.0,104.0
2347167796,2016-04-14 09:00:00,439,75.02733485193622,62.0,103.0
2347167796,2016-04-14 10:00:00,405,72.34814814814816,59.0,90.0
2347167796,2016-04-14 11:00:00,411,71.13138686131387,55.0,92.0
2347167796,2016-04-14 12:00:00,399,71.07268170426065,57.0,93.0
2347167796,2016-04-14 13:00:00,466,87.49141630901288,67.0,127.0
2347167796,2016-04-14 14:00:00,407,74.87469287469287,60.0,90.0
2347167796,2016-04-14 15:00:00,381,75.33595800524934,58.0,101.0
2347167796,2016-04-14 16:00:00,409,72.84352078239608,62.0,88.0
2347167796,2016-04-14 17:00:00,411,66.53284671532846,52.0,85.0
2347167796,2016-04-14 18:00:00,455,79.38021978021978,56.0,104.0
2347167796,2016-04-14 19:00:00,384,72.0546875,56.0,110.0
2347167796,2016-04-14 20:00:00,390,73.56666666666666,53.0,106.0
2347167796,2016-04-14 21:00:00,415,74.33734939759036,61.0,113.0
2347167796,2016-04-14 22:00:00,345,68.16231884057972,59.0,87.0
2347167796,2016-04-14 23:00:00,322,70.972049689441,62.0,91.0
2347167796,2016-04-15 00:00:00,328,69.08536585365853,63.0,80.0
2347167796,2016-04-15 01:00:00,323,65.13622291021672,57.0,84.0
2347167796,2016-04-15 02:00:00,346,62.52023121387283,56.0,76.0
2347167796,2016-04-15 03:00:00,319,62.46708463949843,55.0,85.0
2347167796,2016-04-15 04:00:00,341,62.83577712609971,57.0,80.0
2347167796,2016-04-15 05:00:00,343,64.47230320699708,56.0,86.0
2347167796,2016-04-15 06:00:00,313,64.69009584664536,56.0,81.0
2347167796,2016-04-15 07:00:00,458,86.58951965065502,65.0,102.0
2347167796,2016-04-15 08:00:00,460,78.20652173913044,63.0,120.0
2347167796,2016-04-15 09:00:00,458,72.37991266375546,57.0,94.0
2347167796,2016-04-15 10:00:00,400,71.43,59.0,88.0
2347167796,2016-04-15 11:00:00,408,71.34803921568627,60.0,89.0
2347167796,2016-04-15 12:00:00,408,72.29166666666667,57.0,103.0
2347167796,2016-04-15 13:00:00,400,76.87,60.0,111.0
2347167796,2016-04-15 14:00:00,379,71.84168865435356,58.0,90.0
2347167796,2016-04-15 15:00:00,386,66.74352331606218,55.0,82.0
2347167796,2016-04-15 16:00:00,380,71.58157894736843,59.0,89.0
2347167796,2016-04-15 17:00:00,385,64.87012987012987,55.0,81.0
2347167796,2016-04-15 18:00:00,536,91.03358208955224,69.0,114.0
2347167796,2016-04-15 19:00:00,925,101.34054054054054,80.0,136.0
2347167796,2016-04-15 20:00:00,469,83.07462686567165,65.0,113.0
2347167796,2016-04-15 21:00:00,398,78.41959798994975,63.0,110.0
2347167796,2016-04-15 22:00:00,394,75.36802030456853,63.0,94.0
2347167796,2016-04-16 07:00:00,158,96.06962025316456,74.0,109.0
2347167796,2016-04-16 08:00:00,1624,118.69273399014779,74.0,168.0
2347167796,2016-04-16 09:00:00,1910,114.06544502617801,75.0,161.0
2347167796,2016-04-16 10:00:00,1015,85.5615763546798,70.0,108.0
2347167796,2016-04-16 11:00:00,458,83.19213973799127,67.0,109.0
2347167796,2016-04-16 12:00:00,427,76.50117096018735,59.0,101.0
2347167796,2016-04-16 13:00:00,242,78.22727272727273,60.0,102.0
2347167796,2016-04-16 16:00:00,4,103.75,102.0,105.0
2347167796,2016-04-16 17:00:00,498,96.44377510040161,70.0,131.0
2347167796,2016-04-16 18:00:00,521,95.09021113243762,71.0,130.0
2347167796,2016-04-16 19:00:00,446,87.05381165919283,66.0,124.0
2347167796,2016-04-16 20:00:00,496,83.40927419354838,65.0,137.0
2347167796,2016-04-16 21:00:00,448,80.09375,63.0,120.0
2347167796,2016-04-16 22:00:00,438,75.04566210045662,60.0,127.0
2347167796,2016-04-16 23:00:00,350,67.76285714285714,58.0,77.0
2347167796,2016-04-17 00:00:00,348,74.85344827586206,67.0,89.0
2347167796,2016-04-17 01:00:00,340,71.38823529411765,63.0,89.0
2347167796,2016-04-17 02:00:00,253,68.81027667984189,60.0,84.0
2347167796,2016-04-17 03:00:00,294,67.8061224489796,61.0,86.0
2347167796,2016-04-17 04:00:00,346,66.94508670520231,60.0,76.0
2347167796,2016-04-17 05:00:00,355,67.36056338028169,59.0,88.0
2347167796,2016-04-17 06:00:00,339,66.43362831858407,60.0,88.0
2347167796,2016-04-17 07:00:00,368,63.994565217391305,56.0,81.0
2347167796,2016-04-17 08:00:00,316,63.87658227848101,55.0,80.0
2347167796,2016-04-17 09:00:00,294,75.43877551020408,67.0,90.0
2347167796,2016-04-17 10:00:00,435,78.64597701149425,67.0,97.0
2347167796,2016-04-17 11:00:00,508,92.13779527559055,69.0,134.0
2347167796,2016-04-17 12:00:00,372,72.86559139784946,61.0,84.0
2347167796,2016-04-17 13:00:00,453,77.23620309050773,62.0,97.0
2347167796,2016-04-17 14:00:00,441,76.58503401360544,66.0,104.0
2347167796,2016-04-17 15:00:00,427,88.64402810304449,75.0,105.0
2347167796,2016-04-17 16:00:00,412,81.06067961165049,65.0,105.0
2347167796,2016-04-17 17:00:00,421,76.10451306413302,64.0,92.0
2347167796,2016-04-17 18:00:00,402,80.85074626865672,69.0,104.0
2347167796,2016-04-17 19:00:00,416,82.33413461538461,68.0,103.0
2347167796,2016-04-17 20:00:00,423,74.97399527186761,62.0,91.0
2347167796,2016-04-17 21:00:00,378,72.4920634920635,59.0,93.0
2347167796,2016-04-17 22:00:00,323,74.82043343653251,67.0,88.0
2347167796,2016-04-17 23:00:00,326,73.99079754601227,67.0,86.0
2347167796,2016-04-18 00:00:00,343,66.84839650145773,57.0,88.0
2347167796,2016-04-18 01:00:00,336,65.95833333333333,59.0,75.0
2347167796,2016-04-18 02:00:00,324,64.57098765432099,56.0,82.0
2347167796,2016-04-18 03:00:00,334,61.83233532934132,55.0,80.0
2347167796,2016-04-18 04:00:00,315,62.66984126984127,57.0,98.0
2347167796,2016-04-18 05:00:00,346,60.51156069364162,54.0,76.0
2347167796,2016-04-18 06:00:00,372,63.42204301075269,54.0,84.0
2347167796,2016-04-18 07:00:00,431,76.62180974477958,59.0,104.0
2347167796,2016-04-18 08:00:00,447,80.40939597315436,60.0,113.0
2347167796,2016-04-18 09:00:00,407,69.46191646191646,57.0,85.0
2347167796,2016-04-18 10:00:00,435,68.99540229885058,55.0,98.0
2347167796,2016-04-18 11:00:00,421,64.96199524940617,55.0,93.0
2347167796,2016-04-18 12:00:00,395,65.68101265822784,54.0,83.0
2347167796,2016-04-18 13:00:00,472,74.56991525423729,53.0,105.0
2347167796,2016-04-18 14:00:00,380,78.88157894736842,57.0,117.0
2347167796,2016-04-18 15:00:00,394,69.30456852791878,53.0,121.0
2347167796,2016-04-18 16:00:00,447,73.86129753914989,56.0,99.0
2347167796,2016-04-18 17:00:00,418,69.08851674641149,56.0,91.0
2347167796,2016-04-18 18:00:00,402,79.75621890547264,65.0,110.0
2347167796,2016-04-18 19:00:00,371,72.17520215633424,62.0,84.0
2347167796,2016-04-18 20:00:00,509,100.83889980353635,70.0,134.0
2347167796,2016-04-18 21:00:00,373,70.63002680965147,61.0,89.0
2347167796,2016-04-18 22:00:00,341,63.205278592375365,55.0,78.0
2347167796,2016-04-18 23:00:00,326,65.40184049079754,58.0,75.0
2347167796,2016-04-19 00:00:00,296,62.46621621621622,59.0,71.0
2347167796,2016-04-19 01:00:00,211,62.96208530805687,56.0,82.0
2347167796,2016-04-19 02:00:00,292,62.205479452054796,57.0,80.0
2347167796,2016-04-19 03:00:00,338,64.76627218934911,58.0,80.0
2347167796,2016-04-19 04:00:00,327,61.477064220183486,55.0,81.0
2347167796,2016-04-19 05:00:00,307,60.068403908794785,53.0,100.0
2347167796,2016-04-19 06:00:00,279,63.645161290322584,53.0,102.0
2347167796,2016-04-19 07:00:00,350,76.52857142857142,62.0,104.0
2347167796,2016-04-19 08:00:00,403,91.13399503722084,57.0,144.0
2347167796,2016-04-19 09:00:00,371,89.20485175202157,64.0,117.0
2347167796,2016-04-19 10:00:00,373,90.65951742627345,65.0,112.0
2347167796,2016-04-19 11:00:00,365,107.11506849315069,69.0,123.0
2347167796,2016-04-19 12:00:00,377,100.20689655172414,62.0,122.0
2347167796,2016-04-19 13:00:00,401,86.56608478802993,55.0,119.0
2347167796,2016-04-19 14:00:00,364,96.88461538461539,70.0,122.0
2347167796,2016-04-19 15:00:00,397,90.26448362720403,63.0,117.0
2347167796,2016-04-19 16:00:00,431,86.18793503480279,62.0,110.0
2347167796,2016-04-19 17:00:00,376,77.05053191489361,62.0,108.0
2347167796,2016-04-19 18:00:00,460,87.64347826086957,64.0,195.0
2347167796,2016-04-19 19:00:00,450,82.08888888888889,64.0,112.0
2347167796,2016-04-19 20:00:00,411,79.14355231143553,58.0,97.0
2347167796,2016-04-19 21:00:00,245,77.36326530612244,62.0,110.0
2347167796,2016-04-20 07:00:00,465,93.8021505376344,65.0,161.0
2347167796,2016-04-20 08:00:00,457,80.46827133479212,58.0,119.0
2347167796,2016-04-20 09:00:00,405,66.98024691358025,56.0,89.0
2347167796,2016-04-20 10:00:00,426,67.99295774647888,54.0,102.0
2347167796,2016-04-20 11:00:00,374,64.76470588235294,54.0,106.0
2347167796,2016-04-20 12:00:00,391,67.57033248081841,53.0,87.0
2347167796,2016-04-20 13:00:00,402,74.69651741293532,58.0,111.0
2347167796,2016-04-20 14:00:00,411,72.79318734793188,55.0,91.0
2347167796,2016-04-20 15:00:00,400,70.5425,61.0,90.0
2347167796,2016-04-20 16:00:00,435,69.68505747126437,58.0,95.0
2347167796,2016-04-20 17:00:00,464,72.48060344827586,55.0,104.0
2347167796,2016-04-20 18:00:00,467,104.6659528907923,75.0,147.0
2347167796,2016-04-20 19:00:00,472,88.1885593220339,69.0,110.0
2347167796,2016-04-20 20:00:00,510,97.06666666666666,66.0,148.0
2347167796,2016-04-20 21:00:00,398,76.43467336683418,65.0,92.0
2347167796,2016-04-20 22:00:00,354,72.80508474576271,65.0,95.0
2347167796,2016-04-20 23:00:00,325,73.95692307692308,65.0,84.0
2347167796,2016-04-21 00:00:00,337,69.65281899109792,64.0,83.0
2347167796,2016-04-21 01:00:00,312,66.84615384615384,60.0,83.0
2347167796,2016-04-21 02:00:00,344,63.5,57.0,80.0
2347167796,2016-04-21 03:00:00,343,65.3731778425656,58.0,76.0
2347167796,2016-04-21 04:00:00,349,62.71919770773639,56.0,83.0
2347167796,2016-04-21 05:00:00,324,61.52469135802469,55.0,85.0
2347167796,2016-04-21 06:00:00,286,67.96503496503496,55.0,94.0
2347167796,2016-04-21 07:00:00,396,77.32323232323232,66.0,95.0
2347167796,2016-04-21 08:00:00,449,82.05345211581292,62.0,122.0
2347167796,2016-04-21 09:00:00,356,69.21629213483146,57.0,84.0
2347167796,2016-04-21 10:00:00,372,66.16397849462365,54.0,86.0
2347167796,2016-04-21 11:00:00,402,66.34825870646766,58.0,96.0
2347167796,2016-04-21 12:00:00,417,72.11270983213429,51.0,100.0
2347167796,2016-04-21 13:00:00,381,74.51181102362204,63.0,93.0
2347167796,2016-04-21 14:00:00,460,79.34130434782608,66.0,96.0
2347167796,2016-04-21 15:00:00,392,75.04336734693878,64.0,89.0
2347167796,2016-04-21 16:00:00,408,71.42647058823529,57.0,86.0
2347167796,2016-04-21 17:00:00,401,70.32668329177058,60.0,93.0
2347167796,2016-04-21 18:00:00,463,79.41468682505399,56.0,108.0
2347167796,2016-04-21 19:00:00,419,72.9618138424821,59.0,97.0
2347167796,2016-04-21 20:00:00,457,83.30634573304158,60.0,139.0
2347167796,2016-04-21 21:00:00,527,102.45540796963947,66.0,171.0
2347167796,2016-04-21 22:00:00,380,70.72631578947369,60.0,86.0
2347167796,2016-04-21 23:00:00,314,65.92993630573248,59.0,74.0
2347167796,2016-04-22 00:00:00,319,73.76489028213166,67.0,93.0
2347167796,2016-04-22 01:00:00,324,69.46604938271605,58.0,77.0
2347167796,2016-04-22 02:00:00,319,65.84952978056427,56.0,83.0
2347167796,2016-04-22 03:00:00,321,63.5607476635514,59.0,83.0
2347167796,2016-04-22 04:00:00,358,64.08938547486034,58.0,99.0
2347167796,2016-04-22 05:00:00,345,60.63478260869565,55.0,93.0
2347167796,2016-04-22 06:00:00,334,63.88922155688623,56.0,99.0
2347167796,2016-04-22 07:00:00,462,103.7034632034632,67.0,165.0
2347167796,2016-04-22 08:00:00,438,79.76712328767124,53.0,111.0
2347167796,2016-04-22 09:00:00,376,69.03457446808511,58.0,84.0
2347167796,2016-04-22 10:00:00,373,66.97587131367293,57.0,87.0
2347167796,2016-04-22 11:00:00,361,68.85318559556787,58.0,125.0
2347167796,2016-04-22 12:00:00,375,72.93866666666666,55.0,89.0
2347167796,2016-04-22 13:00:00,393,74.55979643765903,57.0,102.0
2347167796,2016-04-22 14:00:00,413,77.13801452784503,65.0,100.0
2347167796,2016-04-22 15:00:00,404,72.42821782178218,60.0,90.0
2347167796,2016-04-22 16:00:00,433,68.34642032332563,58.0,87.0
2347167796,2016-04-22 17:00:00,442,70.94343891402715,57.0,88.0
2347167796,2016-04-22 18:00:00,481,78.51143451143452,62.0,107.0
2347167796,2016-04-22 19:00:00,365,71.28493150684932,60.0,80.0
2347167796,2016-04-22 20:00:00,395,72.15949367088608,63.0,85.0
2347167796,2016-04-22 21:00:00,390,69.37435897435897,61.0,81.0
2347167796,2016-04-22 22:00:00,374,68.22192513368984,61.0,78.0
2347167796,2016-04-22 23:00:00,377,67.57824933687003,60.0,82.0
2347167796,2016-04-23 00:00:00,248,67.37903225806451,60.0,84.0
2347167796,2016-04-23 01:00:00,337,69.68842729970326,60.0,88.0
2347167796,2016-04-23 02:00:00,343,67.31486880466473,60.0,81.0
2347167796,2016-04-23 03:00:00,341,61.39296187683284,55.0,71.0
2347167796,2016-04-23 04:00:00,336,58.88392857142857,55.0,66.0
2347167796,2016-04-23 05:00:00,350,57.55428571428571,53.0,78.0
2347167796,2016-04-23 06:00:00,324,59.907407407407405,54.0,78.0
2347167796,2016-04-23 07:00:00,65,90.46153846153847,75.0,108.0
2347167796,2016-04-23 08:00:00,541,117.5804066543438,71.0,157.0
2347167796,2016-04-23 09:00:00,360,77.96944444444445,65.0,101.0
2347167796,2016-04-23 10:00:00,466,83.39055793991416,66.0,103.0
2347167796,2016-04-23 11:00:00,553,101.88607594936708,79.0,130.0
2347167796,2016-04-23 12:00:00,470,91.84893617021277,74.0,118.0
2347167796,2016-04-23 13:00:00,538,104.49256505576209,78.0,133.0
2347167796,2016-04-23 14:00:00,413,92.17433414043583,74.0,114.0
2347167796,2016-04-23 15:00:00,397,74.8942065491184,62.0,95.0
2347167796,2016-04-23 16:00:00,427,80.69555035128806,65.0,107.0
2347167796,2016-04-23 17:00:00,493,89.42799188640974,70.0,115.0
2347167796,2016-04-23 18:00:00,484,84.7107438016529,69.0,119.0
2347167796,2016-04-23 19:00:00,467,89.73019271948608,68.0,112.0
2347167796,2016-04-23 20:00:00,487,89.86036960985626,60.0,124.0
2347167796,2016-04-23 21:00:00,425,81.59058823529412,65.0,99.0
2347167796,2016-04-23 22:00:00,449,80.99777282850779,63.0,97.0
2347167796,2016-04-23 23:00:00,229,71.78602620087337,59.0,93.0
2347167796,2016-04-24 00:00:00,158,74.73417721518987,70.0,94.0
2347167796,2016-04-24 01:00:00,308,69.49025974025975,62.0,79.0
2347167796,2016-04-24 02:00:00,318,63.003144654088054,57.0,80.0
2347167796,2016-04-24 03:00:00,323,62.95356037151703,57.0,74.0
2347167796,2016-04-24 04:00:00,331,62.40785498489426,56.0,96.0
2347167796,2016-04-24 05:00:00,339,60.41297935103245,55.0,70.0
2347167796,2016-04-24 06:00:00,344,62.43023255813954,56.0,82.0
2347167796,2016-04-24 07:00:00,389,71.33161953727506,54.0,89.0
2347167796,2016-04-24 08:00:00,509,79.34381139489194,63.0,127.0
2347167796,2016-04-24 09:00:00,362,78.84530386740332,61.0,109.0
2347167796,2016-04-24 10:00:00,412,88.12378640776699,64.0,121.0
2347167796,2016-04-24 11:00:00,468,87.02564102564102,70.0,122.0
2347167796,2016-04-24 12:00:00,382,73.50523560209425,59.0,117.0
2347167796,2016-04-24 13:00:00,425,86.69411764705882,62.0,126.0
2347167796,2016-04-24 14:00:00,383,77.55091383812011,61.0,99.0
2347167796,2016-04-24 15:00:00,388,87.12886597938144,64.0,113.0
2347167796,2016-04-24 16:00:00,350,87.93428571428572,63.0,104.0
2347167796,2016-04-24 17:00:00,401,80.8927680798005,68.0,96.0
2347167796,2016-04-24 18:00:00,440,83.8340909090909,67.0,106.0
2347167796,2016-04-24 19:00:00,512,91.828125,68.0,112.0
2347167796,2016-04-24 20:00:00,401,82.56857855361596,69.0,112.0
2347167796,2016-04-24 21:00:00,420,77.74047619047619,63.0,109.0
2347167796,2016-04-24 22:00:00,140,69.72142857142858,63.0,86.0
2347167796,2016-04-24 23:00:00,329,73.48024316109422,68.0,85.0
2347167796,2016-04-25 00:00:00,333,69.08408408408408,61.0,74.0
2347167796,2016-04-25 01:00:00,328,64.71951219512195,58.0,76.0
2347167796,2016-04-25 02:00:00,344,63.0843023255814,56.0,89.0
2347167796,2016-04-25 03:00:00,322,61.21739130434783,54.0,101.0
2347167796,2016-04-25 04:00:00,320,61.890625,57.0,80.0
2347167796,2016-04-25 05:00:00,350,62.074285714285715,53.0,81.0
2347167796,2016-04-25 06:00:00,353,63.373937677053824,55.0,106.0
2347167796,2016-04-25 07:00:00,343,75.42565597667638,61.0,115.0
2347167796,2016-04-25 08:00:00,473,82.75264270613108,64.0,111.0
2347167796,2016-04-25 09:00:00,416,72.88221153846153,60.0,93.0
2347167796,2016-04-25 10:00:00,416,69.25,54.0,87.0
2347167796,2016-04-25 11:00:00,411,67.8029197080292,56.0,91.0
2347167796,2016-04-25 12:00:00,436,73.89908256880734,56.0,99.0
2347167796,2016-04-25 13:00:00,386,70.15284974093264,55.0,101.0
2347167796,2016-04-25 14:00:00,377,75.37665782493369,55.0,91.0
2347167796,2016-04-25 15:00:00,437,72.55377574370709,58.0,94.0
2347167796,2016-04-25 16:00:00,434,71.12672811059907,53.0,92.0
2347167796,2016-04-25 17:00:00,419,70.04057279236277,55.0,89.0
2347167796,2016-04-25 18:00:00,509,90.68172888015717,64.0,140.0
2347167796,2016-04-25 19:00:00,527,101.37760910815939,64.0,160.0
2347167796,2016-04-25 20:00:00,435,78.9287356321839,68.0,108.0
2347167796,2016-04-25 21:00:00,417,77.5779376498801,70.0,90.0
2347167796,2016-04-25 22:00:00,405,77.06913580246913,63.0,100.0
2347167796,2016-04-25 23:00:00,337,74.41543026706232,68.0,94.0
2347167796,2016-04-26 00:00:00,313,73.17571884984025,68.0,82.0
2347167796,2016-04-26 01:00:00,317,69.41640378548895,60.0,83.0
2347167796,2016-04-26 02:00:00,350,65.23142857142857,59.0,74.0
2347167796,2016-04-26 03:00:00,332,68.6987951807229,60.0,79.0
2347167796,2016-04-26 04:00:00,341,67.86510263929618,59.0,85.0
2347167796,2016-04-26 05:00:00,345,62.927536231884055,57.0,81.0
2347167796,2016-04-26 06:00:00,371,68.8032345013477,55.0,100.0
2347167796,2016-04-26 07:00:00,131,81.09923664122137,69.0,122.0
2347167796,2016-04-26 08:00:00,423,79.39952718676123,62.0,108.0
2347167796,2016-04-26 09:00:00,436,71.95412844036697,54.0,105.0
2347167796,2016-04-26 10:00:00,402,69.41542288557214,55.0,88.0
2347167796,2016-04-26 11:00:00,408,71.0906862745098,51.0,112.0
2347167796,2016-04-26 12:00:00,401,69.30174563591022,55.0,104.0
2347167796,2016-04-26 13:00:00,453,81.26490066225166,62.0,106.0
2347167796,2016-04-26 14:00:00,413,75.62469733656174,63.0,95.0
2347167796,2016-04-26 15:00:00,371,67.56064690026955,52.0,82.0
2347167796,2016-04-26 16:00:00,393,67.99491094147582,49.0,89.0
2347167796,2016-04-26 17:00:00,396,66.83333333333333,55.0,85.0
2347167796,2016-04-26 18:00:00,480,81.47708333333334,57.0,107.0
2347167796,2016-04-26 19:00:00,422,77.99289099526067,63.0,94.0
2347167796,2016-04-26 20:00:00,396,76.06060606060606,58.0,99.0
2347167796,2016-04-26 21:00:00,418,73.11244019138756,61.0,101.0
2347167796,2016-04-26 22:00:00,378,65.94444444444444,58.0,81.0
2347167796,2016-04-26 23:00:00,333,66.36336336336336,60.0,75.0
2347167796,2016-04-27 00:00:00,328,65.42073170731707,60.0,72.0
2347167796,2016-04-27 01:00:00,340,62.63235294117647,55.0,96.0
2347167796,2016-04-27 02:00:00,350,62.097142857142856,55.0,81.0
2347167796,2016-04-27 03:00:00,349,61.134670487106014,55.0,71.0
2347167796,2016-04-27 04:00:00,286,58.44055944055944,54.0,74.0
2347167796,2016-04-27 05:00:00,257,59.217898832684824,53.0,80.0
2347167796,2016-04-27 06:00:00,111,59.612612612612615,54.0,72.0
2347167796,2016-04-27 07:00:00,41,84.78048780487805,57.0,95.0
2347167796,2016-04-27 08:00:00,387,82.33074935400516,65.0,116.0
2347167796,2016-04-27 09:00:00,415,76.11325301204819,51.0,92.0
2347167796,2016-04-27 10:00:00,436,71.73165137614679,51.0,91.0
2347167796,2016-04-27 11:00:00,415,69.79518072289157,60.0,87.0
2347167796,2016-04-27 12:00:00,422,69.47867298578198,56.0,109.0
2347167796,2016-04-27 13:00:00,404,71.71534653465346,58.0,94.0
2347167796,2016-04-27 14:00:00,468,79.19017094017094,63.0,111.0
2347167796,2016-04-27 15:00:00,421,75.48693586698337,58.0,95.0
2347167796,2016-04-27 16:00:00,398,75.321608040201,61.0,98.0
2347167796,2016-04-27 17:00:00,427,73.52459016393442,59.0,96.0
2347167796,2016-04-27 18:00:00,502,82.2988047808765,65.0,105.0
2347167796,2016-04-27 19:00:00,579,109.63039723661485,68.0,144.0
2347167796,2016-04-27 20:00:00,506,87.23913043478261,68.0,122.0
2347167796,2016-04-27 21:00:00,463,75.9719222462203,62.0,101.0
2347167796,2016-04-27 22:00:00,266,74.95864661654136,60.0,95.0
2347167796,2016-04-27 23:00:00,271,76.64206642066421,69.0,109.0
2347167796,2016-04-28 00:00:00,328,72.33536585365853,64.0,87.0
2347167796,2016-04-28 01:00:00,301,68.81395348837209,62.0,81.0
2347167796,2016-04-28 02:00:00,352,65.03693181818181,57.0,85.0
2347167796,2016-04-28 03:00:00,342,67.37426900584795,60.0,76.0
2347167796,2016-04-28 04:00:00,335,68.2358208955224,61.0,75.0
2347167796,2016-04-28 05:00:00,346,68.21387283236994,59.0,80.0
2347167796,2016-04-28 06:00:00,366,73.09016393442623,59.0,97.0
2347167796,2016-04-28 07:00:00,5,110.4,109.0,111.0
2347167796,2016-04-28 08:00:00,494,84.3076923076923,65.0,138.0
2347167796,2016-04-28 09:00:00,436,78.61467889908256,66.0,105.0
2347167796,2016-04-28 10:00:00,395,73.73924050632911,62.0,97.0
2347167796,2016-04-28 11:00:00,423,74.43262411347517,55.0,97.0
2347167796,2016-04-28 12:00:00,408,71.41666666666667,57.0,96.0
2347167796,2016-04-28 13:00:00,402,73.45522388059702,65.0,92.0
2347167796,2016-04-28 14:00:00,454,76.01982378854626,61.0,95.0
2347167796,2016-04-28 15:00:00,444,77.77027027027027,59.0,96.0
2347167796,2016-04-28 16:00:00,439,72.20956719817768,58.0,91.0
2347167796,2016-04-28 17:00:00,415,72.6433734939759,62.0,91.0
2347167796,2016-04-28 18:00:00,449,83.60579064587974,64.0,122.0
2347167796,2016-04-28 19:00:00,415,70.24096385542168,59.0,85.0
2347167796,2016-04-28 20:00:00,459,72.29629629629629,64.0,89.0
2347167796,2016-04-28 21:00:00,414,70.3913043478261,60.0,86.0
2347167796,2016-04-28 22:00:00,286,77.81118881118881,61.0,110.0
2347167796,2016-04-28 23:00:00,307,66.05211726384364,57.0,72.0
2347167796,2016-04-29 00:00:00,346,68.07514450867052,60.0,83.0
2347167796,2016-04-29 01:00:00,348,63.54022988505747,57.0,79.0
2347167796,2016-04-29 02:00:00,324,61.391975308641975,56.0,82.0
2347167796,2016-04-29 03:00:00,325,62.68923076923077,57.0,80.0
2347167796,2016-04-29 04:00:00,351,61.6980056980057,54.0,85.0
2347167796,2016-04-29 05:00:00,336,60.67559523809524,55.0,84.0
2347167796,2016-04-29 06:00:00,334,61.82634730538922,54.0,84.0
4020332650,2016-04-12 00:00:00,1267,65.94080505130229,56.0,79.0
4020332650,2016-04-12 01:00:00,1745,63.40229226361031,53.0,75.0
4020332650,2016-04-12 02:00:00,1440,59.93888888888889,53.0,65.0
4020332650,2016-04-12 03:00:00,1646,61.31470230862698,53.0,71.0
4020332650,2016-04-12 04:00:00,1548,60.85658914728682,51.0,81.0
4020332650,2016-04-12 05:00:00,1136,59.26672535211268,49.0,70.0
4020332650,2016-04-12 06:00:00,1586,70.2326607818411,56.0,88.0
4020332650,2016-04-12 07:00:00,1497,78.31062124248497,56.0,94.0
4020332650,2016-04-12 08:00:00,1509,84.02120609675282,73.0,99.0
4020332650,2016-04-12 09:00:00,1534,87.96610169491525,69.0,107.0
4020332650,2016-04-12 10:00:00,1420,88.09436619718309,78.0,108.0
4020332650,2016-04-12 11:00:00,1479,86.15145368492225,78.0,106.0
4020332650,2016-04-12 12:00:00,1492,96.43029490616622,82.0,119.0
4020332650,2016-04-12 13:00:00,1437,97.40222686151705,77.0,125.0
4020332650,2016-04-12 14:00:00,1411,91.13323883770376,78.0,104.0
4020332650,2016-04-12 15:00:00,1526,97.09829619921364,80.0,115.0
4020332650,2016-04-12 16:00:00,1492,98.68364611260054,86.0,126.0
4020332650,2016-04-12 17:00:00,1538,98.70806241872562,86.0,113.0
4020332650,2016-04-12 18:00:00,1421,89.58831808585504,80.0,108.0
4020332650,2016-04-12 19:00:00,1500,101.37066666666666,88.0,131.0
4020332650,2016-04-12 20:00:00,1565,100.33546325878594,84.0,133.0
4020332650,2016-04-12 21:00:00,1417,90.17219477769936,79.0,102.0
4020332650,2016-04-12 22:00:00,1356,93.05530973451327,79.0,115.0
4020332650,2016-04-12 23:00:00,1,70.0,70.0,70.0
4020332650,2016-04-14 09:00:00,34,87.44117647058823,65.0,106.0
4020332650,2016-04-14 10:00:00,1,70.0,70.0,70.0
4020332650,2016-04-14 13:00:00,29,114.41379310344827,70.0,133.0
4020332650,2016-04-14 14:00:00,12,91.58333333333333,70.0,112.0
4020332650,2016-04-14 20:00:00,44,111.0,70.0,115.0
4020332650,2016-04-14 21:00:00,1081,92.4995374653099,70.0,115.0
4020332650,2016-04-14 22:00:00,247,76.91902834008097,70.0,84.0
4020332650,2016-04-15 03:00:00,90,70.0,70.0,70.0
4020332650,2016-04-15 04:00:00,91,70.0,70.0,70.0
4020332650,2016-04-15 07:00:00,82,70.0,70.0,70.0
4020332650,2016-04-15 08:00:00,535,93.80934579439253,67.0,169.0
4020332650,2016-04-15 09:00:00,736,113.2554347826087,70.0,131.0
4020332650,2016-04-15 10:00:00,323,78.49226006191951,56.0,128.0
4020332650,2016-04-15 11:00:00,473,93.66807610993658,70.0,106.0
4020332650,2016-04-15 12:00:00,108,86.18518518518519,70.0,98.0
4020332650,2016-04-15 13:00:00,851,75.62632197414806,70.0,88.0
4020332650,2016-04-15 14:00:00,80,70.0,70.0,70.0
4020332650,2016-04-15 15:00:00,433,71.29330254041571,70.0,77.0
4020332650,2016-04-15 16:00:00,231,70.0,70.0,70.0
4020332650,2016-04-15 17:00:00,764,68.467277486911,51.0,122.0
4020332650,2016-04-15 18:00:00,1184,85.29476351351352,59.0,123.0
4020332650,2016-04-15 19:00:00,1065,99.84976525821597,70.0,143.0
4020332650,2016-04-15 20:00:00,1097,87.59343664539654,70.0,137.0
4020332650,2016-04-15 21:00:00,1027,112.25121713729308,69.0,191.0
4020332650,2016-04-15 22:00:00,323,134.22910216718267,69.0,191.0
4020332650,2016-04-15 23:00:00,1454,106.58390646492434,65.0,134.0
4020332650,2016-04-16 00:00:00,1482,98.45816464237517,68.0,143.0
4020332650,2016-04-16 01:00:00,1396,119.560888252149,80.0,142.0
4020332650,2016-04-16 02:00:00,1381,121.81173062997827,75.0,139.0
4020332650,2016-04-16 03:00:00,1328,85.98719879518072,62.0,118.0
4020332650,2016-04-16 04:00:00,266,67.13157894736842,65.0,70.0
4020332650,2016-04-16 07:00:00,914,98.44967177242889,64.0,123.0
4020332650,2016-04-16 08:00:00,807,88.32837670384139,70.0,111.0
4020332650,2016-04-16 09:00:00,948,90.2668776371308,66.0,125.0
4020332650,2016-04-16 10:00:00,1,70.0,70.0,70.0
4020332650,2016-04-17 20:00:00,69,98.82608695652173,66.0,116.0
4020332650,2016-05-02 20:00:00,1223,104.69501226492233,70.0,123.0
4020332650,2016-05-02 21:00:00,1322,95.01739788199697,84.0,120.0
4020332650,2016-05-02 22:00:00,1463,87.04511278195488,69.0,102.0
4020332650,2016-05-02 23:00:00,1558,78.0571245186136,66.0,94.0
4020332650,2016-05-03 00:00:00,1848,71.71158008658008,58.0,86.0
4020332650,2016-05-03 01:00:00,1654,68.80471584038695,56.0,91.0
4020332650,2016-05-03 02:00:00,1709,64.46050321825629,54.0,80.0
4020332650,2016-05-03 03:00:00,1658,62.541013268998796,52.0,81.0
4020332650,2016-05-03 04:00:00,1551,63.92714377820761,52.0,89.0
4020332650,2016-05-03 05:00:00,1574,68.6702668360864,56.0,78.0
4020332650,2016-05-03 06:00:00,1550,67.3258064516129,57.0,80.0
4020332650,2016-05-03 07:00:00,1546,67.81759379042691,57.0,83.0
4020332650,2016-05-03 08:00:00,1502,73.55392809587217,61.0,95.0
4020332650,2016-05-03 09:00:00,1511,82.47915287888816,69.0,101.0
4020332650,2016-05-03 10:00:00,1495,82.07357859531773,71.0,106.0
4020332650,2016-05-03 11:00:00,1583,82.14087176247631,69.0,102.0
4020332650,2016-05-03 12:00:00,1484,78.78436657681941,68.0,92.0
4020332650,2016-05-03 13:00:00,1507,81.77438619774387,63.0,95.0
4020332650,2016-05-03 14:00:00,1201,82.82348043297252,70.0,108.0
4020332650,2016-05-03 15:00:00,1510,86.30198675496689,65.0,113.0
4020332650,2016-05-03 16:00:00,1618,91.15142150803462,73.0,112.0
4020332650,2016-05-03 17:00:00,1613,94.0582765034098,73.0,113.0
4020332650,2016-05-03 18:00:00,1226,99.85073409461664,66.0,122.0
4020332650,2016-05-03 19:00:00,170,90.11764705882354,70.0,99.0
4020332650,2016-05-03 20:00:00,1492,89.52077747989276,68.0,127.0
4020332650,2016-05-03 21:00:00,1487,83.90988567585742,70.0,109.0
4020332650,2016-05-03 22:00:00,1509,83.96023856858847,71.0,111.0
4020332650,2016-05-03 23:00:00,1582,72.37800252844501,57.0,86.0
4020332650,2016-05-04 00:00:00,1713,69.29830706363106,57.0,93.0
4020332650,2016-05-04 01:00:00,1478,76.14073071718539,60.0,98.0
4020332650,2016-05-04 02:00:00,1597,66.53162179085786,55.0,89.0
4020332650,2016-05-04 03:00:00,1698,62.83274440518257,54.0,76.0
4020332650,2016-05-04 04:00:00,1564,58.90217391304348,49.0,73.0
4020332650,2016-05-04 05:00:00,1579,61.5060164661178,53.0,147.0
4020332650,2016-05-04 06:00:00,1551,62.97678916827853,53.0,72.0
4020332650,2016-05-04 07:00:00,1572,66.2760814249364,54.0,91.0
4020332650,2016-05-04 08:00:00,1666,73.38295318127251,57.0,96.0
4020332650,2016-05-04 09:00:00,1556,80.40295629820051,65.0,112.0
4020332650,2016-05-04 10:00:00,1608,94.47885572139303,78.0,116.0
4020332650,2016-05-04 11:00:00,1519,88.21593153390388,73.0,105.0
4020332650,2016-05-04 12:00:00,1593,93.57815442561206,75.0,113.0
4020332650,2016-05-04 13:00:00,1544,91.74611398963731,77.0,139.0
4020332650,2016-05-04 14:00:00,1528,93.13023560209425,74.0,111.0
4020332650,2016-05-04 15:00:00,1566,89.26947637292464,75.0,112.0
4020332650,2016-05-04 16:00:00,1646,93.36573511543135,79.0,109.0
4020332650,2016-05-04 17:00:00,1379,89.64394488759972,68.0,107.0
4020332650,2016-05-04 18:00:00,1356,91.44321533923303,70.0,108.0
4020332650,2016-05-04 19:00:00,1608,95.71206467661692,76.0,117.0
4020332650,2016-05-04 20:00:00,1774,109.17418263810598,81.0,146.0
4020332650,2016-05-04 21:00:00,1530,101.16339869281046,63.0,125.0
4020332650,2016-05-04 22:00:00,1570,98.7796178343949,70.0,130.0
4020332650,2016-05-04 23:00:00,1162,101.14716006884682,85.0,118.0
4020332650,2016-05-05 00:00:00,965,84.2880829015544,67.0,101.0
4020332650,2016-05-05 01:00:00,1635,79.20550458715596,68.0,92.0
4020332650,2016-05-05 02:00:00,1589,70.87539332913782,54.0,84.0
4020332650,2016-05-05 03:00:00,1679,62.23049434187016,49.0,75.0
4020332650,2016-05-05 04:00:00,1501,65.45169886742173,52.0,97.0
4020332650,2016-05-05 05:00:00,237,73.36708860759494,67.0,80.0
4020332650,2016-05-05 14:00:00,229,98.66375545851528,70.0,118.0
4020332650,2016-05-05 15:00:00,1399,83.59828448892065,70.0,92.0
4020332650,2016-05-05 16:00:00,1675,99.43223880597014,65.0,126.0
4020332650,2016-05-05 17:00:00,1497,89.10487641950567,64.0,111.0
4020332650,2016-05-05 18:00:00,1691,99.0762862211709,79.0,126.0
4020332650,2016-05-05 19:00:00,1432,94.24301675977654,76.0,118.0
4020332650,2016-05-05 20:00:00,1491,95.31321260898726,78.0,117.0
4020332650,2016-05-05 21:00:00,1238,97.1470113085622,70.0,118.0
4020332650,2016-05-05 22:00:00,1657,95.89076644538322,85.0,112.0
4020332650,2016-05-05 23:00:00,1592,83.93718592964824,69.0,107.0
4020332650,2016-05-06 00:00:00,1516,77.1754617414248,66.0,92.0
4020332650,2016-05-06 01:00:00,1642,69.09866017052376,54.0,81.0
4020332650,2016-05-06 02:00:00,1484,64.60916442048517,54.0,76.0
4020332650,2016-05-06 03:00:00,1694,66.13341204250295,54.0,94.0
4020332650,2016-05-06 04:00:00,1661,61.39915713425647,52.0,75.0
4020332650,2016-05-06 05:00:00,911,60.36992316136114,50.0,72.0
4020332650,2016-05-06 06:00:00,1589,59.14411579609818,53.0,75.0
4020332650,2016-05-06 07:00:00,1553,70.1545396007727,53.0,99.0
4020332650,2016-05-06 08:00:00,1592,78.41520100502512,60.0,99.0
4020332650,2016-05-06 09:00:00,1584,82.58333333333333,64.0,103.0
4020332650,2016-05-06 10:00:00,1553,90.920798454604,72.0,116.0
4020332650,2016-05-06 11:00:00,1568,91.25127551020408,69.0,107.0
4020332650,2016-05-06 12:00:00,1594,87.87515683814304,68.0,101.0
4020332650,2016-05-06 13:00:00,1623,78.16635859519408,61.0,96.0
4020332650,2016-05-06 14:00:00,1550,77.99096774193548,64.0,98.0
4020332650,2016-05-06 15:00:00,1492,79.68766756032171,61.0,107.0
4020332650,2016-05-06 16:00:00,1253,88.68395849960096,75.0,102.0
4020332650,2016-05-07 08:00:00,561,92.44385026737967,70.0,106.0
4020332650,2016-05-07 09:00:00,1617,90.94619666048237,72.0,109.0
4020332650,2016-05-07 10:00:00,1401,89.24482512491078,80.0,97.0
4020332650,2016-05-07 11:00:00,1497,90.72945891783567,79.0,105.0
4020332650,2016-05-07 12:00:00,1128,90.67553191489361,79.0,115.0
4020332650,2016-05-07 13:00:00,813,89.5190651906519,70.0,111.0
4020332650,2016-05-07 14:00:00,1570,85.33630573248408,67.0,94.0
4020332650,2016-05-07 15:00:00,1568,90.5376275510204,80.0,108.0
4020332650,2016-05-07 16:00:00,1551,86.55641521598969,81.0,97.0
4020332650,2016-05-07 17:00:00,1346,88.88707280832095,70.0,105.0
4020332650,2016-05-07 18:00:00,189,85.85714285714286,64.0,102.0
4020332650,2016-05-07 19:00:00,1498,93.42389853137517,80.0,117.0
4020332650,2016-05-07 20:00:00,334,84.99700598802396,70.0,96.0
4020332650,2016-05-07 21:00:00,853,83.87690504103165,70.0,98.0
4020332650,2016-05-07 22:00:00,769,86.61378413524058,77.0,102.0
4020332650,2016-05-08 00:00:00,603,69.13101160862355,56.0,118.0
4020332650,2016-05-08 01:00:00,1453,63.0949759119064,56.0,88.0
4020332650,2016-05-08 02:00:00,1435,67.1595818815331,56.0,97.0
4020332650,2016-05-08 03:00:00,1643,63.42178940961656,54.0,76.0
4020332650,2016-05-08 04:00:00,1235,60.10769230769231,52.0,101.0
4020332650,2016-05-08 05:00:00,1483,59.258934592043154,52.0,73.0
4020332650,2016-05-08 06:00:00,1421,60.90429275158339,52.0,75.0
4020332650,2016-05-08 07:00:00,1540,68.06168831168831,51.0,100.0
4020332650,2016-05-08 08:00:00,1562,72.5877080665813,57.0,96.0
4020332650,2016-05-08 09:00:00,1439,80.36761640027797,66.0,100.0
4020332650,2016-05-08 10:00:00,1497,80.2625250501002,60.0,101.0
4020332650,2016-05-08 11:00:00,1605,90.50155763239876,77.0,107.0
4020332650,2016-05-08 12:00:00,1702,87.36251468860165,75.0,111.0
4020332650,2016-05-08 13:00:00,1596,76.80513784461152,67.0,104.0
4020332650,2016-05-08 14:00:00,1730,92.73757225433526,69.0,112.0
4020332650,2016-05-08 15:00:00,1604,93.31608478802993,70.0,128.0
4020332650,2016-05-08 16:00:00,940,94.5468085106383,70.0,123.0
4020332650,2016-05-08 17:00:00,1482,90.32523616734143,76.0,107.0
4020332650,2016-05-08 18:00:00,1523,93.24097176625082,63.0,115.0
4020332650,2016-05-08 19:00:00,1499,88.79319546364243,70.0,108.0
4020332650,2016-05-08 20:00:00,1597,83.84095178459611,68.0,131.0
4020332650,2016-05-08 21:00:00,1545,80.98834951456311,67.0,107.0
4020332650,2016-05-08 22:00:00,1532,71.96475195822454,62.0,83.0
4020332650,2016-05-08 23:00:00,332,68.9367469879518,58.0,81.0
4020332650,2016-05-09 08:00:00,4,70.0,70.0,70.0
4020332650,2016-05-09 14:00:00,1093,88.62214089661482,63.0,130.0
4020332650,2016-05-09 15:00:00,1471,90.86403806934058,69.0,107.0
4020332650,2016-05-09 16:00:00,1516,95.26385224274406,80.0,115.0
4020332650,2016-05-09 17:00:00,1549,97.18721755971595,82.0,128.0
4020332650,2016-05-09 18:00:00,1531,90.39712606139778,75.0,110.0
4020332650,2016-05-09 19:00:00,1586,92.89911727616645,78.0,122.0
4020332650,2016-05-09 20:00:00,1646,89.25212636695018,70.0,155.0
4020332650,2016-05-09 21:00:00,1588,80.10768261964735,68.0,98.0
4020332650,2016-05-09 22:00:00,1680,75.98571428571428,63.0,99.0
4020332650,2016-05-09 23:00:00,1516,67.4439313984169,55.0,94.0
4020332650,2016-05-10 00:00:00,1456,56.815247252747255,52.0,77.0
4020332650,2016-05-10 01:00:00,1481,57.94530722484807,50.0,70.0
4020332650,2016-05-10 02:00:00,1498,58.86849132176235,47.0,101.0
4020332650,2016-05-10 03:00:00,1535,57.80325732899023,52.0,70.0
4020332650,2016-05-10 04:00:00,1528,57.06740837696335,49.0,77.0
4020332650,2016-05-10 05:00:00,1357,57.136330140014735,50.0,81.0
4020332650,2016-05-10 06:00:00,1524,55.5761154855643,46.0,81.0
4020332650,2016-05-10 07:00:00,1506,63.679282868525895,51.0,94.0
4020332650,2016-05-10 08:00:00,1637,71.25290164935858,60.0,93.0
4020332650,2016-05-10 09:00:00,1691,72.74039030159669,60.0,89.0
4020332650,2016-05-10 10:00:00,1637,75.5247403787416,62.0,92.0
4020332650,2016-05-10 11:00:00,1601,76.91442848219863,61.0,98.0
4020332650,2016-05-10 12:00:00,1583,86.49589387239419,68.0,113.0
4020332650,2016-05-10 13:00:00,1648,82.61407766990291,66.0,95.0
4020332650,2016-05-10 14:00:00,1671,83.40514661879115,70.0,97.0
4020332650,2016-05-10 15:00:00,1625,88.79138461538462,74.0,106.0
4020332650,2016-05-10 16:00:00,1597,85.7507827175955,64.0,104.0
4020332650,2016-05-10 17:00:00,1190,84.01932773109243,64.0,105.0
4020332650,2016-05-10 18:00:00,17,78.29411764705883,70.0,87.0
4020332650,2016-05-10 19:00:00,320,116.234375,70.0,134.0
4020332650,2016-05-10 20:00:00,162,103.18518518518519,59.0,120.0
4020332650,2016-05-10 21:00:00,3,70.0,70.0,70.0
4020332650,2016-05-10 22:00:00,386,94.62435233160622,66.0,118.0
4020332650,2016-05-10 23:00:00,448,112.65848214285714,70.0,142.0
4020332650,2016-05-11 10:00:00,92,70.94565217391305,70.0,71.0
4020332650,2016-05-11 11:00:00,264,91.4659090909091,70.0,121.0
4020332650,2016-05-11 12:00:00,1625,85.42338461538462,73.0,109.0
4020332650,2016-05-11 13:00:00,1516,87.50593667546174,64.0,105.0
4020332650,2016-05-11 14:00:00,1494,94.33333333333333,70.0,133.0
4020332650,2016-05-11 15:00:00,1618,96.04264524103831,76.0,117.0
4020332650,2016-05-11 16:00:00,1554,92.75933075933077,77.0,111.0
4020332650,2016-05-11 17:00:00,463,95.792656587473,84.0,107.0
4020332650,2016-05-12 11:00:00,460,87.04347826086956,70.0,99.0
4020332650,2016-05-12 12:00:00,582,99.98109965635739,79.0,125.0
4388161847,2016-04-13 00:00:00,349,56.051575931232094,47.0,80.0
4388161847,2016-04-13 01:00:00,333,53.813813813813816,50.0,75.0
4388161847,2016-04-13 02:00:00,344,52.4156976744186,47.0,76.0
4388161847,2016-04-13 03:00:00,339,50.37758112094395,45.0,80.0
4388161847,2016-04-13 04:00:00,363,54.7465564738292,45.0,121.0
4388161847,2016-04-13 05:00:00,486,81.41769547325103,54.0,130.0
4388161847,2016-04-13 06:00:00,426,83.03755868544602,63.0,120.0
4388161847,2016-04-13 07:00:00,385,66.2,56.0,97.0
4388161847,2016-04-13 08:00:00,416,64.95913461538461,53.0,100.0
4388161847,2016-04-13 09:00:00,375,57.48266666666667,51.0,91.0
4388161847,2016-04-13 10:00:00,404,66.16584158415841,53.0,106.0
4388161847,2016-04-13 11:00:00,391,63.94117647058823,55.0,79.0
4388161847,2016-04-13 12:00:00,376,66.79787234042553,55.0,93.0
4388161847,2016-04-13 13:00:00,376,61.29255319148936,52.0,83.0
4388161847,2016-04-13 14:00:00,382,62.68324607329843,53.0,85.0
4388161847,2016-04-13 15:00:00,394,62.307106598984774,53.0,130.0
4388161847,2016-04-13 16:00:00,444,73.94594594594595,53.0,100.0
4388161847,2016-04-13 17:00:00,467,72.95074946466809,58.0,95.0
4388161847,2016-04-13 18:00:00,485,80.77938144329897,62.0,112.0
4388161847,2016-04-13 19:00:00,498,84.56827309236948,62.0,118.0
4388161847,2016-04-13 20:00:00,175,69.92,60.0,98.0
4388161847,2016-04-14 04:00:00,5,77.8,76.0,82.0
4388161847,2016-04-14 05:00:00,422,83.74170616113744,56.0,132.0
4388161847,2016-04-14 06:00:00,461,79.56399132321042,61.0,130.0
4388161847,2016-04-14 07:00:00,368,69.10326086956522,56.0,92.0
4388161847,2016-04-14 08:00:00,379,62.46701846965699,53.0,83.0
4388161847,2016-04-14 09:00:00,401,62.236907730673316,50.0,107.0
4388161847,2016-04-14 10:00:00,400,65.2,52.0,101.0
4388161847,2016-04-14 11:00:00,391,64.84143222506394,52.0,98.0
4388161847,2016-04-14 12:00:00,386,62.715025906735754,54.0,90.0
4388161847,2016-04-14 13:00:00,388,60.28350515463917,52.0,83.0
4388161847,2016-04-14 14:00:00,365,56.71506849315068,49.0,78.0
4388161847,2016-04-14 15:00:00,383,59.25065274151436,48.0,96.0
4388161847,2016-04-14 16:00:00,439,74.67425968109339,56.0,108.0
4388161847,2016-04-14 17:00:00,460,93.58043478260869,68.0,114.0
4388161847,2016-04-14 18:00:00,401,69.97007481296758,57.0,103.0
4388161847,2016-04-14 19:00:00,417,74.32374100719424,58.0,111.0
4388161847,2016-04-14 20:00:00,346,62.410404624277454,53.0,79.0
4388161847,2016-04-14 21:00:00,329,62.54103343465046,53.0,109.0
4388161847,2016-04-14 22:00:00,332,60.47289156626506,55.0,74.0
4388161847,2016-04-14 23:00:00,319,62.31347962382445,54.0,76.0
4388161847,2016-04-15 00:00:00,334,54.6437125748503,50.0,72.0
4388161847,2016-04-15 01:00:00,303,52.976897689768975,45.0,71.0
4388161847,2016-04-15 02:00:00,341,50.53958944281525,45.0,73.0
4388161847,2016-04-15 03:00:00,327,50.308868501529055,44.0,67.0
4388161847,2016-04-15 04:00:00,363,58.36914600550964,47.0,115.0
4388161847,2016-04-15 05:00:00,432,79.87731481481481,56.0,104.0
4388161847,2016-04-15 06:00:00,422,84.43838862559242,57.0,127.0
4388161847,2016-04-15 07:00:00,372,65.69086021505376,55.0,88.0
4388161847,2016-04-15 08:00:00,422,61.59715639810427,49.0,81.0
4388161847,2016-04-15 09:00:00,378,59.65343915343915,52.0,88.0
4388161847,2016-04-15 10:00:00,426,62.51877934272301,46.0,105.0
4388161847,2016-04-15 11:00:00,387,63.43152454780362,53.0,97.0
4388161847,2016-04-15 12:00:00,371,61.53369272237197,54.0,90.0
4388161847,2016-04-15 13:00:00,389,64.40359897172236,52.0,109.0
4388161847,2016-04-15 14:00:00,373,59.715817694369974,51.0,82.0
4388161847,2016-04-15 15:00:00,405,64.41234567901235,53.0,117.0
4388161847,2016-04-15 16:00:00,440,84.94545454545455,57.0,113.0
4388161847,2016-04-15 17:00:00,376,69.07712765957447,57.0,97.0
4388161847,2016-04-15 18:00:00,393,71.65903307888041,55.0,94.0
4388161847,2016-04-15 19:00:00,382,74.46858638743456,58.0,93.0
4388161847,2016-04-15 20:00:00,390,72.47179487179487,63.0,89.0
4388161847,2016-04-15 21:00:00,399,74.66165413533835,63.0,100.0
4388161847,2016-04-15 22:00:00,382,79.90314136125654,70.0,103.0
4388161847,2016-04-15 23:00:00,398,82.44974874371859,69.0,122.0
4388161847,2016-04-16 00:00:00,325,74.63384615384615,67.0,93.0
4388161847,2016-04-16 01:00:00,325,71.44,63.0,93.0
4388161847,2016-04-16 02:00:00,323,68.21671826625386,60.0,90.0
4388161847,2016-04-16 03:00:00,338,64.24852071005917,59.0,85.0
4388161847,2016-04-16 04:00:00,342,66.96491228070175,60.0,97.0
4388161847,2016-04-16 05:00:00,342,63.73684210526316,57.0,84.0
4388161847,2016-04-16 06:00:00,403,73.3970223325062,58.0,114.0
4388161847,2016-04-16 07:00:00,352,77.86363636363636,64.0,96.0
4388161847,2016-04-16 08:00:00,440,86.11818181818182,61.0,142.0
4388161847,2016-04-16 09:00:00,359,91.45403899721448,70.0,108.0
4388161847,2016-04-16 10:00:00,417,81.32613908872902,63.0,104.0
4388161847,2016-04-16 11:00:00,402,77.30099502487562,61.0,101.0
4388161847,2016-04-16 12:00:00,371,76.74932614555256,66.0,93.0
4388161847,2016-04-16 13:00:00,443,81.25056433408578,64.0,104.0
4388161847,2016-04-16 14:00:00,447,85.41834451901566,66.0,116.0
4388161847,2016-04-16 15:00:00,384,77.77604166666667,69.0,99.0
4388161847,2016-04-16 16:00:00,358,73.12290502793296,59.0,91.0
4388161847,2016-04-16 17:00:00,384,71.5703125,62.0,83.0
4388161847,2016-04-16 18:00:00,419,77.6945107398568,61.0,97.0
4388161847,2016-04-16 19:00:00,381,78.17847769028872,69.0,94.0
4388161847,2016-04-16 20:00:00,365,77.2931506849315,69.0,88.0
4388161847,2016-04-16 21:00:00,414,74.6280193236715,58.0,113.0
4388161847,2016-04-16 22:00:00,319,64.55485893416927,57.0,84.0
4388161847,2016-04-16 23:00:00,317,63.67192429022082,56.0,70.0
4388161847,2016-04-17 00:00:00,347,63.21902017291066,55.0,79.0
4388161847,2016-04-17 01:00:00,346,62.774566473988436,57.0,74.0
4388161847,2016-04-17 02:00:00,349,62.84240687679083,56.0,74.0
4388161847,2016-04-17 03:00:00,333,56.98198198198198,52.0,82.0
4388161847,2016-04-17 04:00:00,338,56.13609467455621,51.0,77.0
4388161847,2016-04-17 05:00:00,354,56.163841807909606,49.0,82.0
4388161847,2016-04-17 06:00:00,391,64.40409207161126,50.0,92.0
4388161847,2016-04-17 07:00:00,379,74.53034300791556,59.0,91.0
4388161847,2016-04-17 08:00:00,403,73.9652605459057,60.0,110.0
4388161847,2016-04-17 09:00:00,449,75.24276169265033,61.0,97.0
4388161847,2016-04-17 10:00:00,404,69.37128712871286,58.0,102.0
4388161847,2016-04-17 11:00:00,366,65.6311475409836,56.0,85.0
4388161847,2016-04-17 12:00:00,410,74.8048780487805,57.0,113.0
4388161847,2016-04-17 13:00:00,350,71.06285714285714,59.0,97.0
4388161847,2016-04-17 14:00:00,349,69.70487106017193,61.0,90.0
4388161847,2016-04-17 15:00:00,354,64.03389830508475,54.0,80.0
4388161847,2016-04-17 16:00:00,380,65.55,50.0,93.0
4388161847,2016-04-17 17:00:00,405,65.24444444444444,53.0,109.0
4388161847,2016-04-17 18:00:00,436,66.7408256880734,54.0,96.0
4388161847,2016-04-17 19:00:00,392,64.80867346938776,53.0,89.0
4388161847,2016-04-17 20:00:00,380,66.76578947368421,57.0,93.0
4388161847,2016-04-17 21:00:00,372,64.19354838709677,55.0,93.0
4388161847,2016-04-17 22:00:00,263,66.66539923954373,57.0,95.0
4388161847,2016-04-18 06:00:00,61,84.8688524590164,73.0,98.0
4388161847,2016-04-18 07:00:00,442,77.84841628959276,60.0,109.0
4388161847,2016-04-18 08:00:00,389,69.45758354755785,59.0,91.0
4388161847,2016-04-18 09:00:00,368,63.60054347826087,57.0,88.0
4388161847,2016-04-18 10:00:00,399,62.50125313283208,51.0,93.0
4388161847,2016-04-18 11:00:00,409,71.7114914425428,57.0,88.0
4388161847,2016-04-18 12:00:00,372,70.08602150537635,60.0,104.0
4388161847,2016-04-18 13:00:00,382,68.1282722513089,55.0,104.0
4388161847,2016-04-18 14:00:00,389,63.40616966580977,55.0,80.0
4388161847,2016-04-18 15:00:00,395,64.05569620253165,54.0,98.0
4388161847,2016-04-18 16:00:00,737,118.87788331071913,55.0,174.0
4388161847,2016-04-18 17:00:00,1209,107.76095947063689,69.0,176.0
4388161847,2016-04-18 18:00:00,535,91.55327102803739,74.0,140.0
4388161847,2016-04-18 19:00:00,429,82.52447552447552,65.0,119.0
4388161847,2016-04-18 20:00:00,458,80.27292576419214,62.0,110.0
4388161847,2016-04-18 21:00:00,344,70.29651162790698,63.0,81.0
4388161847,2016-04-18 22:00:00,354,68.11016949152543,58.0,114.0
4388161847,2016-04-18 23:00:00,379,59.11345646437995,50.0,81.0
4388161847,2016-04-19 00:00:00,341,55.56891495601173,52.0,76.0
4388161847,2016-04-19 01:00:00,327,52.9388379204893,49.0,80.0
4388161847,2016-04-19 02:00:00,315,52.32380952380952,48.0,68.0
4388161847,2016-04-19 03:00:00,347,51.28242074927954,46.0,77.0
4388161847,2016-04-19 04:00:00,357,55.35294117647059,47.0,96.0
4388161847,2016-04-19 05:00:00,484,85.81611570247934,55.0,136.0
4388161847,2016-04-19 06:00:00,516,90.46317829457364,69.0,127.0
4388161847,2016-04-19 07:00:00,409,66.98533007334963,58.0,106.0
4388161847,2016-04-19 08:00:00,379,61.440633245382585,50.0,101.0
4388161847,2016-04-19 09:00:00,392,60.2780612244898,50.0,91.0
4388161847,2016-04-19 10:00:00,383,60.407310704960835,50.0,95.0
4388161847,2016-04-19 11:00:00,379,62.76781002638523,53.0,86.0
4388161847,2016-04-19 12:00:00,382,62.93455497382199,54.0,95.0
4388161847,2016-04-19 13:00:00,366,57.650273224043715,50.0,73.0
4388161847,2016-04-19 14:00:00,371,60.45013477088949,51.0,88.0
4388161847,2016-04-19 15:00:00,327,58.944954128440365,53.0,86.0
4388161847,2016-04-19 16:00:00,453,72.58940397350993,52.0,108.0
4388161847,2016-04-19 17:00:00,429,74.83682983682984,55.0,95.0
4388161847,2016-04-19 18:00:00,449,72.71937639198218,56.0,108.0
4388161847,2016-04-19 19:00:00,329,67.71428571428571,59.0,84.0
4388161847,2016-04-19 20:00:00,454,75.9647577092511,63.0,96.0
4388161847,2016-04-19 21:00:00,383,66.08616187989556,56.0,85.0
4388161847,2016-04-19 22:00:00,360,61.37222222222222,54.0,88.0
4388161847,2016-04-19 23:00:00,342,56.567251461988306,50.0,77.0
4388161847,2016-04-20 00:00:00,328,53.84146341463415,48.0,64.0
4388161847,2016-04-20 01:00:00,322,54.84472049689441,47.0,83.0
4388161847,2016-04-20 02:00:00,312,52.833333333333336,48.0,86.0
4388161847,2016-04-20 03:00:00,338,52.798816568047336,46.0,79.0
4388161847,2016-04-20 04:00:00,358,54.12290502793296,47.0,78.0
4388161847,2016-04-20 05:00:00,516,79.91666666666667,54.0,149.0
4388161847,2016-04-20 06:00:00,493,87.7971602434077,65.0,145.0
4388161847,2016-04-20 07:00:00,388,66.13917525773196,56.0,83.0
4388161847,2016-04-20 08:00:00,382,61.35602094240838,53.0,83.0
4388161847,2016-04-20 09:00:00,372,59.153225806451616,52.0,69.0
4388161847,2016-04-20 10:00:00,372,61.556451612903224,52.0,89.0
4388161847,2016-04-20 11:00:00,361,63.51523545706371,53.0,90.0
4388161847,2016-04-20 12:00:00,394,65.5989847715736,56.0,94.0
4388161847,2016-04-20 13:00:00,369,64.27642276422765,54.0,92.0
4388161847,2016-04-20 14:00:00,350,60.07142857142857,53.0,70.0
4388161847,2016-04-20 15:00:00,360,61.59444444444444,55.0,87.0
4388161847,2016-04-20 16:00:00,417,69.54916067146283,54.0,101.0
4388161847,2016-04-20 17:00:00,464,81.27586206896552,59.0,108.0
4388161847,2016-04-20 18:00:00,397,67.4030226700252,57.0,98.0
4388161847,2016-04-20 19:00:00,453,73.69315673289184,54.0,105.0
4388161847,2016-04-20 20:00:00,422,69.8175355450237,58.0,95.0
4388161847,2016-04-20 21:00:00,361,63.50692520775623,55.0,82.0
4388161847,2016-04-20 22:00:00,344,61.73546511627907,54.0,81.0
4388161847,2016-04-20 23:00:00,343,55.43148688046647,48.0,77.0
4388161847,2016-04-21 00:00:00,322,54.900621118012424,52.0,73.0
4388161847,2016-04-21 01:00:00,352,52.75,45.0,67.0
4388161847,2016-04-21 02:00:00,330,50.03030303030303,45.0,67.0
4388161847,2016-04-21 03:00:00,331,49.120845921450154,44.0,74.0
4388161847,2016-04-21 04:00:00,345,49.12173913043478,42.0,73.0
4388161847,2016-04-21 05:00:00,464,68.73275862068965,47.0,109.0
4388161847,2016-04-21 06:00:00,447,73.40939597315436,56.0,97.0
4388161847,2016-04-21 07:00:00,385,62.46233766233766,52.0,85.0
4388161847,2016-04-21 08:00:00,351,57.50997150997151,48.0,83.0
4388161847,2016-04-21 09:00:00,355,55.76901408450704,48.0,67.0
4388161847,2016-04-21 10:00:00,389,59.573264781491005,47.0,93.0
4388161847,2016-04-21 11:00:00,350,60.60285714285714,51.0,96.0
4388161847,2016-04-21 12:00:00,371,60.14016172506739,50.0,79.0
4388161847,2016-04-21 13:00:00,364,59.73076923076923,52.0,89.0
4388161847,2016-04-21 14:00:00,356,57.08426966292135,50.0,72.0
4388161847,2016-04-21 15:00:00,368,60.891304347826086,52.0,85.0
4388161847,2016-04-21 16:00:00,354,71.72033898305085,56.0,110.0
4388161847,2016-04-21 17:00:00,180,73.31666666666666,57.0,146.0
4388161847,2016-04-21 18:00:00,459,84.07625272331154,55.0,118.0
4388161847,2016-04-21 19:00:00,483,76.74948240165631,55.0,102.0
4388161847,2016-04-21 20:00:00,402,74.12437810945273,58.0,112.0
4388161847,2016-04-21 21:00:00,149,60.48322147651007,57.0,68.0
4388161847,2016-04-22 06:00:00,476,105.8718487394958,56.0,149.0
4388161847,2016-04-22 07:00:00,396,67.33080808080808,49.0,135.0
4388161847,2016-04-22 08:00:00,523,87.1376673040153,61.0,134.0
4388161847,2016-04-22 09:00:00,477,76.55555555555556,59.0,100.0
4388161847,2016-04-22 10:00:00,459,70.479302832244,58.0,91.0
4388161847,2016-04-22 11:00:00,384,64.64322916666667,58.0,77.0
4388161847,2016-04-22 12:00:00,394,67.11675126903553,54.0,83.0
4388161847,2016-04-22 13:00:00,368,71.42934782608695,63.0,77.0
4388161847,2016-04-22 14:00:00,394,70.43147208121827,59.0,81.0
4388161847,2016-04-22 15:00:00,399,72.92230576441102,58.0,102.0
4388161847,2016-04-22 16:00:00,339,76.74631268436578,67.0,95.0
4388161847,2016-04-22 17:00:00,352,71.67045454545455,59.0,102.0
4388161847,2016-04-22 18:00:00,501,79.98602794411178,61.0,123.0
4388161847,2016-04-22 19:00:00,359,61.370473537604454,53.0,81.0
4388161847,2016-04-22 20:00:00,376,64.57180851063829,53.0,85.0
4388161847,2016-04-22 21:00:00,356,67.28651685393258,58.0,79.0
4388161847,2016-04-22 22:00:00,361,65.09418282548476,55.0,93.0
4388161847,2016-04-22 23:00:00,384,61.973958333333336,55.0,73.0
4388161847,2016-04-23 00:00:00,355,55.969014084507045,47.0,78.0
4388161847,2016-04-23 01:00:00,339,53.14159292035398,44.0,69.0
4388161847,2016-04-23 02:00:00,339,54.3952802359882,48.0,78.0
4388161847,2016-04-23 03:00:00,338,54.328402366863905,46.0,78.0
4388161847,2016-04-23 04:00:00,346,52.664739884393065,46.0,73.0
4388161847,2016-04-23 05:00:00,322,53.63354037267081,49.0,71.0
4388161847,2016-04-23 06:00:00,325,56.643076923076926,47.0,86.0
4388161847,2016-04-23 07:00:00,335,60.85970149253731,54.0,74.0
4388161847,2016-04-23 08:00:00,343,59.44606413994169,50.0,70.0
4388161847,2016-04-23 09:00:00,346,62.28034682080925,55.0,72.0
4388161847,2016-04-23 10:00:00,390,70.1025641025641,51.0,99.0
4388161847,2016-04-23 11:00:00,439,70.73576309794989,55.0,107.0
4388161847,2016-04-23 12:00:00,440,68.1659090909091,54.0,99.0
4388161847,2016-04-23 13:00:00,531,79.72504708097928,56.0,127.0
4388161847,2016-04-23 14:00:00,586,119.45051194539249,54.0,158.0
4388161847,2016-04-23 15:00:00,468,65.83547008547009,52.0,95.0
4388161847,2016-04-23 16:00:00,444,68.59909909909909,55.0,78.0
4388161847,2016-04-23 17:00:00,392,70.65561224489795,62.0,82.0
4388161847,2016-04-23 18:00:00,414,70.47101449275362,53.0,92.0
4388161847,2016-04-23 19:00:00,379,63.221635883905016,46.0,82.0
4388161847,2016-04-23 20:00:00,373,64.67560321715818,51.0,82.0
4388161847,2016-04-23 21:00:00,342,56.45906432748538,50.0,70.0
4388161847,2016-04-23 22:00:00,396,64.92424242424242,52.0,98.0
4388161847,2016-04-23 23:00:00,344,66.03779069767442,58.0,91.0
4388161847,2016-04-24 00:00:00,354,60.95762711864407,53.0,89.0
4388161847,2016-04-24 01:00:00,359,58.523676880222844,50.0,73.0
4388161847,2016-04-24 02:00:00,345,55.43768115942029,49.0,76.0
4388161847,2016-04-24 03:00:00,345,55.88405797101449,50.0,75.0
4388161847,2016-04-24 04:00:00,317,54.51735015772871,48.0,78.0
4388161847,2016-04-24 05:00:00,348,56.252873563218394,50.0,76.0
4388161847,2016-04-24 06:00:00,401,64.70822942643392,52.0,119.0
4388161847,2016-04-24 07:00:00,363,61.48209366391185,52.0,72.0
4388161847,2016-04-24 08:00:00,385,59.18441558441558,48.0,93.0
4388161847,2016-04-24 09:00:00,332,52.06024096385542,45.0,60.0
4388161847,2016-04-24 10:00:00,375,56.04,44.0,93.0
4388161847,2016-04-24 11:00:00,349,59.50429799426934,53.0,77.0
4388161847,2016-04-24 12:00:00,457,67.83807439824945,52.0,95.0
4388161847,2016-04-24 13:00:00,460,69.93913043478261,53.0,100.0
4388161847,2016-04-24 14:00:00,491,71.66191446028513,51.0,131.0
4388161847,2016-04-24 15:00:00,454,69.48237885462555,54.0,139.0
4388161847,2016-04-24 16:00:00,324,59.623456790123456,54.0,75.0
4388161847,2016-04-24 17:00:00,353,56.314447592067985,49.0,73.0
4388161847,2016-04-24 18:00:00,411,64.52554744525547,51.0,92.0
4388161847,2016-04-24 19:00:00,388,61.71649484536083,52.0,83.0
4388161847,2016-04-24 20:00:00,502,74.28486055776892,56.0,99.0
4388161847,2016-04-24 21:00:00,375,61.589333333333336,52.0,82.0
4388161847,2016-04-24 22:00:00,175,57.49142857142857,52.0,66.0
4388161847,2016-04-25 05:00:00,498,69.21887550200803,54.0,95.0
4388161847,2016-04-25 06:00:00,453,72.33333333333333,54.0,107.0
4388161847,2016-04-25 07:00:00,410,67.75853658536586,58.0,88.0
4388161847,2016-04-25 08:00:00,362,65.66022099447514,58.0,86.0
4388161847,2016-04-25 09:00:00,389,60.390745501285345,53.0,97.0
4388161847,2016-04-25 10:00:00,372,58.33064516129032,50.0,83.0
4388161847,2016-04-25 11:00:00,395,66.09367088607596,53.0,88.0
4388161847,2016-04-25 12:00:00,372,63.895161290322584,56.0,75.0
4388161847,2016-04-25 13:00:00,363,60.421487603305785,53.0,91.0
4388161847,2016-04-25 14:00:00,383,59.30548302872063,52.0,72.0
4388161847,2016-04-25 15:00:00,386,57.60880829015544,50.0,88.0
4388161847,2016-04-25 16:00:00,444,68.50450450450451,52.0,112.0
4388161847,2016-04-25 17:00:00,506,87.13833992094861,55.0,150.0
4388161847,2016-04-25 18:00:00,418,71.44497607655502,51.0,103.0
4388161847,2016-04-25 19:00:00,461,81.2299349240781,59.0,112.0
4388161847,2016-04-25 20:00:00,482,83.82365145228216,60.0,114.0
4388161847,2016-04-25 21:00:00,363,64.34986225895317,50.0,108.0
4388161847,2016-04-25 22:00:00,364,55.37362637362637,46.0,97.0
4388161847,2016-04-25 23:00:00,338,51.33136094674556,45.0,72.0
4388161847,2016-04-26 00:00:00,330,51.79090909090909,43.0,69.0
4388161847,2016-04-26 01:00:00,345,53.92463768115942,47.0,81.0
4388161847,2016-04-26 02:00:00,343,51.32069970845481,42.0,61.0
4388161847,2016-04-26 03:00:00,349,53.767908309455585,44.0,78.0
4388161847,2016-04-26 04:00:00,336,52.455357142857146,44.0,71.0
4388161847,2016-04-26 05:00:00,479,76.68058455114823,52.0,128.0
4388161847,2016-04-26 06:00:00,510,82.73137254901961,61.0,116.0
4388161847,2016-04-26 07:00:00,399,67.468671679198,54.0,94.0
4388161847,2016-04-26 08:00:00,354,61.19491525423729,53.0,78.0
4388161847,2016-04-26 09:00:00,412,59.68689320388349,49.0,97.0
4388161847,2016-04-26 10:00:00,399,60.50877192982456,50.0,85.0
4388161847,2016-04-26 11:00:00,388,63.66494845360825,56.0,88.0
4388161847,2016-04-26 12:00:00,408,64.7156862745098,55.0,86.0
4388161847,2016-04-26 13:00:00,378,60.214285714285715,49.0,81.0
4388161847,2016-04-26 14:00:00,374,62.99465240641711,54.0,86.0
4388161847,2016-04-26 15:00:00,376,60.140957446808514,53.0,81.0
4388161847,2016-04-26 16:00:00,402,62.28109452736319,48.0,104.0
4388161847,2016-04-26 17:00:00,476,68.88025210084034,52.0,98.0
4388161847,2016-04-26 18:00:00,391,63.989769820971865,55.0,81.0
4388161847,2016-04-26 19:00:00,358,63.91340782122905,57.0,80.0
4388161847,2016-04-26 20:00:00,381,63.25459317585302,54.0,100.0
4388161847,2016-04-26 21:00:00,343,60.02332361516035,51.0,80.0
4388161847,2016-04-26 22:00:00,342,59.69298245614035,52.0,72.0
4388161847,2016-04-26 23:00:00,356,56.57865168539326,47.0,75.0
4388161847,2016-04-27 00:00:00,378,50.923280423280424,44.0,76.0
4388161847,2016-04-27 01:00:00,348,53.24425287356322,48.0,77.0
4388161847,2016-04-27 02:00:00,360,50.15277777777778,42.0,76.0
4388161847,2016-04-27 03:00:00,331,47.74924471299094,42.0,68.0
4388161847,2016-04-27 04:00:00,341,47.592375366568916,42.0,71.0
4388161847,2016-04-27 05:00:00,447,66.30648769574944,51.0,122.0
4388161847,2016-04-27 06:00:00,409,66.89731051344744,50.0,115.0
4388161847,2016-04-27 07:00:00,372,58.14247311827957,52.0,77.0
4388161847,2016-04-27 08:00:00,371,56.94609164420485,50.0,87.0
4388161847,2016-04-27 09:00:00,369,55.799457994579946,44.0,93.0
4388161847,2016-04-27 10:00:00,374,58.41711229946524,46.0,93.0
4388161847,2016-04-27 11:00:00,429,64.07226107226107,50.0,85.0
4388161847,2016-04-27 12:00:00,412,66.93446601941747,56.0,100.0
4388161847,2016-04-27 13:00:00,361,59.94736842105263,54.0,74.0
4388161847,2016-04-27 14:00:00,384,59.0625,53.0,72.0
4388161847,2016-04-27 15:00:00,376,62.56117021276596,55.0,84.0
4388161847,2016-04-27 16:00:00,427,70.39344262295081,53.0,153.0
4388161847,2016-04-27 17:00:00,470,72.02127659574468,54.0,114.0
4388161847,2016-04-27 18:00:00,547,86.19744058500915,70.0,117.0
4388161847,2016-04-27 19:00:00,403,67.61538461538461,57.0,92.0
4388161847,2016-04-27 20:00:00,390,64.43589743589743,54.0,84.0
4388161847,2016-04-27 21:00:00,370,62.57837837837838,53.0,86.0
4388161847,2016-04-27 22:00:00,339,60.85840707964602,55.0,82.0
4388161847,2016-04-27 23:00:00,343,60.34402332361516,49.0,85.0
4388161847,2016-04-28 00:00:00,360,52.78888888888889,47.0,72.0
4388161847,2016-04-28 01:00:00,327,50.32721712538226,45.0,73.0
4388161847,2016-04-28 02:00:00,332,47.88253012048193,41.0,61.0
4388161847,2016-04-28 03:00:00,333,48.41741741741742,43.0,71.0
4388161847,2016-04-28 04:00:00,346,47.76878612716763,41.0,75.0
4388161847,2016-04-28 05:00:00,498,74.929718875502,46.0,126.0
4388161847,2016-04-28 06:00:00,490,81.02448979591837,52.0,131.0
4388161847,2016-04-28 07:00:00,381,70.37795275590551,61.0,85.0
4388161847,2016-04-28 08:00:00,361,65.1606648199446,50.0,91.0
4388161847,2016-04-28 09:00:00,367,55.55313351498638,44.0,67.0
4388161847,2016-04-28 10:00:00,421,60.16627078384798,49.0,87.0
4388161847,2016-04-28 11:00:00,427,59.8384074941452,50.0,85.0
4388161847,2016-04-28 12:00:00,372,62.166666666666664,54.0,90.0
4388161847,2016-04-28 13:00:00,371,61.067385444743934,53.0,79.0
4388161847,2016-04-28 14:00:00,349,58.779369627507165,49.0,74.0
4388161847,2016-04-28 15:00:00,358,55.98324022346369,50.0,70.0
4388161847,2016-04-28 16:00:00,319,73.4576802507837,55.0,102.0
4388161847,2016-04-28 17:00:00,331,74.37160120845921,54.0,109.0
4388161847,2016-04-28 18:00:00,419,65.3054892601432,49.0,89.0
4388161847,2016-04-28 19:00:00,397,63.65239294710327,53.0,95.0
4388161847,2016-04-28 20:00:00,227,68.81497797356828,62.0,100.0
4388161847,2016-04-29 05:00:00,476,72.23319327731092,51.0,130.0
4388161847,2016-04-29 06:00:00,483,81.90683229813665,61.0,133.0
4388161847,2016-04-29 07:00:00,405,66.0,53.0,93.0
4388161847,2016-04-29 08:00:00,368,58.12228260869565,49.0,90.0
4388161847,2016-04-29 09:00:00,376,58.680851063829785,50.0,88.0
4388161847,2016-04-29 10:00:00,376,59.2313829787234,50.0,107.0
4388161847,2016-04-29 11:00:00,370,57.08378378378379,44.0,78.0
4388161847,2016-04-29 12:00:00,378,58.98941798941799,47.0,83.0
4388161847,2016-04-29 13:00:00,385,61.30649350649351,53.0,82.0
4388161847,2016-04-29 14:00:00,388,65.56701030927834,54.0,94.0
4388161847,2016-04-29 15:00:00,338,72.87573964497041,66.0,79.0
4388161847,2016-04-29 16:00:00,359,72.11142061281338,62.0,83.0
4388161847,2016-04-29 17:00:00,430,68.5046511627907,57.0,96.0
4388161847,2016-04-29 18:00:00,422,67.22274881516587,55.0,82.0
4388161847,2016-04-29 19:00:00,399,64.68922305764411,54.0,80.0
4388161847,2016-04-29 20:00:00,425,70.55294117647058,58.0,92.0
4388161847,2016-04-29 21:00:00,368,66.28532608695652,58.0,76.0
4388161847,2016-04-29 22:00:00,378,66.73280423280423,54.0,89.0
4388161847,2016-04-29 23:00:00,365,61.5013698630137,54.0,78.0
4388161847,2016-04-30 00:00:00,334,60.131736526946106,51.0,88.0
4388161847,2016-04-30 01:00:00,338,51.73076923076923,45.0,68.0
4388161847,2016-04-30 02:00:00,347,52.88472622478386,47.0,76.0
4388161847,2016-04-30 03:00:00,322,53.53105590062112,47.0,72.0
4388161847,2016-04-30 04:00:00,338,55.48224852071006,49.0,83.0
4388161847,2016-04-30 05:00:00,355,52.667605633802815,47.0,83.0
4388161847,2016-04-30 06:00:00,373,59.45844504021448,45.0,95.0
4388161847,2016-04-30 07:00:00,377,56.48275862068966,47.0,75.0
4388161847,2016-04-30 08:00:00,366,56.56284153005465,49.0,66.0
4388161847,2016-04-30 09:00:00,466,73.89914163090128,51.0,104.0
4388161847,2016-04-30 10:00:00,399,68.77694235588973,54.0,97.0
4388161847,2016-04-30 11:00:00,480,87.44375,62.0,113.0
4388161847,2016-04-30 12:00:00,492,82.119918699187,55.0,106.0
4388161847,2016-04-30 13:00:00,447,72.45190156599553,59.0,105.0
4388161847,2016-04-30 14:00:00,359,58.94428969359331,54.0,74.0
4388161847,2016-04-30 15:00:00,360,60.05,54.0,76.0
4388161847,2016-04-30 16:00:00,428,69.83177570093459,53.0,113.0
4388161847,2016-04-30 17:00:00,391,60.52429667519181,51.0,77.0
4388161847,2016-04-30 18:00:00,424,66.91981132075472,53.0,93.0
4388161847,2016-04-30 19:00:00,387,63.997416020671835,53.0,94.0
4388161847,2016-04-30 20:00:00,463,74.73650107991361,52.0,112.0
4388161847,2016-04-30 21:00:00,386,64.34715025906736,54.0,95.0
4388161847,2016-04-30 22:00:00,326,56.377300613496935,49.0,73.0
4388161847,2016-04-30 23:00:00,344,54.450581395348834,49.0,78.0
4388161847,2016-05-01 00:00:00,331,56.34743202416919,50.0,74.0
4388161847,2016-05-01 01:00:00,347,51.87896253602305,43.0,79.0
4388161847,2016-05-01 02:00:00,335,49.208955223880594,44.0,74.0
4388161847,2016-05-01 03:00:00,348,49.9080459770115,43.0,73.0
4388161847,2016-05-01 04:00:00,335,46.919402985074626,39.0,70.0
4388161847,2016-05-01 05:00:00,343,48.0932944606414,42.0,80.0
4388161847,2016-05-01 06:00:00,337,47.69436201780415,42.0,75.0
4388161847,2016-05-01 07:00:00,348,49.020114942528735,42.0,82.0
4388161847,2016-05-01 08:00:00,492,69.28861788617886,42.0,103.0
4388161847,2016-05-01 09:00:00,371,61.142857142857146,53.0,78.0
4388161847,2016-05-01 10:00:00,401,65.93765586034912,52.0,98.0
4388161847,2016-05-01 11:00:00,392,68.25510204081633,52.0,98.0
4388161847,2016-05-01 12:00:00,403,69.79404466501241,54.0,92.0
4388161847,2016-05-01 13:00:00,423,67.86524822695036,54.0,92.0
4388161847,2016-05-01 14:00:00,333,57.57657657657658,53.0,78.0
4388161847,2016-05-01 15:00:00,428,72.11915887850468,51.0,100.0
4388161847,2016-05-01 16:00:00,363,65.13498622589532,57.0,95.0
4388161847,2016-05-01 17:00:00,287,71.87108013937282,59.0,102.0
4388161847,2016-05-01 18:00:00,395,68.64050632911392,60.0,90.0
4388161847,2016-05-01 19:00:00,422,68.65402843601896,52.0,105.0
4388161847,2016-05-01 20:00:00,380,58.310526315789474,48.0,85.0
4388161847,2016-05-01 21:00:00,367,55.52861035422343,50.0,69.0
4388161847,2016-05-01 22:00:00,348,53.26724137931034,44.0,80.0
4388161847,2016-05-01 23:00:00,308,52.88636363636363,47.0,66.0
4388161847,2016-05-02 00:00:00,364,56.862637362637365,48.0,117.0
4388161847,2016-05-02 01:00:00,370,56.15405405405406,50.0,74.0
4388161847,2016-05-02 02:00:00,338,53.59171597633136,45.0,79.0
4388161847,2016-05-02 03:00:00,337,50.353115727002965,45.0,80.0
4388161847,2016-05-02 04:00:00,335,48.61492537313433,43.0,65.0
4388161847,2016-05-02 05:00:00,348,55.52873563218391,47.0,82.0
4388161847,2016-05-02 06:00:00,405,75.03703703703704,59.0,110.0
4388161847,2016-05-02 07:00:00,440,71.075,56.0,109.0
4388161847,2016-05-02 08:00:00,363,61.950413223140494,54.0,74.0
4388161847,2016-05-02 09:00:00,374,57.5427807486631,49.0,79.0
4388161847,2016-05-02 10:00:00,384,57.744791666666664,49.0,103.0
4388161847,2016-05-02 11:00:00,371,60.22911051212938,52.0,99.0
4388161847,2016-05-02 12:00:00,366,60.40163934426229,53.0,97.0
4388161847,2016-05-02 13:00:00,331,62.26586102719033,55.0,82.0
4388161847,2016-05-02 14:00:00,334,60.58083832335329,54.0,68.0
4388161847,2016-05-02 15:00:00,359,58.77437325905292,53.0,106.0
4388161847,2016-05-02 16:00:00,412,71.98300970873787,54.0,116.0
4388161847,2016-05-02 17:00:00,405,70.70617283950617,55.0,106.0
4388161847,2016-05-02 18:00:00,511,115.71624266144813,61.0,180.0
4388161847,2016-05-02 19:00:00,413,86.46731234866829,62.0,105.0
4388161847,2016-05-02 20:00:00,399,68.68170426065163,54.0,101.0
4388161847,2016-05-02 21:00:00,257,72.18677042801556,55.0,114.0
4388161847,2016-05-03 05:00:00,493,91.44421906693712,56.0,135.0
4388161847,2016-05-03 06:00:00,479,81.03340292275574,58.0,114.0
4388161847,2016-05-03 07:00:00,414,64.512077294686,53.0,99.0
4388161847,2016-05-03 08:00:00,385,60.605194805194806,50.0,88.0
4388161847,2016-05-03 09:00:00,421,63.81472684085511,53.0,109.0
4388161847,2016-05-03 10:00:00,395,60.4632911392405,51.0,75.0
4388161847,2016-05-03 11:00:00,373,63.506702412868634,53.0,90.0
4388161847,2016-05-03 12:00:00,388,63.51030927835052,44.0,78.0
4388161847,2016-05-03 13:00:00,364,60.14835164835165,53.0,75.0
4388161847,2016-05-03 14:00:00,363,57.84022038567493,50.0,86.0
4388161847,2016-05-03 15:00:00,371,58.97843665768194,50.0,91.0
4388161847,2016-05-03 16:00:00,411,67.22871046228711,48.0,106.0
4388161847,2016-05-03 17:00:00,448,71.40401785714286,48.0,103.0
4388161847,2016-05-03 18:00:00,522,80.63026819923371,56.0,117.0
4388161847,2016-05-03 19:00:00,443,72.9841986455982,54.0,101.0
4388161847,2016-05-03 20:00:00,387,58.89922480620155,50.0,88.0
4388161847,2016-05-03 21:00:00,381,55.83464566929134,46.0,83.0
4388161847,2016-05-03 22:00:00,348,56.52298850574713,50.0,73.0
4388161847,2016-05-03 23:00:00,354,56.75423728813559,48.0,74.0
4388161847,2016-05-04 00:00:00,352,51.05397727272727,45.0,79.0
4388161847,2016-05-04 01:00:00,343,52.24781341107872,43.0,70.0
4388161847,2016-05-04 02:00:00,346,50.73699421965318,42.0,86.0
4388161847,2016-05-04 03:00:00,323,47.69969040247678,43.0,61.0
4388161847,2016-05-04 04:00:00,341,47.87976539589443,43.0,72.0
4388161847,2016-05-04 05:00:00,440,68.13181818181818,45.0,120.0
4388161847,2016-05-04 06:00:00,463,80.88984881209504,61.0,104.0
4388161847,2016-05-04 07:00:00,386,61.39637305699482,52.0,87.0
4388161847,2016-05-04 08:00:00,367,56.62397820163488,48.0,80.0
4388161847,2016-05-04 09:00:00,410,59.573170731707314,49.0,94.0
4388161847,2016-05-04 10:00:00,381,58.648293963254595,46.0,105.0
4388161847,2016-05-04 11:00:00,361,65.08587257617728,55.0,90.0
4388161847,2016-05-04 12:00:00,380,65.90526315789474,55.0,99.0
4388161847,2016-05-04 13:00:00,361,61.659279778393355,55.0,73.0
4388161847,2016-05-04 14:00:00,363,54.837465564738295,48.0,71.0
4388161847,2016-05-04 15:00:00,352,59.12215909090909,51.0,77.0
4388161847,2016-05-04 16:00:00,452,69.47566371681415,54.0,102.0
4388161847,2016-05-04 17:00:00,465,85.40645161290323,54.0,126.0
4388161847,2016-05-04 18:00:00,410,72.6219512195122,53.0,112.0
4388161847,2016-05-04 19:00:00,399,59.6265664160401,48.0,90.0
4388161847,2016-05-04 20:00:00,412,62.95873786407767,50.0,89.0
4388161847,2016-05-04 21:00:00,353,59.43342776203966,52.0,87.0
4388161847,2016-05-04 22:00:00,346,59.41618497109827,52.0,90.0
4388161847,2016-05-04 23:00:00,366,56.41256830601093,47.0,85.0
4388161847,2016-05-05 00:00:00,338,51.03550295857988,44.0,76.0
4388161847,2016-05-05 01:00:00,316,52.05696202531646,45.0,79.0
4388161847,2016-05-05 02:00:00,360,52.575,45.0,75.0
4388161847,2016-05-05 03:00:00,347,53.27089337175793,42.0,121.0
4388161847,2016-05-05 04:00:00,335,49.42388059701493,42.0,77.0
4388161847,2016-05-05 05:00:00,470,68.24468085106383,50.0,114.0
4388161847,2016-05-05 06:00:00,461,81.96095444685466,57.0,123.0
4388161847,2016-05-05 07:00:00,388,60.38659793814433,51.0,92.0
4388161847,2016-05-05 08:00:00,399,58.92731829573935,47.0,85.0
4388161847,2016-05-05 09:00:00,353,53.1586402266289,46.0,63.0
4388161847,2016-05-05 10:00:00,385,56.797402597402595,46.0,88.0
4388161847,2016-05-05 11:00:00,385,62.968831168831166,54.0,106.0
4388161847,2016-05-05 12:00:00,382,60.910994764397905,47.0,98.0
4388161847,2016-05-05 13:00:00,357,57.182072829131656,47.0,72.0
4388161847,2016-05-05 14:00:00,372,55.526881720430104,47.0,76.0
4388161847,2016-05-05 15:00:00,376,57.869680851063826,48.0,91.0
4388161847,2016-05-05 16:00:00,435,73.55862068965517,53.0,114.0
4388161847,2016-05-05 17:00:00,428,75.70794392523365,57.0,101.0
4388161847,2016-05-05 18:00:00,386,60.248704663212436,50.0,83.0
4388161847,2016-05-05 19:00:00,414,61.11835748792271,48.0,94.0
4388161847,2016-05-05 20:00:00,110,68.51818181818182,54.0,90.0
4388161847,2016-05-06 03:00:00,207,64.73913043478261,47.0,109.0
4388161847,2016-05-06 04:00:00,439,66.52847380410023,51.0,100.0
4388161847,2016-05-06 05:00:00,524,95.21564885496183,51.0,151.0
4388161847,2016-05-06 06:00:00,433,74.73903002309468,56.0,104.0
4388161847,2016-05-06 07:00:00,406,65.26600985221675,53.0,106.0
4388161847,2016-05-06 08:00:00,381,57.811023622047244,49.0,72.0
4388161847,2016-05-06 09:00:00,395,59.85569620253165,52.0,78.0
4388161847,2016-05-06 10:00:00,422,62.95497630331754,53.0,114.0
4388161847,2016-05-06 11:00:00,357,63.38935574229692,53.0,87.0
4388161847,2016-05-06 12:00:00,386,65.43264248704664,53.0,91.0
4388161847,2016-05-06 13:00:00,358,59.600558659217874,53.0,80.0
4388161847,2016-05-06 14:00:00,361,57.905817174515235,50.0,78.0
4388161847,2016-05-06 15:00:00,381,58.91076115485564,50.0,89.0
4388161847,2016-05-06 16:00:00,381,74.0997375328084,60.0,88.0
4388161847,2016-05-06 17:00:00,371,78.53908355795149,68.0,107.0
4388161847,2016-05-06 18:00:00,394,73.2005076142132,59.0,100.0
4388161847,2016-05-06 19:00:00,385,72.65454545454546,59.0,83.0
4388161847,2016-05-06 20:00:00,496,83.41733870967742,61.0,114.0
4388161847,2016-05-06 21:00:00,427,72.17798594847775,59.0,103.0
4388161847,2016-05-06 22:00:00,350,62.997142857142855,55.0,83.0
4388161847,2016-05-06 23:00:00,334,62.88622754491018,54.0,81.0
4388161847,2016-05-07 00:00:00,308,58.256493506493506,52.0,83.0
4388161847,2016-05-07 01:00:00,342,57.3421052631579,53.0,77.0
4388161847,2016-05-07 02:00:00,351,58.370370370370374,51.0,80.0
4388161847,2016-05-07 03:00:00,345,54.05507246376811,45.0,75.0
4388161847,2016-05-07 04:00:00,322,51.83229813664596,46.0,68.0
4388161847,2016-05-07 05:00:00,342,50.62280701754386,43.0,80.0
4388161847,2016-05-07 06:00:00,340,48.69117647058823,44.0,65.0
4388161847,2016-05-07 07:00:00,347,48.671469740634,41.0,78.0
4388161847,2016-05-07 08:00:00,395,63.073417721518986,45.0,97.0
4388161847,2016-05-07 09:00:00,441,80.96598639455782,57.0,108.0
4388161847,2016-05-07 10:00:00,455,67.2021978021978,54.0,100.0
4388161847,2016-05-07 11:00:00,471,81.01273885350318,53.0,144.0
4388161847,2016-05-07 12:00:00,520,93.17692307692307,59.0,153.0
4388161847,2016-05-07 13:00:00,437,75.24256292906179,57.0,107.0
4388161847,2016-05-07 14:00:00,334,63.631736526946106,56.0,76.0
4388161847,2016-05-07 15:00:00,351,58.66381766381766,50.0,89.0
4388161847,2016-05-07 16:00:00,484,88.47727272727273,56.0,129.0
4388161847,2016-05-07 17:00:00,467,82.28265524625267,60.0,118.0
4388161847,2016-05-07 18:00:00,435,67.52413793103449,47.0,101.0
4388161847,2016-05-07 19:00:00,466,64.63948497854078,50.0,100.0
4388161847,2016-05-07 20:00:00,497,68.25754527162978,48.0,90.0
4388161847,2016-05-07 21:00:00,416,62.15384615384615,49.0,83.0
4388161847,2016-05-07 22:00:00,378,61.10582010582011,49.0,85.0
4388161847,2016-05-07 23:00:00,365,54.6,49.0,67.0
4388161847,2016-05-08 00:00:00,388,53.33762886597938,49.0,74.0
4388161847,2016-05-08 01:00:00,346,51.65028901734104,43.0,69.0
4388161847,2016-05-08 02:00:00,337,52.41543026706231,44.0,69.0
4388161847,2016-05-08 03:00:00,346,51.0606936416185,46.0,75.0
4388161847,2016-05-08 04:00:00,353,50.68838526912181,44.0,79.0
4388161847,2016-05-08 05:00:00,310,50.28709677419355,44.0,73.0
4388161847,2016-05-08 06:00:00,349,49.865329512893986,44.0,74.0
4388161847,2016-05-08 07:00:00,343,48.265306122448976,43.0,80.0
4388161847,2016-05-08 08:00:00,394,56.43654822335025,44.0,94.0
4388161847,2016-05-08 09:00:00,392,54.566326530612244,46.0,77.0
4388161847,2016-05-08 10:00:00,760,120.90789473684211,59.0,167.0
4388161847,2016-05-08 11:00:00,337,65.89910979228486,56.0,83.0
4388161847,2016-05-08 12:00:00,388,63.75773195876289,53.0,98.0
4388161847,2016-05-08 13:00:00,447,107.54809843400447,57.0,166.0
4388161847,2016-05-08 14:00:00,457,88.56892778993435,67.0,117.0
4388161847,2016-05-08 15:00:00,416,75.32932692307692,64.0,111.0
4388161847,2016-05-08 16:00:00,418,69.29186602870813,61.0,81.0
4388161847,2016-05-08 17:00:00,459,72.81699346405229,53.0,101.0
4388161847,2016-05-08 18:00:00,458,71.29475982532752,61.0,106.0
4388161847,2016-05-08 19:00:00,900,127.35222222222222,51.0,171.0
4388161847,2016-05-08 20:00:00,495,94.37575757575758,63.0,141.0
4388161847,2016-05-08 21:00:00,148,63.95945945945946,53.0,76.0
4388161847,2016-05-09 05:00:00,422,69.09241706161137,52.0,104.0
4388161847,2016-05-09 06:00:00,445,80.59101123595505,57.0,140.0
4388161847,2016-05-09 07:00:00,372,61.18279569892473,53.0,94.0
4388161847,2016-05-09 08:00:00,384,58.911458333333336,51.0,79.0
4388161847,2016-05-09 09:00:00,356,59.1123595505618,53.0,75.0
4388161847,2016-05-09 10:00:00,373,60.56836461126005,48.0,89.0
4388161847,2016-05-09 11:00:00,351,61.236467236467234,53.0,89.0
4388161847,2016-05-09 12:00:00,373,59.729222520107236,52.0,81.0
4388161847,2016-05-09 13:00:00,356,59.353932584269664,53.0,78.0
4388161847,2016-05-09 14:00:00,358,57.83519553072626,52.0,73.0
4388161847,2016-05-09 15:00:00,384,56.739583333333336,47.0,78.0
4388161847,2016-05-09 16:00:00,447,66.5055928411633,50.0,104.0
4388161847,2016-05-09 17:00:00,417,73.6810551558753,53.0,104.0
4388161847,2016-05-09 18:00:00,448,74.29910714285714,51.0,97.0
4388161847,2016-05-09 19:00:00,510,77.36666666666666,54.0,123.0
4388161847,2016-05-09 20:00:00,345,62.00289855072464,55.0,88.0
4388161847,2016-05-09 21:00:00,367,58.62397820163488,50.0,90.0
4388161847,2016-05-09 22:00:00,386,54.943005181347154,47.0,80.0
4388161847,2016-05-09 23:00:00,331,50.87613293051359,44.0,65.0
4388161847,2016-05-10 00:00:00,311,50.48231511254019,44.0,70.0
4388161847,2016-05-10 01:00:00,340,47.311764705882354,42.0,70.0
4388161847,2016-05-10 02:00:00,342,47.58479532163743,41.0,69.0
4388161847,2016-05-10 03:00:00,333,46.510510510510514,41.0,75.0
4388161847,2016-05-10 04:00:00,336,44.92261904761905,41.0,61.0
4388161847,2016-05-10 05:00:00,503,80.03180914512923,43.0,116.0
4388161847,2016-05-10 06:00:00,480,80.03541666666666,59.0,121.0
4388161847,2016-05-10 07:00:00,385,63.8987012987013,55.0,84.0
4388161847,2016-05-10 08:00:00,408,62.09313725490196,51.0,85.0
4388161847,2016-05-10 09:00:00,405,64.19506172839506,52.0,73.0
4388161847,2016-05-10 10:00:00,415,65.90602409638554,53.0,76.0
4388161847,2016-05-10 11:00:00,365,67.43287671232876,54.0,87.0
4388161847,2016-05-10 12:00:00,375,59.21333333333333,53.0,72.0
4388161847,2016-05-10 13:00:00,382,57.80628272251309,48.0,79.0
4388161847,2016-05-10 14:00:00,358,56.53072625698324,48.0,77.0
4388161847,2016-05-10 15:00:00,377,55.39787798408488,46.0,75.0
4388161847,2016-05-10 16:00:00,364,55.15659340659341,48.0,71.0
4388161847,2016-05-10 17:00:00,466,68.41845493562232,48.0,110.0
4388161847,2016-05-10 18:00:00,429,69.74592074592074,55.0,87.0
4388161847,2016-05-10 19:00:00,471,71.49469214437367,55.0,95.0
4388161847,2016-05-10 20:00:00,390,61.635897435897434,52.0,88.0
4388161847,2016-05-10 21:00:00,349,56.71919770773639,50.0,73.0
4388161847,2016-05-10 22:00:00,356,54.943820224719104,47.0,75.0
4388161847,2016-05-10 23:00:00,345,54.68985507246377,47.0,75.0
4388161847,2016-05-11 00:00:00,298,54.17785234899329,48.0,70.0
4388161847,2016-05-11 01:00:00,300,50.1,43.0,68.0
4388161847,2016-05-11 02:00:00,322,47.754658385093165,42.0,73.0
4388161847,2016-05-11 03:00:00,342,46.078947368421055,40.0,72.0
4388161847,2016-05-11 04:00:00,311,46.72025723472669,41.0,72.0
4388161847,2016-05-11 05:00:00,429,66.53379953379954,44.0,125.0
4388161847,2016-05-11 06:00:00,459,81.55555555555556,60.0,114.0
4388161847,2016-05-11 07:00:00,388,62.07216494845361,52.0,96.0
4388161847,2016-05-11 08:00:00,389,57.455012853470436,44.0,84.0
4388161847,2016-05-11 09:00:00,364,55.260989010989015,44.0,75.0
4388161847,2016-05-11 10:00:00,421,56.589073634204276,46.0,93.0
4388161847,2016-05-11 11:00:00,379,60.617414248021106,50.0,79.0
4388161847,2016-05-11 12:00:00,401,62.54862842892768,52.0,93.0
4388161847,2016-05-11 13:00:00,389,59.11825192802056,52.0,77.0
4388161847,2016-05-11 14:00:00,348,54.939655172413794,47.0,69.0
4388161847,2016-05-11 15:00:00,397,55.440806045340054,45.0,76.0
4388161847,2016-05-11 16:00:00,456,65.2719298245614,50.0,106.0
4388161847,2016-05-11 17:00:00,473,69.16913319238901,50.0,112.0
4388161847,2016-05-11 18:00:00,389,59.73778920308483,50.0,83.0
4388161847,2016-05-11 19:00:00,423,66.80378250591016,49.0,95.0
4388161847,2016-05-11 20:00:00,348,63.17528735632184,50.0,101.0
4388161847,2016-05-12 06:00:00,99,78.01010101010101,62.0,99.0
4388161847,2016-05-12 07:00:00,418,68.63875598086125,53.0,136.0
4388161847,2016-05-12 08:00:00,362,57.908839779005525,49.0,84.0
4388161847,2016-05-12 09:00:00,374,55.096256684491976,44.0,70.0
4388161847,2016-05-12 10:00:00,363,54.92837465564738,46.0,76.0
4388161847,2016-05-12 11:00:00,376,60.577127659574465,47.0,97.0
4388161847,2016-05-12 12:00:00,419,63.71599045346062,49.0,92.0
4388161847,2016-05-12 13:00:00,368,58.20108695652174,48.0,83.0
4388161847,2016-05-12 14:00:00,376,57.462765957446805,46.0,82.0
4388161847,2016-05-12 15:00:00,81,56.03703703703704,50.0,62.0
4558609924,2016-04-12 06:00:00,111,79.93693693693693,68.0,92.0
4558609924,2016-04-12 07:00:00,406,76.45812807881774,61.0,93.0
4558609924,2016-04-12 08:00:00,395,72.70379746835442,60.0,87.0
4558609924,2016-04-12 09:00:00,420,81.86666666666666,68.0,98.0
4558609924,2016-04-12 10:00:00,446,74.93946188340807,64.0,86.0
4558609924,2016-04-12 11:00:00,361,72.66759002770083,60.0,87.0
4558609924,2016-04-12 12:00:00,375,68.56,57.0,87.0
4558609924,2016-04-12 13:00:00,391,73.83375959079284,60.0,98.0
4558609924,2016-04-12 14:00:00,311,79.31511254019293,64.0,94.0
4558609924,2016-04-12 15:00:00,60,74.31666666666666,66.0,88.0
4558609924,2016-04-12 16:00:00,453,80.82560706401766,66.0,99.0
4558609924,2016-04-12 17:00:00,465,83.49677419354839,66.0,104.0
4558609924,2016-04-12 18:00:00,422,82.39810426540285,70.0,97.0
4558609924,2016-04-12 19:00:00,399,77.06265664160401,65.0,99.0
4558609924,2016-04-12 20:00:00,258,75.33720930232558,65.0,94.0
4558609924,2016-04-12 21:00:00,332,74.19578313253012,62.0,88.0
4558609924,2016-04-12 22:00:00,368,71.62771739130434,61.0,85.0
4558609924,2016-04-13 07:00:00,6,70.33333333333333,70.0,71.0
4558609924,2016-04-13 08:00:00,4,71.0,71.0,71.0
4558609924,2016-04-13 11:00:00,119,87.98319327731092,70.0,106.0
4558609924,2016-04-13 12:00:00,458,85.61135371179039,73.0,108.0
4558609924,2016-04-13 13:00:00,242,86.40495867768595,69.0,99.0
4558609924,2016-04-13 14:00:00,414,80.6086956521739,66.0,101.0
4558609924,2016-04-13 15:00:00,393,75.32315521628499,64.0,88.0
4558609924,2016-04-13 16:00:00,469,94.20042643923242,64.0,144.0
4558609924,2016-04-13 17:00:00,414,88.8792270531401,73.0,109.0
4558609924,2016-04-13 18:00:00,124,78.05645161290323,70.0,101.0
4558609924,2016-04-14 09:00:00,255,90.72156862745098,75.0,105.0
4558609924,2016-04-14 10:00:00,413,83.62469733656174,63.0,103.0
4558609924,2016-04-14 11:00:00,342,73.28947368421052,63.0,88.0
4558609924,2016-04-14 12:00:00,364,79.06593406593407,67.0,98.0
4558609924,2016-04-14 13:00:00,420,79.93333333333334,70.0,96.0
4558609924,2016-04-14 14:00:00,447,84.49888143176734,70.0,100.0
4558609924,2016-04-14 15:00:00,371,83.08625336927224,70.0,100.0
4558609924,2016-04-14 16:00:00,443,87.91873589164786,70.0,108.0
4558609924,2016-04-14 17:00:00,443,86.83521444695259,72.0,107.0
4558609924,2016-04-14 18:00:00,377,82.0026525198939,67.0,103.0
4558609924,2016-04-14 19:00:00,403,83.1166253101737,68.0,103.0
4558609924,2016-04-14 20:00:00,455,84.58901098901099,66.0,102.0
4558609924,2016-04-14 21:00:00,368,70.45652173913044,57.0,99.0
4558609924,2016-04-14 22:00:00,230,64.5695652173913,56.0,95.0
4558609924,2016-04-15 01:00:00,4,60.0,60.0,60.0
4558609924,2016-04-15 08:00:00,170,80.21764705882353,72.0,89.0
4558609924,2016-04-15 09:00:00,416,82.51442307692308,72.0,97.0
4558609924,2016-04-15 10:00:00,433,84.48036951501155,63.0,98.0
4558609924,2016-04-15 11:00:00,430,85.37906976744186,73.0,115.0
4558609924,2016-04-15 12:00:00,440,84.56818181818181,72.0,105.0
4558609924,2016-04-15 13:00:00,1384,109.26734104046243,67.0,140.0
4558609924,2016-04-15 14:00:00,1300,106.94846153846154,72.0,146.0
4558609924,2016-04-15 15:00:00,426,88.4131455399061,68.0,107.0
4558609924,2016-04-15 16:00:00,299,88.52173913043478,76.0,113.0
4558609924,2016-04-15 17:00:00,461,90.8351409978308,72.0,125.0
4558609924,2016-04-15 18:00:00,379,82.83641160949868,71.0,99.0
4558609924,2016-04-15 19:00:00,442,86.97737556561086,68.0,136.0
4558609924,2016-04-15 20:00:00,404,78.14851485148515,63.0,89.0
4558609924,2016-04-15 21:00:00,356,72.5505617977528,63.0,87.0
4558609924,2016-04-15 22:00:00,396,70.9090909090909,59.0,94.0
4558609924,2016-04-15 23:00:00,362,71.50552486187846,58.0,88.0
4558609924,2016-04-16 00:00:00,382,69.88743455497382,55.0,98.0
4558609924,2016-04-16 01:00:00,354,64.95197740112994,55.0,78.0
4558609924,2016-04-16 02:00:00,107,64.17757009345794,58.0,76.0
4558609924,2016-04-16 09:00:00,188,79.27659574468085,60.0,89.0
4558609924,2016-04-16 10:00:00,430,79.75116279069768,66.0,93.0
4558609924,2016-04-16 11:00:00,394,74.06598984771574,63.0,86.0
4558609924,2016-04-16 12:00:00,426,76.41079812206573,58.0,125.0
4558609924,2016-04-16 13:00:00,412,78.78155339805825,62.0,94.0
4558609924,2016-04-16 14:00:00,464,83.00862068965517,65.0,103.0
4558609924,2016-04-16 15:00:00,459,78.84967320261438,63.0,97.0
4558609924,2016-04-16 16:00:00,417,78.58992805755396,64.0,95.0
4558609924,2016-04-16 17:00:00,432,76.73148148148148,62.0,95.0
4558609924,2016-04-16 18:00:00,418,75.08133971291866,66.0,87.0
4558609924,2016-04-16 19:00:00,475,90.3157894736842,67.0,135.0
4558609924,2016-04-16 20:00:00,387,74.00258397932816,57.0,98.0
4558609924,2016-04-16 21:00:00,370,67.44864864864864,56.0,89.0
4558609924,2016-04-16 22:00:00,389,71.38303341902314,58.0,93.0
4558609924,2016-04-16 23:00:00,377,76.3262599469496,65.0,104.0
4558609924,2016-04-17 00:00:00,13,83.6923076923077,70.0,93.0
4558609924,2016-04-17 09:00:00,409,83.85330073349633,72.0,102.0
4558609924,2016-04-17 10:00:00,452,79.96017699115045,62.0,97.0
4558609924,2016-04-17 11:00:00,485,85.69690721649485,68.0,129.0
4558609924,2016-04-17 12:00:00,529,93.40264650283554,67.0,136.0
4558609924,2016-04-17 13:00:00,401,79.98503740648378,68.0,105.0
4558609924,2016-04-17 14:00:00,376,87.00531914893617,68.0,112.0
4558609924,2016-04-17 15:00:00,404,89.25247524752476,73.0,100.0
4558609924,2016-04-17 16:00:00,423,84.72104018912529,70.0,115.0
4558609924,2016-04-17 17:00:00,430,90.19767441860465,72.0,109.0
4558609924,2016-04-17 18:00:00,397,76.11838790931989,63.0,85.0
4558609924,2016-04-17 19:00:00,436,82.8348623853211,68.0,96.0
4558609924,2016-04-17 20:00:00,394,80.26395939086295,69.0,114.0
4558609924,2016-04-17 21:00:00,423,81.39479905437352,68.0,103.0
4558609924,2016-04-17 22:00:00,397,74.39294710327457,61.0,98.0
4558609924,2016-04-17 23:00:00,172,64.36046511627907,57.0,83.0
4558609924,2016-04-18 07:00:00,269,80.21933085501858,61.0,141.0
4558609924,2016-04-18 08:00:00,428,85.2196261682243,68.0,115.0
4558609924,2016-04-18 09:00:00,414,81.28985507246377,69.0,98.0
4558609924,2016-04-18 10:00:00,394,77.91624365482234,65.0,95.0
4558609924,2016-04-18 11:00:00,447,79.55257270693512,71.0,95.0
4558609924,2016-04-18 12:00:00,401,76.66832917705736,64.0,91.0
4558609924,2016-04-18 13:00:00,432,80.33101851851852,63.0,96.0
4558609924,2016-04-18 14:00:00,387,73.11369509043928,59.0,94.0
4558609924,2016-04-18 15:00:00,330,71.66363636363636,55.0,99.0
4558609924,2016-04-18 16:00:00,495,91.65454545454546,62.0,114.0
4558609924,2016-04-18 17:00:00,439,88.6492027334852,72.0,112.0
4558609924,2016-04-18 18:00:00,418,88.02631578947368,76.0,104.0
4558609924,2016-04-18 19:00:00,367,87.05449591280654,73.0,108.0
4558609924,2016-04-18 20:00:00,344,81.94476744186046,64.0,104.0
4558609924,2016-04-18 21:00:00,369,69.28184281842819,56.0,90.0
4558609924,2016-04-18 22:00:00,285,63.94385964912281,56.0,75.0
4558609924,2016-04-19 10:00:00,4,99.0,99.0,99.0
4558609924,2016-04-19 12:00:00,4,94.25,93.0,96.0
4558609924,2016-04-19 13:00:00,416,83.51923076923077,70.0,100.0
4558609924,2016-04-19 14:00:00,418,86.41866028708134,75.0,103.0
4558609924,2016-04-19 15:00:00,408,79.69607843137256,63.0,96.0
4558609924,2016-04-19 16:00:00,265,85.57735849056604,66.0,132.0
4558609924,2016-04-19 17:00:00,454,88.18722466960352,70.0,125.0
4558609924,2016-04-19 18:00:00,435,85.6896551724138,74.0,99.0
4558609924,2016-04-19 19:00:00,479,84.0187891440501,67.0,102.0
4558609924,2016-04-19 20:00:00,400,83.46,69.0,129.0
4558609924,2016-04-19 21:00:00,376,75.58510638297872,62.0,101.0
4558609924,2016-04-19 22:00:00,420,84.25,68.0,110.0
4558609924,2016-04-19 23:00:00,359,75.7966573816156,61.0,89.0
4558609924,2016-04-20 00:00:00,163,73.38036809815951,62.0,83.0
4558609924,2016-04-20 10:00:00,181,82.25966850828729,68.0,93.0
4558609924,2016-04-20 11:00:00,440,77.35,61.0,92.0
4558609924,2016-04-20 12:00:00,405,80.0320987654321,67.0,100.0
4558609924,2016-04-20 13:00:00,412,77.25485436893204,60.0,105.0
4558609924,2016-04-20 14:00:00,389,74.99228791773778,58.0,100.0
4558609924,2016-04-20 15:00:00,385,76.0987012987013,63.0,110.0
4558609924,2016-04-20 16:00:00,76,86.92105263157895,73.0,108.0
4558609924,2016-04-20 17:00:00,367,82.76021798365123,70.0,101.0
4558609924,2016-04-20 18:00:00,468,84.98076923076923,69.0,108.0
4558609924,2016-04-20 19:00:00,273,80.83516483516483,68.0,97.0
4558609924,2016-04-20 20:00:00,434,78.47235023041475,64.0,95.0
4558609924,2016-04-20 21:00:00,386,67.80829015544042,57.0,84.0
4558609924,2016-04-20 22:00:00,376,69.73936170212765,60.0,89.0
4558609924,2016-04-20 23:00:00,380,68.77368421052631,59.0,90.0
4558609924,2016-04-21 00:00:00,366,68.13661202185793,57.0,117.0
4558609924,2016-04-21 01:00:00,345,66.33333333333333,56.0,80.0
4558609924,2016-04-21 02:00:00,132,66.82575757575758,56.0,75.0
4558609924,2016-04-21 07:00:00,185,81.34594594594594,70.0,108.0
4558609924,2016-04-21 08:00:00,478,90.01046025104603,75.0,110.0
4558609924,2016-04-21 09:00:00,510,96.83333333333333,76.0,117.0
4558609924,2016-04-21 10:00:00,503,102.57852882703777,64.0,121.0
4558609924,2016-04-21 11:00:00,473,98.59619450317125,78.0,120.0
4558609924,2016-04-21 12:00:00,437,97.95881006864988,80.0,119.0
4558609924,2016-04-21 13:00:00,406,92.14285714285714,70.0,114.0
4558609924,2016-04-21 14:00:00,406,90.13793103448276,74.0,115.0
4558609924,2016-04-21 15:00:00,421,87.92161520190024,78.0,109.0
4558609924,2016-04-21 16:00:00,391,88.34782608695652,71.0,107.0
4558609924,2016-04-21 17:00:00,465,86.16129032258064,67.0,104.0
4558609924,2016-04-21 18:00:00,488,90.44057377049181,68.0,114.0
4558609924,2016-04-21 19:00:00,423,81.92434988179669,61.0,106.0
4558609924,2016-04-21 20:00:00,286,81.93706293706293,65.0,103.0
4558609924,2016-04-21 21:00:00,410,73.64634146341463,61.0,91.0
4558609924,2016-04-21 22:00:00,391,70.86700767263427,56.0,91.0
4558609924,2016-04-21 23:00:00,351,65.54131054131054,54.0,91.0
4558609924,2016-04-22 00:00:00,313,63.760383386581466,57.0,84.0
4558609924,2016-04-22 01:00:00,68,76.98529411764706,65.0,140.0
4558609924,2016-04-22 09:00:00,260,81.23846153846154,70.0,97.0
4558609924,2016-04-22 10:00:00,419,83.73985680190931,68.0,100.0
4558609924,2016-04-22 11:00:00,425,79.90117647058824,63.0,103.0
4558609924,2016-04-22 12:00:00,387,75.10852713178295,61.0,95.0
4558609924,2016-04-22 13:00:00,272,75.16911764705883,60.0,100.0
4558609924,2016-04-22 14:00:00,437,83.27688787185355,65.0,101.0
4558609924,2016-04-22 15:00:00,468,95.42521367521367,78.0,114.0
4558609924,2016-04-22 16:00:00,408,83.8970588235294,63.0,101.0
4558609924,2016-04-22 17:00:00,435,82.76551724137931,62.0,101.0
4558609924,2016-04-22 18:00:00,551,102.23230490018149,86.0,116.0
4558609924,2016-04-22 19:00:00,250,84.3,70.0,99.0
4558609924,2016-04-22 20:00:00,400,86.305,59.0,103.0
4558609924,2016-04-22 21:00:00,420,75.64761904761905,63.0,94.0
4558609924,2016-04-22 22:00:00,415,78.73493975903614,64.0,99.0
4558609924,2016-04-22 23:00:00,349,73.64469914040114,63.0,95.0
4558609924,2016-04-23 00:00:00,373,83.65951742627345,72.0,126.0
4558609924,2016-04-23 01:00:00,133,74.77443609022556,63.0,91.0
4558609924,2016-04-23 03:00:00,2,75.0,75.0,75.0
4558609924,2016-04-23 07:00:00,2,70.0,70.0,70.0
4558609924,2016-04-23 09:00:00,317,88.21135646687698,67.0,111.0
4558609924,2016-04-23 10:00:00,425,88.39058823529412,73.0,110.0
4558609924,2016-04-23 11:00:00,250,86.404,70.0,115.0
4558609924,2016-04-23 12:00:00,435,83.9287356321839,63.0,112.0
4558609924,2016-04-23 13:00:00,421,80.10688836104514,68.0,95.0
4558609924,2016-04-23 14:00:00,504,89.69444444444444,63.0,133.0
4558609924,2016-04-23 15:00:00,437,91.83981693363845,73.0,118.0
4558609924,2016-04-23 16:00:00,468,96.51923076923077,76.0,120.0
4558609924,2016-04-23 17:00:00,394,95.11167512690355,77.0,112.0
4558609924,2016-04-23 18:00:00,451,87.84035476718404,73.0,100.0
4558609924,2016-04-23 19:00:00,393,86.36641221374046,69.0,99.0
4558609924,2016-04-23 20:00:00,412,80.8252427184466,66.0,102.0
4558609924,2016-04-23 21:00:00,383,82.45953002610966,62.0,113.0
4558609924,2016-04-23 22:00:00,365,70.85753424657534,62.0,93.0
4558609924,2016-04-23 23:00:00,177,75.5819209039548,60.0,93.0
4558609924,2016-04-24 08:00:00,376,85.67021276595744,61.0,120.0
4558609924,2016-04-24 09:00:00,439,81.22779043280183,65.0,95.0
4558609924,2016-04-24 10:00:00,435,85.67816091954023,63.0,103.0
4558609924,2016-04-24 11:00:00,258,87.74031007751938,70.0,105.0
4558609924,2016-04-24 12:00:00,463,83.45788336933046,69.0,103.0
4558609924,2016-04-24 13:00:00,424,80.52594339622641,65.0,103.0
4558609924,2016-04-24 14:00:00,440,93.97727272727273,76.0,121.0
4558609924,2016-04-24 15:00:00,496,95.46774193548387,79.0,119.0
4558609924,2016-04-24 16:00:00,447,89.06263982102908,79.0,113.0
4558609924,2016-04-24 17:00:00,435,82.57241379310345,64.0,97.0
4558609924,2016-04-24 18:00:00,401,78.73316708229426,65.0,97.0
4558609924,2016-04-24 19:00:00,384,78.08854166666667,63.0,108.0
4558609924,2016-04-24 20:00:00,394,79.75380710659898,65.0,92.0
4558609924,2016-04-24 21:00:00,357,81.50420168067227,62.0,108.0
4558609924,2016-04-24 22:00:00,396,82.00757575757575,67.0,97.0
4558609924,2016-04-24 23:00:00,388,74.80412371134021,58.0,95.0
4558609924,2016-04-25 00:00:00,363,65.54820936639119,56.0,84.0
4558609924,2016-04-25 01:00:00,266,62.58646616541353,55.0,86.0
4558609924,2016-04-25 09:00:00,245,87.04489795918367,75.0,121.0
4558609924,2016-04-25 10:00:00,445,88.01797752808989,74.0,101.0
4558609924,2016-04-25 11:00:00,414,80.76328502415458,59.0,103.0
4558609924,2016-04-25 12:00:00,412,73.9126213592233,58.0,98.0
4558609924,2016-04-25 13:00:00,448,77.40178571428571,61.0,114.0
4558609924,2016-04-25 14:00:00,414,75.25603864734299,63.0,88.0
4558609924,2016-04-25 15:00:00,407,79.91154791154791,64.0,104.0
4558609924,2016-04-25 16:00:00,492,108.20934959349593,66.0,163.0
4558609924,2016-04-25 17:00:00,426,96.62676056338029,80.0,119.0
4558609924,2016-04-25 18:00:00,432,89.71296296296296,74.0,110.0
4558609924,2016-04-25 19:00:00,417,91.6978417266187,77.0,106.0
4558609924,2016-04-25 20:00:00,412,85.14320388349515,72.0,108.0
4558609924,2016-04-25 21:00:00,425,83.19529411764705,70.0,101.0
4558609924,2016-04-25 22:00:00,396,74.27777777777777,63.0,95.0
4558609924,2016-04-25 23:00:00,336,66.69345238095238,59.0,82.0
4558609924,2016-04-26 00:00:00,99,66.6969696969697,59.0,84.0
4558609924,2016-04-26 02:00:00,2,64.0,64.0,64.0
4558609924,2016-04-26 08:00:00,272,82.77573529411765,72.0,99.0
4558609924,2016-04-26 09:00:00,426,85.67136150234742,74.0,102.0
4558609924,2016-04-26 10:00:00,422,88.78436018957346,70.0,104.0
4558609924,2016-04-26 11:00:00,443,85.68171557562077,71.0,102.0
4558609924,2016-04-26 12:00:00,416,81.87259615384616,62.0,97.0
4558609924,2016-04-26 13:00:00,369,79.81842818428184,69.0,92.0
4558609924,2016-04-26 14:00:00,365,78.57260273972602,67.0,96.0
4558609924,2016-04-26 15:00:00,1165,110.87553648068669,70.0,148.0
4558609924,2016-04-26 16:00:00,563,103.1474245115453,70.0,129.0
4558609924,2016-04-26 17:00:00,481,101.36590436590437,85.0,121.0
4558609924,2016-04-26 18:00:00,434,93.92857142857143,77.0,117.0
4558609924,2016-04-26 19:00:00,361,90.81994459833795,82.0,104.0
4558609924,2016-04-26 20:00:00,422,99.07345971563981,81.0,123.0
4558609924,2016-04-26 21:00:00,407,87.51351351351352,70.0,110.0
4558609924,2016-04-26 22:00:00,378,73.2010582010582,64.0,93.0
4558609924,2016-04-26 23:00:00,384,74.73958333333333,61.0,110.0
4558609924,2016-04-27 00:00:00,82,79.95121951219512,67.0,90.0
4558609924,2016-04-27 09:00:00,247,87.36437246963563,66.0,122.0
4558609924,2016-04-27 10:00:00,430,85.55581395348837,76.0,103.0
4558609924,2016-04-27 11:00:00,394,79.60406091370558,65.0,101.0
4558609924,2016-04-27 12:00:00,419,80.37470167064438,65.0,101.0
4558609924,2016-04-27 13:00:00,389,76.83804627249357,62.0,91.0
4558609924,2016-04-27 14:00:00,375,71.08,61.0,86.0
4558609924,2016-04-27 15:00:00,426,81.78638497652582,63.0,101.0
4558609924,2016-04-27 16:00:00,388,89.01030927835052,81.0,103.0
4558609924,2016-04-27 17:00:00,313,84.6261980830671,70.0,97.0
4558609924,2016-04-27 18:00:00,1285,97.46225680933853,67.0,118.0
4558609924,2016-04-27 19:00:00,501,89.44111776447106,68.0,106.0
4558609924,2016-04-27 20:00:00,447,81.87919463087249,62.0,104.0
4558609924,2016-04-27 21:00:00,422,76.3436018957346,60.0,94.0
4558609924,2016-04-27 22:00:00,372,74.17204301075269,60.0,101.0
4558609924,2016-04-27 23:00:00,4,70.0,70.0,70.0
4558609924,2016-04-28 06:00:00,183,92.93989071038251,70.0,102.0
4558609924,2016-04-28 07:00:00,428,84.51168224299066,68.0,101.0
4558609924,2016-04-28 08:00:00,466,89.45708154506438,70.0,111.0
4558609924,2016-04-28 09:00:00,435,89.02758620689656,69.0,112.0
4558609924,2016-04-28 10:00:00,429,83.46853146853147,65.0,112.0
4558609924,2016-04-28 11:00:00,387,76.25581395348837,60.0,106.0
4558609924,2016-04-28 12:00:00,412,73.5631067961165,60.0,99.0
4558609924,2016-04-28 13:00:00,427,83.91334894613583,66.0,106.0
4558609924,2016-04-28 14:00:00,424,87.64150943396227,73.0,105.0
4558609924,2016-04-28 15:00:00,459,92.18954248366013,73.0,111.0
4558609924,2016-04-28 16:00:00,803,94.71855541718556,72.0,121.0
4558609924,2016-04-28 17:00:00,635,104.21102362204725,75.0,133.0
4558609924,2016-04-28 18:00:00,357,83.56582633053222,63.0,101.0
4558609924,2016-04-28 19:00:00,363,82.18732782369146,70.0,111.0
4558609924,2016-04-28 20:00:00,388,80.72164948453609,67.0,106.0
4558609924,2016-04-28 21:00:00,376,78.09574468085107,59.0,119.0
4558609924,2016-04-28 22:00:00,359,71.05571030640668,59.0,93.0
4558609924,2016-04-28 23:00:00,347,71.87608069164266,59.0,86.0
4558609924,2016-04-29 00:00:00,357,67.40056022408963,59.0,80.0
4558609924,2016-04-29 01:00:00,264,63.22348484848485,55.0,87.0
4558609924,2016-04-29 09:00:00,136,74.69117647058823,65.0,99.0
4558609924,2016-04-29 10:00:00,353,82.22946175637394,60.0,107.0
4558609924,2016-04-29 11:00:00,374,79.88502673796792,67.0,91.0
4558609924,2016-04-29 12:00:00,385,80.66493506493507,65.0,112.0
4558609924,2016-04-29 13:00:00,375,83.136,66.0,117.0
4558609924,2016-04-29 14:00:00,334,72.12574850299401,61.0,89.0
4558609924,2016-04-29 15:00:00,771,104.40466926070039,78.0,139.0
4558609924,2016-04-29 16:00:00,1052,95.65684410646388,67.0,137.0
4558609924,2016-04-29 17:00:00,360,72.5,58.0,89.0
4558609924,2016-04-29 18:00:00,320,74.296875,62.0,109.0
4558609924,2016-04-29 19:00:00,389,75.73778920308483,60.0,108.0
4558609924,2016-04-29 20:00:00,366,72.90710382513662,58.0,125.0
4558609924,2016-04-29 21:00:00,393,76.6030534351145,56.0,94.0
4558609924,2016-04-29 22:00:00,364,62.1510989010989,54.0,81.0
4558609924,2016-04-29 23:00:00,350,66.51714285714286,53.0,119.0
4558609924,2016-04-30 00:00:00,369,63.84823848238482,54.0,75.0
4558609924,2016-04-30 01:00:00,156,69.98076923076923,59.0,91.0
4558609924,2016-04-30 06:00:00,261,79.01532567049809,57.0,106.0
4558609924,2016-04-30 07:00:00,391,75.78260869565217,61.0,97.0
4558609924,2016-04-30 08:00:00,413,73.10653753026634,63.0,92.0
4558609924,2016-04-30 09:00:00,415,78.52048192771085,64.0,93.0
4558609924,2016-04-30 10:00:00,425,76.6,55.0,96.0
4558609924,2016-04-30 11:00:00,363,76.28099173553719,63.0,91.0
4558609924,2016-04-30 12:00:00,403,82.64764267990074,68.0,99.0
4558609924,2016-04-30 13:00:00,403,78.4937965260546,60.0,107.0
4558609924,2016-04-30 14:00:00,477,91.67505241090147,78.0,121.0
4558609924,2016-04-30 15:00:00,407,83.4987714987715,66.0,108.0
4558609924,2016-04-30 16:00:00,388,73.55670103092784,56.0,93.0
4558609924,2016-04-30 17:00:00,428,82.57242990654206,68.0,110.0
4558609924,2016-04-30 18:00:00,1014,99.03648915187377,74.0,134.0
4558609924,2016-04-30 19:00:00,1160,77.52155172413794,58.0,108.0
4558609924,2016-04-30 20:00:00,374,72.31016042780749,61.0,89.0
4558609924,2016-04-30 21:00:00,370,74.98918918918919,57.0,124.0
4558609924,2016-04-30 22:00:00,383,64.55613577023499,53.0,111.0
4558609924,2016-04-30 23:00:00,217,64.70046082949308,58.0,95.0
4558609924,2016-05-01 09:00:00,276,83.98188405797102,71.0,97.0
4558609924,2016-05-01 10:00:00,426,75.0,58.0,99.0
4558609924,2016-05-01 11:00:00,380,66.43157894736842,56.0,87.0
4558609924,2016-05-01 12:00:00,411,70.75182481751825,55.0,91.0
4558609924,2016-05-01 13:00:00,309,79.78964401294499,63.0,98.0
4558609924,2016-05-01 14:00:00,432,75.33101851851852,63.0,97.0
4558609924,2016-05-01 15:00:00,423,71.15366430260048,57.0,100.0
4558609924,2016-05-01 16:00:00,383,64.13577023498695,56.0,81.0
4558609924,2016-05-01 17:00:00,405,71.30864197530865,55.0,104.0
4558609924,2016-05-01 18:00:00,382,67.29057591623037,53.0,127.0
4558609924,2016-05-01 19:00:00,427,72.23185011709602,54.0,88.0
4558609924,2016-05-01 20:00:00,366,66.07103825136612,54.0,86.0
4558609924,2016-05-01 21:00:00,352,63.58522727272727,55.0,115.0
4558609924,2016-05-01 22:00:00,255,66.62745098039215,58.0,89.0
4558609924,2016-05-01 23:00:00,4,70.0,70.0,70.0
4558609924,2016-05-02 00:00:00,2,70.0,70.0,70.0
4558609924,2016-05-02 01:00:00,4,69.0,69.0,69.0
4558609924,2016-05-02 02:00:00,4,69.5,69.0,70.0
4558609924,2016-05-02 08:00:00,434,88.11981566820276,73.0,104.0
4558609924,2016-05-02 09:00:00,443,77.1196388261851,61.0,108.0
4558609924,2016-05-02 10:00:00,482,83.25726141078839,62.0,99.0
4558609924,2016-05-02 11:00:00,497,83.1569416498994,67.0,108.0
4558609924,2016-05-02 12:00:00,428,78.67990654205607,65.0,96.0
4558609924,2016-05-02 13:00:00,392,72.88520408163265,62.0,90.0
4558609924,2016-05-02 14:00:00,430,80.55116279069767,63.0,96.0
4558609924,2016-05-02 15:00:00,402,78.53482587064677,64.0,94.0
4558609924,2016-05-02 16:00:00,376,80.05319148936171,62.0,101.0
4558609924,2016-05-02 17:00:00,291,85.06529209621993,72.0,99.0
4558609924,2016-05-02 18:00:00,373,81.36997319034853,66.0,98.0
4558609924,2016-05-02 19:00:00,436,78.35550458715596,67.0,97.0
4558609924,2016-05-02 20:00:00,452,80.59292035398231,69.0,97.0
4558609924,2016-05-02 21:00:00,418,80.16267942583733,61.0,101.0
4558609924,2016-05-02 22:00:00,366,64.98907103825137,55.0,85.0
4558609924,2016-05-02 23:00:00,359,61.977715877437326,55.0,80.0
4558609924,2016-05-03 00:00:00,352,57.94886363636363,52.0,81.0
4558609924,2016-05-03 01:00:00,337,60.82789317507418,53.0,122.0
4558609924,2016-05-03 02:00:00,8,70.0,70.0,70.0
4558609924,2016-05-03 09:00:00,240,81.02916666666667,68.0,111.0
4558609924,2016-05-03 10:00:00,427,75.78454332552693,55.0,96.0
4558609924,2016-05-03 11:00:00,425,79.82352941176471,67.0,108.0
4558609924,2016-05-03 12:00:00,464,82.65301724137932,72.0,95.0
4558609924,2016-05-03 13:00:00,394,75.06852791878173,67.0,89.0
4558609924,2016-05-03 14:00:00,371,76.68194070080862,64.0,88.0
4558609924,2016-05-03 15:00:00,314,72.6624203821656,57.0,90.0
4558609924,2016-05-03 16:00:00,434,80.66359447004608,57.0,114.0
4558609924,2016-05-03 17:00:00,514,79.87743190661479,62.0,108.0
4558609924,2016-05-03 18:00:00,1579,114.02279924002534,73.0,148.0
4558609924,2016-05-03 19:00:00,357,73.36134453781513,60.0,93.0
4558609924,2016-05-03 20:00:00,364,63.51923076923077,54.0,85.0
4558609924,2016-05-03 21:00:00,353,77.9971671388102,56.0,97.0
4558609924,2016-05-03 22:00:00,208,72.94711538461539,55.0,91.0
4558609924,2016-05-03 23:00:00,214,58.08878504672897,52.0,85.0
4558609924,2016-05-04 05:00:00,18,68.44444444444444,63.0,70.0
4558609924,2016-05-04 10:00:00,335,80.44477611940299,67.0,95.0
4558609924,2016-05-04 11:00:00,390,80.4076923076923,71.0,93.0
4558609924,2016-05-04 12:00:00,417,77.81294964028777,56.0,107.0
4558609924,2016-05-04 13:00:00,378,69.13492063492063,54.0,89.0
4558609924,2016-05-04 14:00:00,393,69.25699745547074,58.0,93.0
4558609924,2016-05-04 15:00:00,469,74.57142857142857,60.0,105.0
4558609924,2016-05-04 16:00:00,402,77.95273631840796,60.0,110.0
4558609924,2016-05-04 17:00:00,493,86.77281947261663,67.0,109.0
4558609924,2016-05-04 18:00:00,420,83.0952380952381,70.0,103.0
4558609924,2016-05-04 19:00:00,319,80.92789968652038,67.0,127.0
4558609924,2016-05-04 20:00:00,400,75.0375,63.0,93.0
4558609924,2016-05-04 21:00:00,416,76.27403846153847,60.0,99.0
4558609924,2016-05-04 22:00:00,391,70.48593350383632,58.0,87.0
4558609924,2016-05-04 23:00:00,363,71.9366391184573,57.0,95.0
4558609924,2016-05-05 07:00:00,125,95.296,74.0,111.0
4558609924,2016-05-05 08:00:00,449,87.5456570155902,63.0,113.0
4558609924,2016-05-05 09:00:00,520,94.87884615384615,73.0,112.0
4558609924,2016-05-05 10:00:00,405,78.9037037037037,60.0,102.0
4558609924,2016-05-05 11:00:00,501,89.91816367265469,65.0,112.0
4558609924,2016-05-05 12:00:00,457,94.68927789934355,72.0,122.0
4558609924,2016-05-05 13:00:00,392,81.34693877551021,66.0,106.0
4558609924,2016-05-05 14:00:00,351,82.88319088319088,68.0,99.0
4558609924,2016-05-05 15:00:00,387,83.35400516795866,71.0,106.0
4558609924,2016-05-05 16:00:00,372,87.22311827956989,69.0,112.0
4558609924,2016-05-05 17:00:00,443,85.75169300225734,70.0,99.0
4558609924,2016-05-05 18:00:00,414,78.65458937198068,69.0,107.0
4558609924,2016-05-05 19:00:00,422,77.91232227488152,66.0,95.0
4558609924,2016-05-05 20:00:00,350,79.44857142857143,65.0,130.0
4558609924,2016-05-05 21:00:00,385,70.91168831168831,54.0,91.0
4558609924,2016-05-05 22:00:00,386,64.26683937823834,54.0,88.0
4558609924,2016-05-05 23:00:00,343,56.244897959183675,48.0,80.0
4558609924,2016-05-06 00:00:00,43,56.95348837209303,51.0,86.0
4558609924,2016-05-06 09:00:00,206,83.01941747572816,68.0,102.0
4558609924,2016-05-06 10:00:00,443,78.48758465011286,63.0,99.0
4558609924,2016-05-06 11:00:00,417,74.03117505995203,61.0,96.0
4558609924,2016-05-06 12:00:00,468,76.26709401709402,59.0,91.0
4558609924,2016-05-06 13:00:00,344,75.14825581395348,58.0,103.0
4558609924,2016-05-06 14:00:00,410,76.82926829268293,67.0,93.0
4558609924,2016-05-06 15:00:00,396,78.61363636363636,64.0,99.0
4558609924,2016-05-06 16:00:00,417,75.92326139088729,58.0,96.0
4558609924,2016-05-06 17:00:00,375,69.18666666666667,55.0,87.0
4558609924,2016-05-06 18:00:00,381,61.54068241469816,54.0,79.0
4558609924,2016-05-06 19:00:00,312,62.06410256410256,54.0,93.0
4558609924,2016-05-06 20:00:00,383,61.161879895561356,51.0,96.0
4558609924,2016-05-06 21:00:00,397,75.06549118387909,56.0,110.0
4558609924,2016-05-06 22:00:00,365,63.26027397260274,54.0,85.0
4558609924,2016-05-06 23:00:00,72,62.666666666666664,56.0,73.0
4558609924,2016-05-07 02:00:00,2,70.0,70.0,70.0
4558609924,2016-05-07 08:00:00,12,105.75,99.0,107.0
4558609924,2016-05-07 09:00:00,257,75.70038910505836,58.0,95.0
4558609924,2016-05-07 10:00:00,168,78.9702380952381,66.0,110.0
4558609924,2016-05-07 11:00:00,409,77.62591687041565,57.0,94.0
4558609924,2016-05-07 12:00:00,380,66.63684210526316,54.0,80.0
4558609924,2016-05-07 13:00:00,168,64.76190476190476,57.0,81.0
4558609924,2016-05-07 14:00:00,291,76.89690721649484,60.0,107.0
4558609924,2016-05-07 15:00:00,475,81.78526315789473,68.0,98.0
4558609924,2016-05-07 16:00:00,492,94.96747967479675,73.0,116.0
4558609924,2016-05-07 17:00:00,381,75.77952755905511,62.0,109.0
4558609924,2016-05-07 18:00:00,406,75.78325123152709,62.0,96.0
4558609924,2016-05-07 19:00:00,419,76.9307875894988,64.0,99.0
4558609924,2016-05-07 20:00:00,401,82.08977556109726,65.0,107.0
4558609924,2016-05-07 21:00:00,393,70.21374045801527,61.0,84.0
4558609924,2016-05-07 22:00:00,425,71.28235294117647,56.0,101.0
4558609924,2016-05-07 23:00:00,352,60.77840909090909,54.0,76.0
4558609924,2016-05-08 00:00:00,188,65.36170212765957,52.0,81.0
4558609924,2016-05-08 01:00:00,91,62.86813186813187,45.0,86.0
4558609924,2016-05-08 02:00:00,2,111.0,111.0,111.0
4558609924,2016-05-08 03:00:00,12,81.25,70.0,99.0
4558609924,2016-05-08 04:00:00,2,96.0,96.0,96.0
4558609924,2016-05-08 10:00:00,62,59.774193548387096,54.0,70.0
4558609924,2016-05-08 11:00:00,22,59.63636363636363,52.0,82.0
4558609924,2016-05-08 12:00:00,2,55.0,55.0,55.0
4558609924,2016-05-08 13:00:00,451,150.20620842572063,83.0,199.0
4558609924,2016-05-08 14:00:00,576,109.04861111111111,69.0,158.0
4558609924,2016-05-08 15:00:00,558,93.44802867383513,67.0,134.0
4558609924,2016-05-08 16:00:00,540,104.86481481481482,70.0,139.0
4558609924,2016-05-08 17:00:00,496,102.34475806451613,85.0,137.0
4558609924,2016-05-08 18:00:00,490,98.0469387755102,74.0,118.0
4558609924,2016-05-08 19:00:00,480,97.47083333333333,79.0,119.0
4558609924,2016-05-08 20:00:00,549,116.61748633879782,82.0,151.0
4558609924,2016-05-08 21:00:00,85,112.6,98.0,128.0
4558609924,2016-05-09 07:00:00,216,78.12037037037037,60.0,102.0
4558609924,2016-05-09 08:00:00,455,84.71648351648352,60.0,100.0
4558609924,2016-05-09 09:00:00,446,86.58968609865471,70.0,108.0
4558609924,2016-05-09 10:00:00,430,83.07674418604651,70.0,100.0
4558609924,2016-05-09 11:00:00,421,87.39429928741093,66.0,109.0
4558609924,2016-05-09 12:00:00,377,81.81432360742706,71.0,107.0
4558609924,2016-05-09 13:00:00,470,91.85106382978724,67.0,110.0
4558609924,2016-05-09 14:00:00,383,86.41253263707571,73.0,106.0
4558609924,2016-05-09 15:00:00,403,81.14888337468983,70.0,105.0
4558609924,2016-05-09 16:00:00,416,79.57692307692308,66.0,100.0
4558609924,2016-05-09 17:00:00,346,75.5693641618497,61.0,96.0
4558609924,2016-05-09 18:00:00,384,69.875,61.0,86.0
4558609924,2016-05-09 19:00:00,389,73.37275064267352,60.0,99.0
4558609924,2016-05-09 20:00:00,374,70.77540106951872,62.0,90.0
4558609924,2016-05-09 21:00:00,410,77.34878048780487,58.0,99.0
4558609924,2016-05-09 22:00:00,377,70.15649867374005,54.0,92.0
4558609924,2016-05-09 23:00:00,346,62.61849710982659,55.0,87.0
4558609924,2016-05-10 00:00:00,364,64.9532967032967,55.0,84.0
4558609924,2016-05-10 01:00:00,216,70.9675925925926,57.0,122.0
4558609924,2016-05-10 08:00:00,4,73.0,73.0,73.0
4558609924,2016-05-10 10:00:00,63,71.01587301587301,65.0,81.0
4558609924,2016-05-10 11:00:00,396,70.31565656565657,55.0,85.0
4558609924,2016-05-10 12:00:00,396,70.17424242424242,56.0,83.0
4558609924,2016-05-10 13:00:00,399,59.255639097744364,52.0,79.0
4558609924,2016-05-10 14:00:00,388,64.80154639175258,50.0,87.0
4558609924,2016-05-10 15:00:00,233,69.21888412017168,59.0,106.0
4558609924,2016-05-10 16:00:00,403,74.18858560794045,54.0,111.0
4558609924,2016-05-10 17:00:00,443,85.74266365688487,68.0,120.0
4558609924,2016-05-10 18:00:00,439,83.53302961275627,64.0,98.0
4558609924,2016-05-10 19:00:00,1146,97.0541012216405,69.0,147.0
4558609924,2016-05-10 20:00:00,363,69.22865013774104,57.0,86.0
4558609924,2016-05-10 21:00:00,385,69.54545454545455,56.0,91.0
4558609924,2016-05-10 22:00:00,365,74.75342465753425,58.0,104.0
4558609924,2016-05-10 23:00:00,319,62.34796238244514,54.0,83.0
4558609924,2016-05-11 00:00:00,294,61.89795918367347,44.0,102.0
4558609924,2016-05-11 01:00:00,276,67.91666666666667,51.0,133.0
4558609924,2016-05-11 08:00:00,19,72.94736842105263,65.0,110.0
4558609924,2016-05-11 09:00:00,427,72.2576112412178,61.0,84.0
4558609924,2016-05-11 10:00:00,405,75.13333333333334,62.0,88.0
4558609924,2016-05-11 11:00:00,402,68.36567164179104,55.0,86.0
4558609924,2016-05-11 12:00:00,407,64.8894348894349,54.0,83.0
4558609924,2016-05-11 13:00:00,386,65.44559585492227,56.0,91.0
4558609924,2016-05-11 14:00:00,475,90.21684210526315,65.0,138.0
4558609924,2016-05-11 15:00:00,385,85.40779220779221,70.0,112.0
4558609924,2016-05-11 16:00:00,433,83.364896073903,73.0,98.0
4558609924,2016-05-11 17:00:00,394,79.98223350253807,65.0,117.0
4558609924,2016-05-11 18:00:00,422,79.1824644549763,61.0,99.0
4558609924,2016-05-11 19:00:00,397,80.28463476070529,60.0,109.0
4558609924,2016-05-11 20:00:00,406,71.26108374384236,58.0,89.0
4558609924,2016-05-11 21:00:00,395,76.66329113924051,61.0,87.0
4558609924,2016-05-11 22:00:00,370,67.93243243243244,55.0,85.0
4558609924,2016-05-11 23:00:00,148,73.22972972972973,68.0,80.0
4558609924,2016-05-12 01:00:00,2,74.0,74.0,74.0
4558609924,2016-05-12 07:00:00,133,67.52631578947368,54.0,99.0
4558609924,2016-05-12 08:00:00,410,74.3048780487805,56.0,86.0
4558609924,2016-05-12 09:00:00,445,87.00898876404494,68.0,117.0
4558609924,2016-05-12 10:00:00,456,78.49122807017544,67.0,99.0
4558609924,2016-05-12 11:00:00,425,78.81411764705882,65.0,100.0
4558609924,2016-05-12 12:00:00,434,80.06221198156682,67.0,101.0
4558609924,2016-05-12 13:00:00,478,83.76359832635983,68.0,113.0
4558609924,2016-05-12 14:00:00,474,83.20253164556962,69.0,107.0
4558609924,2016-05-12 15:00:00,424,75.95990566037736,61.0,93.0
4558609924,2016-05-12 16:00:00,161,75.09316770186335,63.0,85.0
5553957443,2016-04-12 00:00:00,317,57.624605678233436,54.0,70.0
5553957443,2016-04-12 01:00:00,304,58.483552631578945,54.0,67.0
5553957443,2016-04-12 02:00:00,301,59.993355481727576,55.0,70.0
5553957443,2016-04-12 03:00:00,296,58.402027027027025,53.0,66.0
5553957443,2016-04-12 04:00:00,313,57.370607028753994,51.0,70.0
5553957443,2016-04-12 05:00:00,155,56.903225806451616,53.0,78.0
5553957443,2016-04-12 06:00:00,198,68.05555555555556,57.0,94.0
5553957443,2016-04-12 07:00:00,426,74.12676056338029,59.0,104.0
5553957443,2016-04-12 08:00:00,403,69.09677419354838,55.0,100.0
5553957443,2016-04-12 09:00:00,356,64.41011235955057,57.0,83.0
5553957443,2016-04-12 10:00:00,338,60.06508875739645,54.0,78.0
5553957443,2016-04-12 11:00:00,343,59.76093294460642,55.0,78.0
5553957443,2016-04-12 12:00:00,399,63.418546365914786,54.0,80.0
5553957443,2016-04-12 13:00:00,373,65.48257372654156,56.0,91.0
5553957443,2016-04-12 14:00:00,330,61.21818181818182,58.0,67.0
5553957443,2016-04-12 15:00:00,315,60.73015873015873,55.0,73.0
5553957443,2016-04-12 16:00:00,416,73.21634615384616,56.0,101.0
5553957443,2016-04-12 17:00:00,410,71.51463414634146,56.0,106.0
5553957443,2016-04-12 18:00:00,408,65.66911764705883,57.0,75.0
5553957443,2016-04-12 19:00:00,393,65.88040712468194,56.0,86.0
5553957443,2016-04-12 20:00:00,394,65.08883248730965,55.0,76.0
5553957443,2016-04-12 21:00:00,383,64.45430809399478,55.0,82.0
5553957443,2016-04-12 22:00:00,362,64.9060773480663,55.0,96.0
5553957443,2016-04-12 23:00:00,437,65.4187643020595,50.0,96.0
5553957443,2016-04-13 00:00:00,313,52.51757188498402,47.0,81.0
5553957443,2016-04-13 01:00:00,303,53.26072607260726,48.0,62.0
5553957443,2016-04-13 02:00:00,309,56.00970873786408,52.0,70.0
5553957443,2016-04-13 03:00:00,304,58.68421052631579,53.0,74.0
5553957443,2016-04-13 04:00:00,312,58.82051282051282,53.0,74.0
5553957443,2016-04-13 05:00:00,316,57.7246835443038,50.0,77.0
5553957443,2016-04-13 06:00:00,313,55.56230031948882,48.0,70.0
5553957443,2016-04-13 07:00:00,136,54.338235294117645,49.0,67.0
5553957443,2016-04-13 08:00:00,330,60.233333333333334,49.0,79.0
5553957443,2016-04-13 09:00:00,345,65.5391304347826,59.0,84.0
5553957443,2016-04-13 10:00:00,394,68.98223350253807,61.0,82.0
5553957443,2016-04-13 11:00:00,321,63.691588785046726,57.0,75.0
5553957443,2016-04-13 12:00:00,346,62.27745664739884,50.0,77.0
5553957443,2016-04-13 13:00:00,321,62.85981308411215,56.0,75.0
5553957443,2016-04-13 14:00:00,325,62.76307692307692,58.0,69.0
5553957443,2016-04-13 15:00:00,386,68.3678756476684,60.0,95.0
5553957443,2016-04-13 16:00:00,361,63.59556786703601,55.0,85.0
5553957443,2016-04-13 17:00:00,330,63.60606060606061,56.0,89.0
5553957443,2016-04-13 18:00:00,326,61.395705521472394,57.0,74.0
5553957443,2016-04-13 19:00:00,448,64.58705357142857,56.0,82.0
5553957443,2016-04-13 20:00:00,428,64.26168224299066,51.0,80.0
5553957443,2016-04-13 21:00:00,402,65.22636815920399,54.0,86.0
5553957443,2016-04-13 22:00:00,377,61.257294429708224,52.0,82.0
5553957443,2016-04-13 23:00:00,305,57.58360655737705,52.0,75.0
5553957443,2016-04-14 00:00:00,326,60.987730061349694,55.0,72.0
5553957443,2016-04-14 01:00:00,309,60.601941747572816,54.0,75.0
5553957443,2016-04-14 02:00:00,310,57.92258064516129,53.0,69.0
5553957443,2016-04-14 03:00:00,297,62.11784511784512,55.0,78.0
5553957443,2016-04-14 04:00:00,297,59.053872053872055,55.0,68.0
5553957443,2016-04-14 05:00:00,336,63.458333333333336,53.0,87.0
5553957443,2016-04-14 06:00:00,475,74.62315789473685,60.0,95.0
5553957443,2016-04-14 07:00:00,441,76.5079365079365,55.0,103.0
5553957443,2016-04-14 08:00:00,339,60.091445427728615,54.0,68.0
5553957443,2016-04-14 09:00:00,354,61.53954802259887,56.0,70.0
5553957443,2016-04-14 10:00:00,333,60.77777777777778,55.0,80.0
5553957443,2016-04-14 11:00:00,338,62.20710059171598,56.0,68.0
5553957443,2016-04-14 12:00:00,347,63.564841498559076,56.0,78.0
5553957443,2016-04-14 13:00:00,378,68.77777777777777,59.0,101.0
5553957443,2016-04-14 14:00:00,1304,107.39110429447852,72.0,133.0
5553957443,2016-04-14 15:00:00,396,69.5,58.0,86.0
5553957443,2016-04-14 16:00:00,425,75.25647058823529,59.0,98.0
5553957443,2016-04-14 17:00:00,564,89.58156028368795,67.0,106.0
5553957443,2016-04-14 18:00:00,376,65.25531914893617,55.0,87.0
5553957443,2016-04-14 19:00:00,373,65.68096514745308,57.0,78.0
5553957443,2016-04-14 20:00:00,424,67.93396226415095,58.0,98.0
5553957443,2016-04-14 21:00:00,485,75.51134020618557,55.0,114.0
5553957443,2016-04-14 22:00:00,380,61.93157894736842,56.0,73.0
5553957443,2016-04-14 23:00:00,315,55.06349206349206,51.0,67.0
5553957443,2016-04-15 00:00:00,313,57.05750798722045,52.0,71.0
5553957443,2016-04-15 01:00:00,298,56.81879194630873,53.0,67.0
5553957443,2016-04-15 02:00:00,300,57.10666666666667,50.0,63.0
5553957443,2016-04-15 03:00:00,300,58.04,51.0,70.0
5553957443,2016-04-15 04:00:00,302,58.80132450331126,54.0,66.0
5553957443,2016-04-15 05:00:00,309,58.7831715210356,53.0,75.0
5553957443,2016-04-15 06:00:00,444,71.92567567567568,55.0,100.0
5553957443,2016-04-15 07:00:00,434,74.1405529953917,58.0,109.0
5553957443,2016-04-15 08:00:00,313,60.25239616613418,56.0,76.0
5553957443,2016-04-15 09:00:00,324,58.95061728395062,52.0,77.0
5553957443,2016-04-15 10:00:00,473,73.6046511627907,54.0,97.0
5553957443,2016-04-15 11:00:00,417,72.35251798561151,55.0,99.0
5553957443,2016-04-15 12:00:00,372,66.29032258064517,51.0,108.0
5553957443,2016-04-15 13:00:00,371,61.98382749326146,54.0,71.0
5553957443,2016-04-15 14:00:00,953,102.17733473242393,56.0,123.0
5553957443,2016-04-15 15:00:00,385,64.14025974025974,55.0,102.0
5553957443,2016-04-15 16:00:00,462,75.77056277056278,57.0,99.0
5553957443,2016-04-15 17:00:00,377,66.6657824933687,55.0,95.0
5553957443,2016-04-15 18:00:00,388,65.54381443298969,54.0,99.0
5553957443,2016-04-15 19:00:00,325,68.44,60.0,91.0
5553957443,2016-04-15 20:00:00,299,61.531772575250834,56.0,67.0
5553957443,2016-04-15 21:00:00,336,66.76190476190476,58.0,81.0
5553957443,2016-04-15 22:00:00,346,65.90751445086705,57.0,86.0
5553957443,2016-04-15 23:00:00,294,57.863945578231295,53.0,68.0
5553957443,2016-04-16 00:00:00,199,65.33668341708542,59.0,78.0
5553957443,2016-04-16 01:00:00,215,63.520930232558136,58.0,75.0
5553957443,2016-04-16 02:00:00,301,60.584717607973424,56.0,80.0
5553957443,2016-04-16 03:00:00,284,61.75704225352113,55.0,80.0
5553957443,2016-04-16 04:00:00,243,58.36625514403292,52.0,77.0
5553957443,2016-04-16 05:00:00,308,58.73376623376623,55.0,80.0
5553957443,2016-04-16 06:00:00,308,58.577922077922075,54.0,80.0
5553957443,2016-04-16 07:00:00,314,60.038216560509554,54.0,74.0
5553957443,2016-04-16 08:00:00,309,59.95145631067961,54.0,75.0
5553957443,2016-04-16 09:00:00,342,62.20175438596491,55.0,82.0
5553957443,2016-04-16 10:00:00,408,71.8578431372549,58.0,90.0
5553957443,2016-04-16 11:00:00,334,69.07185628742515,61.0,82.0
5553957443,2016-04-16 12:00:00,336,72.7202380952381,61.0,90.0
5553957443,2016-04-16 13:00:00,208,74.14423076923077,59.0,116.0
5553957443,2016-04-16 14:00:00,438,68.31963470319634,56.0,83.0
5553957443,2016-04-16 15:00:00,431,70.72389791183295,59.0,83.0
5553957443,2016-04-16 16:00:00,466,70.21030042918454,55.0,89.0
5553957443,2016-04-16 17:00:00,457,69.91903719912473,56.0,86.0
5553957443,2016-04-16 18:00:00,389,68.2133676092545,58.0,92.0
5553957443,2016-04-16 19:00:00,416,67.24038461538461,56.0,87.0
5553957443,2016-04-16 20:00:00,416,68.86298076923077,56.0,93.0
5553957443,2016-04-16 21:00:00,359,67.34818941504179,57.0,85.0
5553957443,2016-04-16 22:00:00,394,64.08883248730965,50.0,78.0
5553957443,2016-04-16 23:00:00,363,62.20661157024794,54.0,75.0
5553957443,2016-04-17 00:00:00,305,57.91475409836065,52.0,64.0
5553957443,2016-04-17 01:00:00,221,60.65610859728507,54.0,77.0
5553957443,2016-04-17 02:00:00,157,53.94267515923567,49.0,64.0
5553957443,2016-04-17 03:00:00,132,57.59090909090909,52.0,70.0
5553957443,2016-04-17 04:00:00,81,66.58024691358025,61.0,68.0
5553957443,2016-04-17 05:00:00,26,67.38461538461539,66.0,79.0
5553957443,2016-04-17 06:00:00,27,61.25925925925926,61.0,66.0
5553957443,2016-04-17 07:00:00,27,62.074074074074076,60.0,64.0
5553957443,2016-04-17 22:00:00,150,62.093333333333334,56.0,84.0
5553957443,2016-04-17 23:00:00,311,59.151125401929264,55.0,74.0
5553957443,2016-04-18 00:00:00,302,63.890728476821195,57.0,80.0
5553957443,2016-04-18 01:00:00,304,60.36513157894737,55.0,69.0
5553957443,2016-04-18 02:00:00,293,62.1160409556314,56.0,72.0
5553957443,2016-04-18 03:00:00,283,61.706713780918726,56.0,66.0
5553957443,2016-04-18 04:00:00,289,59.9204152249135,53.0,68.0
5553957443,2016-04-18 05:00:00,303,56.8943894389439,53.0,72.0
5553957443,2016-04-18 06:00:00,312,62.14102564102564,54.0,84.0
5553957443,2016-04-18 07:00:00,345,63.915942028985505,57.0,74.0
5553957443,2016-04-18 08:00:00,322,67.95962732919254,64.0,78.0
5553957443,2016-04-18 09:00:00,341,69.08211143695014,63.0,82.0
5553957443,2016-04-18 10:00:00,360,68.65277777777777,60.0,87.0
5553957443,2016-04-18 11:00:00,361,70.05817174515235,61.0,87.0
5553957443,2016-04-18 12:00:00,364,68.82142857142857,59.0,82.0
5553957443,2016-04-18 13:00:00,317,62.77917981072555,58.0,78.0
5553957443,2016-04-18 14:00:00,310,64.10967741935484,54.0,86.0
5553957443,2016-04-18 15:00:00,394,71.04314720812182,60.0,82.0
5553957443,2016-04-18 16:00:00,338,67.67159763313609,60.0,82.0
5553957443,2016-04-18 17:00:00,374,74.78342245989305,64.0,91.0
5553957443,2016-04-18 18:00:00,352,67.68181818181819,57.0,82.0
5553957443,2016-04-18 19:00:00,309,60.16828478964401,56.0,71.0
5553957443,2016-04-18 20:00:00,374,71.81283422459893,60.0,85.0
5553957443,2016-04-18 21:00:00,389,67.09768637532133,54.0,85.0
5553957443,2016-04-18 22:00:00,314,56.48726114649681,53.0,78.0
5553957443,2016-04-18 23:00:00,313,61.13418530351438,55.0,75.0
5553957443,2016-04-19 00:00:00,307,59.074918566775246,54.0,73.0
5553957443,2016-04-19 01:00:00,306,57.10130718954248,53.0,73.0
5553957443,2016-04-19 02:00:00,316,59.18037974683544,53.0,81.0
5553957443,2016-04-19 03:00:00,306,59.99673202614379,56.0,75.0
5553957443,2016-04-19 04:00:00,269,60.687732342007436,56.0,77.0
5553957443,2016-04-19 05:00:00,60,61.266666666666666,57.0,82.0
5553957443,2016-04-19 06:00:00,366,71.24590163934427,58.0,108.0
5553957443,2016-04-19 07:00:00,447,73.30201342281879,59.0,98.0
5553957443,2016-04-19 08:00:00,387,69.66925064599484,55.0,109.0
5553957443,2016-04-19 09:00:00,366,64.44535519125684,53.0,82.0
5553957443,2016-04-19 10:00:00,369,64.04065040650407,55.0,73.0
5553957443,2016-04-19 11:00:00,371,65.20754716981132,57.0,73.0
5553957443,2016-04-19 12:00:00,482,78.28630705394191,60.0,103.0
5553957443,2016-04-19 13:00:00,454,76.27312775330397,63.0,97.0
5553957443,2016-04-19 14:00:00,347,64.68587896253602,56.0,73.0
5553957443,2016-04-19 15:00:00,1108,109.40613718411552,57.0,128.0
5553957443,2016-04-19 16:00:00,1536,84.4609375,67.0,120.0
5553957443,2016-04-19 17:00:00,558,80.0,49.0,113.0
5553957443,2016-04-19 18:00:00,405,77.37777777777778,68.0,98.0
5553957443,2016-04-19 19:00:00,397,72.32241813602015,60.0,91.0
5553957443,2016-04-19 20:00:00,374,68.74598930481284,59.0,79.0
5553957443,2016-04-19 21:00:00,400,70.51,57.0,86.0
5553957443,2016-04-19 22:00:00,323,62.04643962848297,54.0,74.0
5553957443,2016-04-19 23:00:00,318,54.776729559748425,50.0,61.0
5553957443,2016-04-20 00:00:00,295,58.9728813559322,56.0,78.0
5553957443,2016-04-20 01:00:00,319,59.12852664576803,54.0,71.0
5553957443,2016-04-20 02:00:00,314,59.42356687898089,54.0,71.0
5553957443,2016-04-20 03:00:00,314,60.17834394904459,54.0,74.0
5553957443,2016-04-20 04:00:00,224,56.794642857142854,53.0,71.0
5553957443,2016-04-20 05:00:00,314,56.952229299363054,53.0,74.0
5553957443,2016-04-20 06:00:00,333,57.567567567567565,51.0,81.0
5553957443,2016-04-20 07:00:00,322,58.61490683229814,54.0,69.0
5553957443,2016-04-20 08:00:00,323,58.38080495356037,54.0,68.0
5553957443,2016-04-20 09:00:00,320,54.01875,48.0,72.0
5553957443,2016-04-20 10:00:00,344,57.825581395348834,50.0,82.0
5553957443,2016-04-20 11:00:00,354,61.836158192090394,53.0,73.0
5553957443,2016-04-20 12:00:00,382,65.36649214659685,56.0,84.0
5553957443,2016-04-20 13:00:00,375,64.93866666666666,55.0,84.0
5553957443,2016-04-20 14:00:00,381,62.31758530183727,51.0,78.0
5553957443,2016-04-20 15:00:00,382,60.32984293193717,55.0,68.0
5553957443,2016-04-20 16:00:00,404,61.03465346534654,54.0,76.0
5553957443,2016-04-20 17:00:00,376,62.058510638297875,53.0,77.0
5553957443,2016-04-20 18:00:00,387,62.82170542635659,56.0,76.0
5553957443,2016-04-20 19:00:00,370,60.932432432432435,52.0,83.0
5553957443,2016-04-20 20:00:00,378,62.57142857142857,51.0,77.0
5553957443,2016-04-20 21:00:00,362,60.4060773480663,52.0,81.0
5553957443,2016-04-20 22:00:00,356,61.014044943820224,50.0,81.0
5553957443,2016-04-20 23:00:00,310,51.88709677419355,48.0,65.0
5553957443,2016-04-21 00:00:00,314,55.75796178343949,51.0,67.0
5553957443,2016-04-21 01:00:00,293,53.901023890784984,49.0,58.0
5553957443,2016-04-21 02:00:00,326,56.38957055214724,49.0,85.0
5553957443,2016-04-21 03:00:00,301,52.820598006644516,49.0,59.0
5553957443,2016-04-21 04:00:00,83,60.87951807228916,55.0,70.0
5553957443,2016-04-21 05:00:00,258,59.84496124031008,54.0,74.0
5553957443,2016-04-21 06:00:00,247,69.65587044534414,56.0,80.0
5553957443,2016-04-21 07:00:00,389,69.58868894601542,57.0,90.0
5553957443,2016-04-21 08:00:00,414,73.51690821256038,56.0,99.0
5553957443,2016-04-21 09:00:00,365,65.64383561643835,60.0,82.0
5553957443,2016-04-21 10:00:00,361,64.74515235457064,54.0,72.0
5553957443,2016-04-21 11:00:00,372,64.05376344086021,56.0,84.0
5553957443,2016-04-21 12:00:00,349,66.17478510028653,56.0,83.0
5553957443,2016-04-21 13:00:00,360,62.81388888888889,54.0,82.0
5553957443,2016-04-21 14:00:00,349,62.4756446991404,57.0,71.0
5553957443,2016-04-21 15:00:00,346,61.23410404624278,56.0,70.0
5553957443,2016-04-21 16:00:00,328,58.9969512195122,52.0,66.0
5553957443,2016-04-21 17:00:00,1145,107.43056768558952,58.0,127.0
5553957443,2016-04-21 18:00:00,567,82.8395061728395,66.0,100.0
5553957443,2016-04-21 19:00:00,357,72.08683473389355,60.0,98.0
5553957443,2016-04-21 20:00:00,340,68.78823529411764,61.0,75.0
5553957443,2016-04-21 21:00:00,390,76.3076923076923,61.0,104.0
5553957443,2016-04-21 22:00:00,326,68.15337423312883,62.0,77.0
5553957443,2016-04-21 23:00:00,371,68.5121293800539,54.0,91.0
5553957443,2016-04-22 00:00:00,299,56.66555183946488,52.0,72.0
5553957443,2016-04-22 01:00:00,304,58.891447368421055,54.0,74.0
5553957443,2016-04-22 02:00:00,315,57.803174603174604,52.0,75.0
5553957443,2016-04-22 03:00:00,301,56.245847176079735,52.0,66.0
5553957443,2016-04-22 04:00:00,132,58.68181818181818,54.0,69.0
5553957443,2016-04-22 05:00:00,320,60.39375,53.0,81.0
5553957443,2016-04-22 06:00:00,427,73.64402810304449,61.0,92.0
5553957443,2016-04-22 07:00:00,227,79.79735682819383,60.0,105.0
5553957443,2016-04-22 08:00:00,148,67.18243243243244,54.0,82.0
5553957443,2016-04-22 09:00:00,364,62.0467032967033,53.0,80.0
5553957443,2016-04-22 10:00:00,348,60.80172413793103,55.0,76.0
5553957443,2016-04-22 11:00:00,350,60.60857142857143,53.0,78.0
5553957443,2016-04-22 12:00:00,375,65.77866666666667,56.0,86.0
5553957443,2016-04-22 13:00:00,372,63.51881720430107,53.0,81.0
5553957443,2016-04-22 14:00:00,379,64.18997361477572,51.0,91.0
5553957443,2016-04-22 15:00:00,701,88.72753209700429,55.0,121.0
5553957443,2016-04-22 16:00:00,1051,97.058039961941,65.0,128.0
5553957443,2016-04-22 17:00:00,421,69.58194774346794,58.0,88.0
5553957443,2016-04-22 18:00:00,392,71.11989795918367,58.0,112.0
5553957443,2016-04-22 19:00:00,425,74.67058823529412,57.0,105.0
5553957443,2016-04-22 20:00:00,360,65.28888888888889,56.0,84.0
5553957443,2016-04-22 21:00:00,405,66.89876543209877,55.0,92.0
5553957443,2016-04-22 22:00:00,321,60.69470404984423,55.0,68.0
5553957443,2016-04-22 23:00:00,351,64.72649572649573,58.0,81.0
5553957443,2016-04-23 00:00:00,370,64.69459459459459,57.0,79.0
5553957443,2016-04-23 01:00:00,325,69.62153846153846,60.0,79.0
5553957443,2016-04-23 02:00:00,299,66.08026755852843,63.0,71.0
5553957443,2016-04-23 03:00:00,315,63.593650793650795,57.0,77.0
5553957443,2016-04-23 04:00:00,306,60.93464052287582,55.0,71.0
5553957443,2016-04-23 05:00:00,308,60.84415584415584,55.0,78.0
5553957443,2016-04-23 06:00:00,318,60.411949685534594,55.0,69.0
5553957443,2016-04-23 07:00:00,321,60.15576323987539,54.0,78.0
5553957443,2016-04-23 08:00:00,319,61.57993730407524,53.0,73.0
5553957443,2016-04-23 09:00:00,316,60.49683544303797,52.0,73.0
5553957443,2016-04-23 10:00:00,333,61.45945945945946,56.0,84.0
5553957443,2016-04-23 11:00:00,341,65.93548387096774,57.0,79.0
5553957443,2016-04-23 12:00:00,381,71.24671916010499,64.0,84.0
5553957443,2016-04-23 13:00:00,338,63.48816568047337,52.0,78.0
5553957443,2016-04-23 14:00:00,296,61.46621621621622,53.0,73.0
5553957443,2016-04-23 15:00:00,337,68.26409495548961,54.0,87.0
5553957443,2016-04-23 16:00:00,386,72.78756476683938,64.0,86.0
5553957443,2016-04-23 17:00:00,381,71.65879265091864,64.0,92.0
5553957443,2016-04-23 18:00:00,402,75.51741293532338,66.0,86.0
5553957443,2016-04-23 19:00:00,415,74.99759036144579,63.0,89.0
5553957443,2016-04-23 20:00:00,387,73.7467700258398,60.0,94.0
5553957443,2016-04-23 21:00:00,338,72.13609467455622,62.0,91.0
5553957443,2016-04-23 22:00:00,356,67.93539325842697,56.0,75.0
5553957443,2016-04-23 23:00:00,387,70.48062015503876,63.0,85.0
5553957443,2016-04-24 00:00:00,364,63.03021978021978,54.0,75.0
5553957443,2016-04-24 01:00:00,322,68.08695652173913,59.0,79.0
5553957443,2016-04-24 02:00:00,320,65.76875,59.0,85.0
5553957443,2016-04-24 03:00:00,327,64.31498470948013,56.0,75.0
5553957443,2016-04-24 04:00:00,314,62.697452229299365,53.0,84.0
5553957443,2016-04-24 05:00:00,313,59.90415335463259,54.0,71.0
5553957443,2016-04-24 06:00:00,278,57.985611510791365,50.0,64.0
5553957443,2016-04-24 07:00:00,150,59.2,54.0,75.0
5553957443,2016-04-24 08:00:00,302,59.682119205298015,54.0,72.0
5553957443,2016-04-24 09:00:00,200,61.265,57.0,85.0
5553957443,2016-04-24 10:00:00,371,65.78975741239893,56.0,83.0
5553957443,2016-04-24 11:00:00,385,66.84675324675325,60.0,83.0
5553957443,2016-04-24 12:00:00,378,66.3994708994709,58.0,85.0
5553957443,2016-04-24 13:00:00,342,64.6842105263158,59.0,77.0
5553957443,2016-04-24 14:00:00,350,64.41428571428571,56.0,80.0
5553957443,2016-04-24 15:00:00,319,59.21943573667711,54.0,64.0
5553957443,2016-04-24 16:00:00,336,66.02380952380952,54.0,78.0
5553957443,2016-04-24 17:00:00,368,69.7336956521739,61.0,92.0
5553957443,2016-04-24 18:00:00,355,64.60281690140845,56.0,81.0
5553957443,2016-04-24 19:00:00,356,64.04494382022472,56.0,73.0
5553957443,2016-04-24 20:00:00,394,67.22842639593908,58.0,81.0
5553957443,2016-04-24 21:00:00,394,64.80456852791878,55.0,82.0
5553957443,2016-04-24 22:00:00,308,59.47077922077922,56.0,72.0
5553957443,2016-04-24 23:00:00,311,61.91961414790997,57.0,70.0
5553957443,2016-04-25 00:00:00,300,59.6,56.0,72.0
5553957443,2016-04-25 01:00:00,307,58.0586319218241,52.0,81.0
5553957443,2016-04-25 02:00:00,302,59.37748344370861,55.0,74.0
5553957443,2016-04-25 03:00:00,314,60.468152866242036,55.0,78.0
5553957443,2016-04-25 04:00:00,304,58.35197368421053,54.0,81.0
5553957443,2016-04-25 05:00:00,291,60.88659793814433,53.0,75.0
5553957443,2016-04-25 06:00:00,326,73.14110429447852,63.0,128.0
5553957443,2016-04-25 07:00:00,443,77.95936794582393,59.0,107.0
5553957443,2016-04-25 08:00:00,374,64.86898395721926,54.0,75.0
5553957443,2016-04-25 09:00:00,331,64.85498489425981,56.0,73.0
5553957443,2016-04-25 10:00:00,372,61.956989247311824,52.0,81.0
5553957443,2016-04-25 11:00:00,354,60.909604519774014,54.0,77.0
5553957443,2016-04-25 12:00:00,359,61.18941504178273,55.0,72.0
5553957443,2016-04-25 13:00:00,996,108.3293172690763,56.0,132.0
5553957443,2016-04-25 14:00:00,527,84.94117647058823,60.0,118.0
5553957443,2016-04-25 15:00:00,355,70.80281690140845,60.0,98.0
5553957443,2016-04-25 16:00:00,346,65.69364161849711,58.0,76.0
5553957443,2016-04-25 17:00:00,435,77.6712643678161,57.0,107.0
5553957443,2016-04-25 18:00:00,408,77.66421568627452,62.0,109.0
5553957443,2016-04-25 19:00:00,366,68.0792349726776,58.0,91.0
5553957443,2016-04-25 20:00:00,333,63.98498498498498,58.0,74.0
5553957443,2016-04-25 21:00:00,370,71.39189189189189,64.0,83.0
5553957443,2016-04-25 22:00:00,319,65.99373040752351,61.0,70.0
5553957443,2016-04-25 23:00:00,333,65.61261261261261,60.0,80.0
5553957443,2016-04-26 00:00:00,307,64.9543973941368,59.0,81.0
5553957443,2016-04-26 01:00:00,311,62.40836012861736,58.0,75.0
5553957443,2016-04-26 02:00:00,302,61.47682119205298,57.0,69.0
5553957443,2016-04-26 03:00:00,309,63.43689320388349,58.0,74.0
5553957443,2016-04-26 04:00:00,309,60.07119741100323,55.0,69.0
5553957443,2016-04-26 05:00:00,315,57.68571428571428,53.0,71.0
5553957443,2016-04-26 06:00:00,481,72.4095634095634,55.0,102.0
5553957443,2016-04-26 07:00:00,410,78.65853658536585,60.0,102.0
5553957443,2016-04-26 08:00:00,333,62.54054054054054,57.0,75.0
5553957443,2016-04-26 09:00:00,372,62.24731182795699,55.0,95.0
5553957443,2016-04-26 10:00:00,391,61.40920716112532,54.0,70.0
5553957443,2016-04-26 11:00:00,363,62.35537190082645,56.0,76.0
5553957443,2016-04-26 12:00:00,1143,104.27909011373578,56.0,128.0
5553957443,2016-04-26 13:00:00,534,84.45505617977528,63.0,126.0
5553957443,2016-04-26 14:00:00,272,66.5220588235294,54.0,77.0
5553957443,2016-04-26 17:00:00,410,78.30975609756098,58.0,101.0
5553957443,2016-04-26 18:00:00,432,72.76157407407408,63.0,98.0
5553957443,2016-04-26 19:00:00,410,74.14146341463415,60.0,93.0
5553957443,2016-04-26 20:00:00,388,69.4639175257732,60.0,80.0
5553957443,2016-04-26 21:00:00,360,65.89722222222223,58.0,81.0
5553957443,2016-04-26 22:00:00,430,73.41162790697675,56.0,100.0
5553957443,2016-04-26 23:00:00,341,61.510263929618766,54.0,87.0
5553957443,2016-04-27 00:00:00,326,59.874233128834355,53.0,79.0
5553957443,2016-04-27 01:00:00,315,60.838095238095235,55.0,73.0
5553957443,2016-04-27 02:00:00,332,59.82831325301205,55.0,75.0
5553957443,2016-04-27 03:00:00,297,56.61952861952862,54.0,68.0
5553957443,2016-04-27 04:00:00,303,58.64026402640264,53.0,69.0
5553957443,2016-04-27 05:00:00,295,57.061016949152545,52.0,68.0
5553957443,2016-04-27 06:00:00,459,72.91067538126362,58.0,89.0
5553957443,2016-04-27 07:00:00,403,72.67990074441687,60.0,101.0
5553957443,2016-04-27 08:00:00,364,65.1043956043956,58.0,88.0
5553957443,2016-04-27 09:00:00,339,62.93805309734513,56.0,78.0
5553957443,2016-04-27 10:00:00,357,63.554621848739494,58.0,85.0
5553957443,2016-04-27 11:00:00,391,63.40409207161125,55.0,89.0
5553957443,2016-04-27 12:00:00,387,65.34883720930233,56.0,81.0
5553957443,2016-04-27 13:00:00,374,66.8048128342246,56.0,89.0
5553957443,2016-04-27 14:00:00,343,62.57725947521866,56.0,81.0
5553957443,2016-04-27 15:00:00,376,64.67287234042553,57.0,85.0
5553957443,2016-04-27 16:00:00,350,59.465714285714284,49.0,85.0
5553957443,2016-04-27 17:00:00,495,78.86262626262626,57.0,104.0
5553957443,2016-04-27 18:00:00,446,73.87219730941705,60.0,94.0
5553957443,2016-04-27 19:00:00,347,63.54178674351585,57.0,72.0
5553957443,2016-04-27 20:00:00,419,70.86873508353221,62.0,89.0
5553957443,2016-04-27 21:00:00,374,64.63636363636364,54.0,80.0
5553957443,2016-04-27 22:00:00,305,58.54754098360656,54.0,67.0
5553957443,2016-04-27 23:00:00,308,60.327922077922075,56.0,75.0
5553957443,2016-04-28 00:00:00,300,56.67,51.0,69.0
5553957443,2016-04-28 01:00:00,313,55.68690095846645,51.0,81.0
5553957443,2016-04-28 02:00:00,301,56.63455149501661,52.0,78.0
5553957443,2016-04-28 03:00:00,319,56.98432601880878,52.0,71.0
5553957443,2016-04-28 04:00:00,312,59.080128205128204,53.0,76.0
5553957443,2016-04-28 05:00:00,314,59.117834394904456,54.0,77.0
5553957443,2016-04-28 06:00:00,98,71.05102040816327,57.0,82.0
5553957443,2016-04-28 07:00:00,398,82.76633165829146,61.0,130.0
5553957443,2016-04-28 08:00:00,360,68.28055555555555,56.0,101.0
5553957443,2016-04-28 09:00:00,345,61.73623188405797,55.0,75.0
5553957443,2016-04-28 10:00:00,360,63.01111111111111,55.0,80.0
5553957443,2016-04-28 11:00:00,371,63.42048517520216,56.0,79.0
5553957443,2016-04-28 12:00:00,377,62.09283819628647,56.0,76.0
5553957443,2016-04-28 13:00:00,461,71.44251626898048,57.0,121.0
5553957443,2016-04-28 14:00:00,1200,112.98416666666667,68.0,149.0
5553957443,2016-04-28 15:00:00,356,68.60955056179775,59.0,76.0
5553957443,2016-04-28 16:00:00,459,76.37690631808279,55.0,112.0
5553957443,2016-04-28 17:00:00,432,71.0324074074074,57.0,101.0
5553957443,2016-04-28 18:00:00,349,64.40687679083095,57.0,74.0
5553957443,2016-04-28 19:00:00,355,67.79154929577464,60.0,89.0
5553957443,2016-04-28 20:00:00,345,65.74492753623188,59.0,77.0
5553957443,2016-04-28 21:00:00,365,60.21369863013699,51.0,79.0
5553957443,2016-04-28 22:00:00,305,56.5344262295082,52.0,61.0
5553957443,2016-04-28 23:00:00,319,58.175548589341695,54.0,72.0
5553957443,2016-04-29 00:00:00,315,56.48888888888889,53.0,70.0
5553957443,2016-04-29 01:00:00,321,58.30218068535826,54.0,70.0
5553957443,2016-04-29 02:00:00,321,59.31464174454829,52.0,78.0
5553957443,2016-04-29 03:00:00,339,59.793510324483776,53.0,76.0
5553957443,2016-04-29 04:00:00,311,58.72990353697749,52.0,72.0
5553957443,2016-04-29 05:00:00,300,56.943333333333335,52.0,73.0
5553957443,2016-04-29 06:00:00,427,71.97658079625293,55.0,96.0
5553957443,2016-04-29 07:00:00,456,79.01973684210526,61.0,110.0
5553957443,2016-04-29 08:00:00,363,65.5068870523416,55.0,90.0
5553957443,2016-04-29 09:00:00,351,61.39031339031339,53.0,68.0
5553957443,2016-04-29 10:00:00,383,64.60835509138381,53.0,84.0
5553957443,2016-04-29 11:00:00,1552,104.37822164948453,68.0,124.0
5553957443,2016-04-29 12:00:00,1440,73.00069444444445,57.0,102.0
5553957443,2016-04-29 13:00:00,1152,74.27777777777777,62.0,110.0
5553957443,2016-04-29 14:00:00,377,67.6710875331565,57.0,87.0
5553957443,2016-04-29 15:00:00,412,68.5752427184466,59.0,86.0
5553957443,2016-04-29 16:00:00,475,87.26105263157895,57.0,156.0
5553957443,2016-04-29 17:00:00,438,71.42009132420091,59.0,95.0
5553957443,2016-04-29 18:00:00,414,70.66183574879227,60.0,92.0
5553957443,2016-04-29 19:00:00,374,68.56684491978609,55.0,81.0
5553957443,2016-04-29 20:00:00,359,67.3732590529248,55.0,79.0
5553957443,2016-04-29 21:00:00,366,62.31693989071038,50.0,76.0
5553957443,2016-04-29 22:00:00,346,62.58381502890173,50.0,74.0
5553957443,2016-04-29 23:00:00,367,63.10899182561308,54.0,84.0
5553957443,2016-04-30 00:00:00,303,63.508250825082506,57.0,73.0
5553957443,2016-04-30 01:00:00,307,65.63517915309447,62.0,78.0
5553957443,2016-04-30 02:00:00,309,65.11974110032362,61.0,76.0
5553957443,2016-04-30 03:00:00,307,64.75244299674267,58.0,79.0
5553957443,2016-04-30 04:00:00,322,66.35403726708074,60.0,81.0
5553957443,2016-04-30 05:00:00,313,64.64217252396166,59.0,77.0
5553957443,2016-04-30 06:00:00,294,61.95918367346939,57.0,79.0
5553957443,2016-04-30 07:00:00,307,62.31596091205212,58.0,75.0
5553957443,2016-04-30 08:00:00,306,61.80718954248366,55.0,82.0
5553957443,2016-04-30 09:00:00,314,62.503184713375795,56.0,83.0
5553957443,2016-04-30 10:00:00,327,64.31192660550458,58.0,79.0
5553957443,2016-04-30 11:00:00,358,66.53631284916202,56.0,86.0
5553957443,2016-04-30 12:00:00,382,71.20680628272251,56.0,89.0
5553957443,2016-04-30 13:00:00,332,73.06024096385542,68.0,82.0
5553957443,2016-04-30 14:00:00,364,71.20879120879121,66.0,81.0
5553957443,2016-04-30 15:00:00,346,67.1907514450867,61.0,78.0
5553957443,2016-04-30 16:00:00,319,66.40438871473354,59.0,84.0
5553957443,2016-04-30 17:00:00,338,63.74556213017752,55.0,78.0
5553957443,2016-04-30 18:00:00,378,68.71164021164022,62.0,79.0
5553957443,2016-04-30 19:00:00,417,69.60191846522781,56.0,81.0
5553957443,2016-04-30 20:00:00,341,67.00586510263929,60.0,75.0
5553957443,2016-04-30 21:00:00,354,66.33050847457628,60.0,80.0
5553957443,2016-04-30 22:00:00,353,64.94050991501416,57.0,78.0
5553957443,2016-04-30 23:00:00,327,55.321100917431195,49.0,80.0
5553957443,2016-05-01 00:00:00,307,53.80456026058632,49.0,72.0
5553957443,2016-05-01 01:00:00,318,58.57861635220126,53.0,68.0
5553957443,2016-05-01 02:00:00,200,59.945,56.0,75.0
5553957443,2016-05-01 03:00:00,210,62.56190476190476,50.0,76.0
5553957443,2016-05-01 04:00:00,313,64.05111821086263,58.0,82.0
5553957443,2016-05-01 05:00:00,330,63.67272727272727,58.0,80.0
5553957443,2016-05-01 06:00:00,316,64.5632911392405,57.0,80.0
5553957443,2016-05-01 07:00:00,326,66.29447852760737,59.0,88.0
5553957443,2016-05-01 08:00:00,321,63.37071651090343,57.0,84.0
5553957443,2016-05-01 09:00:00,364,68.96428571428571,56.0,85.0
5553957443,2016-05-01 10:00:00,437,74.02974828375287,63.0,95.0
5553957443,2016-05-01 11:00:00,387,70.93540051679587,63.0,83.0
5553957443,2016-05-01 12:00:00,485,72.21443298969072,54.0,93.0
5553957443,2016-05-01 13:00:00,437,68.94279176201373,58.0,87.0
5553957443,2016-05-01 14:00:00,235,69.59148936170213,59.0,91.0
5553957443,2016-05-01 15:00:00,116,72.50862068965517,66.0,105.0
5553957443,2016-05-01 16:00:00,321,69.3208722741433,62.0,92.0
5553957443,2016-05-01 17:00:00,371,69.52830188679245,60.0,88.0
5553957443,2016-05-01 18:00:00,391,70.43478260869566,62.0,87.0
5553957443,2016-05-01 19:00:00,427,70.47072599531616,58.0,91.0
5553957443,2016-05-01 20:00:00,361,69.02770083102493,62.0,97.0
5553957443,2016-05-01 21:00:00,58,72.77586206896552,57.0,116.0
5553957443,2016-05-01 22:00:00,326,57.34969325153374,52.0,84.0
5553957443,2016-05-01 23:00:00,307,58.5114006514658,54.0,72.0
5553957443,2016-05-02 00:00:00,301,58.66112956810631,54.0,72.0
5553957443,2016-05-02 01:00:00,314,57.13057324840764,53.0,69.0
5553957443,2016-05-02 02:00:00,313,58.91373801916933,54.0,70.0
5553957443,2016-05-02 03:00:00,318,59.971698113207545,55.0,82.0
5553957443,2016-05-02 04:00:00,321,58.753894080996886,50.0,80.0
5553957443,2016-05-02 05:00:00,315,58.666666666666664,54.0,76.0
5553957443,2016-05-02 06:00:00,440,71.83863636363637,61.0,94.0
5553957443,2016-05-02 07:00:00,381,74.0262467191601,57.0,114.0
5553957443,2016-05-02 08:00:00,344,67.23255813953489,61.0,84.0
5553957443,2016-05-02 09:00:00,340,65.80882352941177,57.0,90.0
5553957443,2016-05-02 10:00:00,357,64.83193277310924,56.0,87.0
5553957443,2016-05-02 11:00:00,382,62.47905759162304,52.0,82.0
5553957443,2016-05-02 12:00:00,389,64.44473007712082,55.0,84.0
5553957443,2016-05-02 13:00:00,395,65.96708860759493,57.0,81.0
5553957443,2016-05-02 14:00:00,383,63.54046997389034,54.0,74.0
5553957443,2016-05-02 15:00:00,317,61.25552050473186,55.0,72.0
5553957443,2016-05-02 16:00:00,949,106.10326659641728,53.0,125.0
5553957443,2016-05-02 17:00:00,1014,97.68244575936883,63.0,118.0
5553957443,2016-05-02 18:00:00,418,83.33253588516746,67.0,109.0
5553957443,2016-05-02 19:00:00,365,73.36438356164383,65.0,81.0
5553957443,2016-05-02 20:00:00,384,69.078125,52.0,80.0
5553957443,2016-05-02 21:00:00,382,65.6020942408377,56.0,79.0
5553957443,2016-05-02 22:00:00,310,59.383870967741935,55.0,74.0
5553957443,2016-05-02 23:00:00,319,59.04702194357367,54.0,73.0
5553957443,2016-05-03 00:00:00,332,60.963855421686745,55.0,73.0
5553957443,2016-05-03 01:00:00,325,60.612307692307695,56.0,74.0
5553957443,2016-05-03 02:00:00,331,60.957703927492446,54.0,76.0
5553957443,2016-05-03 03:00:00,331,59.58912386706949,55.0,80.0
5553957443,2016-05-03 04:00:00,159,61.528301886792455,56.0,65.0
5553957443,2016-05-03 05:00:00,368,65.26086956521739,54.0,86.0
5553957443,2016-05-03 06:00:00,427,75.92505854800937,65.0,96.0
5553957443,2016-05-03 07:00:00,395,71.90126582278481,58.0,105.0
5553957443,2016-05-03 08:00:00,317,58.97791798107256,53.0,67.0
5553957443,2016-05-03 09:00:00,348,59.293103448275865,54.0,73.0
5553957443,2016-05-03 10:00:00,369,59.68834688346883,51.0,82.0
5553957443,2016-05-03 11:00:00,354,57.75706214689266,54.0,67.0
5553957443,2016-05-03 12:00:00,393,63.38167938931298,54.0,89.0
5553957443,2016-05-03 13:00:00,365,63.153424657534245,56.0,79.0
5553957443,2016-05-03 14:00:00,354,61.51412429378531,53.0,67.0
5553957443,2016-05-03 15:00:00,377,60.09549071618037,52.0,73.0
5553957443,2016-05-03 16:00:00,695,100.59136690647482,54.0,134.0
5553957443,2016-05-03 17:00:00,691,97.77134587554269,66.0,127.0
5553957443,2016-05-03 18:00:00,398,74.21608040201005,58.0,98.0
5553957443,2016-05-03 19:00:00,472,74.8177966101695,59.0,95.0
5553957443,2016-05-03 20:00:00,442,72.53167420814479,56.0,96.0
5553957443,2016-05-03 21:00:00,356,64.33988764044943,50.0,76.0
5553957443,2016-05-03 22:00:00,378,65.5978835978836,52.0,99.0
5553957443,2016-05-03 23:00:00,388,62.82216494845361,51.0,100.0
5553957443,2016-05-04 00:00:00,360,57.44166666666667,47.0,88.0
5553957443,2016-05-04 01:00:00,306,54.611111111111114,50.0,72.0
5553957443,2016-05-04 02:00:00,334,62.48502994011976,54.0,79.0
5553957443,2016-05-04 03:00:00,328,60.079268292682926,55.0,75.0
5553957443,2016-05-04 04:00:00,293,63.6382252559727,55.0,69.0
5553957443,2016-05-04 05:00:00,300,57.236666666666665,54.0,80.0
5553957443,2016-05-04 06:00:00,328,59.984756097560975,51.0,77.0
5553957443,2016-05-04 07:00:00,329,58.07598784194529,52.0,79.0
5553957443,2016-05-04 08:00:00,360,60.602777777777774,51.0,75.0
5553957443,2016-05-04 09:00:00,346,62.51156069364162,56.0,79.0
5553957443,2016-05-04 10:00:00,347,62.42651296829971,56.0,76.0
5553957443,2016-05-04 11:00:00,340,59.5,53.0,75.0
5553957443,2016-05-04 12:00:00,297,64.7003367003367,57.0,108.0
5553957443,2016-05-04 13:00:00,392,62.61479591836735,55.0,82.0
5553957443,2016-05-04 14:00:00,402,66.03980099502488,57.0,77.0
5553957443,2016-05-04 15:00:00,397,64.93198992443325,53.0,84.0
5553957443,2016-05-04 16:00:00,371,64.15094339622641,55.0,90.0
5553957443,2016-05-04 17:00:00,407,65.07125307125307,55.0,86.0
5553957443,2016-05-04 18:00:00,403,63.220843672456574,53.0,82.0
5553957443,2016-05-04 19:00:00,406,67.49507389162562,53.0,99.0
5553957443,2016-05-04 20:00:00,366,62.37158469945355,54.0,73.0
5553957443,2016-05-04 21:00:00,379,62.58839050131926,53.0,79.0
5553957443,2016-05-04 22:00:00,349,57.87965616045845,52.0,74.0
5553957443,2016-05-04 23:00:00,319,55.739811912225704,47.0,69.0
5553957443,2016-05-05 00:00:00,303,55.943894389438945,53.0,59.0
5553957443,2016-05-05 01:00:00,315,56.55555555555556,50.0,64.0
5553957443,2016-05-05 02:00:00,301,57.348837209302324,54.0,65.0
5553957443,2016-05-05 03:00:00,306,57.36601307189542,54.0,64.0
5553957443,2016-05-05 04:00:00,315,56.74285714285714,53.0,62.0
5553957443,2016-05-05 05:00:00,317,56.83280757097792,50.0,69.0
5553957443,2016-05-05 06:00:00,247,72.3076923076923,57.0,120.0
5553957443,2016-05-05 07:00:00,426,74.47652582159624,61.0,108.0
5553957443,2016-05-05 08:00:00,424,79.84669811320755,53.0,165.0
5553957443,2016-05-05 09:00:00,359,60.309192200557106,53.0,81.0
5553957443,2016-05-05 10:00:00,357,60.75070028011204,54.0,74.0
5553957443,2016-05-05 11:00:00,368,60.380434782608695,53.0,72.0
5553957443,2016-05-05 12:00:00,388,61.75,52.0,86.0
5553957443,2016-05-05 13:00:00,350,59.13142857142857,52.0,85.0
5553957443,2016-05-05 14:00:00,423,65.64066193853428,55.0,94.0
5553957443,2016-05-05 15:00:00,370,60.8972972972973,54.0,83.0
5553957443,2016-05-05 16:00:00,957,97.82236154649948,52.0,124.0
5553957443,2016-05-05 17:00:00,712,91.37359550561797,58.0,127.0
5553957443,2016-05-05 18:00:00,396,71.79797979797979,58.0,114.0
5553957443,2016-05-05 19:00:00,384,69.38541666666667,59.0,91.0
5553957443,2016-05-05 20:00:00,489,72.84662576687117,60.0,96.0
5553957443,2016-05-05 21:00:00,402,64.88557213930348,53.0,75.0
5553957443,2016-05-05 22:00:00,393,62.67430025445292,51.0,91.0
5553957443,2016-05-05 23:00:00,294,55.99659863945578,49.0,63.0
5553957443,2016-05-06 00:00:00,312,60.458333333333336,54.0,70.0
5553957443,2016-05-06 01:00:00,321,61.13395638629284,55.0,73.0
5553957443,2016-05-06 02:00:00,312,59.86538461538461,56.0,72.0
5553957443,2016-05-06 03:00:00,315,58.26031746031746,54.0,73.0
5553957443,2016-05-06 04:00:00,308,61.19155844155844,52.0,83.0
5553957443,2016-05-06 05:00:00,316,58.04746835443038,54.0,70.0
5553957443,2016-05-06 06:00:00,162,69.37037037037037,58.0,80.0
5553957443,2016-05-06 07:00:00,447,76.43400447427292,58.0,103.0
5553957443,2016-05-06 08:00:00,406,75.3743842364532,57.0,104.0
5553957443,2016-05-06 09:00:00,334,59.535928143712574,52.0,68.0
5553957443,2016-05-06 10:00:00,359,58.99442896935933,53.0,65.0
5553957443,2016-05-06 11:00:00,369,60.886178861788615,55.0,71.0
5553957443,2016-05-06 12:00:00,426,63.16901408450704,51.0,87.0
5553957443,2016-05-06 13:00:00,361,61.78670360110803,55.0,72.0
5553957443,2016-05-06 14:00:00,415,62.91566265060241,55.0,76.0
5553957443,2016-05-06 15:00:00,384,58.760416666666664,53.0,75.0
5553957443,2016-05-06 16:00:00,560,59.073214285714286,52.0,70.0
5553957443,2016-05-06 17:00:00,611,65.29132569558101,51.0,91.0
5553957443,2016-05-06 18:00:00,129,66.04651162790698,55.0,86.0
5553957443,2016-05-06 19:00:00,189,67.87301587301587,56.0,102.0
5553957443,2016-05-06 20:00:00,53,64.86792452830188,57.0,73.0
5553957443,2016-05-06 21:00:00,54,61.03703703703704,58.0,66.0
5553957443,2016-05-07 01:00:00,27,62.629629629629626,62.0,65.0
5553957443,2016-05-07 17:00:00,146,72.02054794520548,56.0,140.0
5553957443,2016-05-07 18:00:00,397,61.3551637279597,54.0,88.0
5553957443,2016-05-07 19:00:00,369,59.300813008130085,53.0,71.0
5553957443,2016-05-07 20:00:00,364,62.71978021978022,56.0,70.0
5553957443,2016-05-07 21:00:00,400,64.71,53.0,85.0
5553957443,2016-05-07 22:00:00,434,65.66129032258064,56.0,93.0
5553957443,2016-05-07 23:00:00,359,60.325905292479106,51.0,89.0
5553957443,2016-05-08 00:00:00,277,61.328519855595665,55.0,69.0
5553957443,2016-05-08 01:00:00,303,65.32013201320132,60.0,68.0
5553957443,2016-05-08 02:00:00,315,65.88253968253969,60.0,84.0
5553957443,2016-05-08 03:00:00,315,64.25714285714285,58.0,78.0
5553957443,2016-05-08 04:00:00,301,65.72425249169436,58.0,83.0
5553957443,2016-05-08 05:00:00,310,62.174193548387095,57.0,78.0
5553957443,2016-05-08 06:00:00,324,59.71296296296296,54.0,75.0
5553957443,2016-05-08 07:00:00,305,59.131147540983605,53.0,77.0
5553957443,2016-05-08 08:00:00,312,59.47435897435897,53.0,69.0
5553957443,2016-05-08 09:00:00,350,63.63428571428572,54.0,82.0
5553957443,2016-05-08 10:00:00,386,67.12953367875647,60.0,83.0
5553957443,2016-05-08 11:00:00,343,63.96209912536443,55.0,73.0
5553957443,2016-05-08 12:00:00,468,74.7051282051282,63.0,100.0
5553957443,2016-05-08 13:00:00,398,72.81658291457286,61.0,100.0
5553957443,2016-05-08 14:00:00,360,64.77222222222223,51.0,75.0
5553957443,2016-05-08 15:00:00,335,63.28358208955224,55.0,78.0
5553957443,2016-05-08 16:00:00,375,65.63466666666666,56.0,76.0
5553957443,2016-05-08 17:00:00,369,66.74525745257452,56.0,86.0
5553957443,2016-05-08 18:00:00,409,71.00488997555013,59.0,104.0
5553957443,2016-05-08 19:00:00,430,71.96279069767442,56.0,110.0
5553957443,2016-05-08 20:00:00,356,63.34550561797753,56.0,85.0
5553957443,2016-05-08 21:00:00,372,63.90860215053763,54.0,94.0
5553957443,2016-05-08 22:00:00,309,62.954692556634306,56.0,70.0
5553957443,2016-05-08 23:00:00,295,64.34915254237288,59.0,72.0
5553957443,2016-05-09 00:00:00,315,62.18412698412698,56.0,79.0
5553957443,2016-05-09 01:00:00,315,61.17460317460318,57.0,74.0
5553957443,2016-05-09 02:00:00,317,59.488958990536275,55.0,73.0
5553957443,2016-05-09 03:00:00,324,59.54012345679013,55.0,77.0
5553957443,2016-05-09 04:00:00,321,58.47352024922118,53.0,73.0
5553957443,2016-05-09 05:00:00,233,59.00429184549356,55.0,68.0
5553957443,2016-05-09 06:00:00,260,74.98846153846154,64.0,91.0
5553957443,2016-05-09 07:00:00,442,77.09276018099547,56.0,121.0
5553957443,2016-05-09 08:00:00,403,71.81885856079404,56.0,108.0
5553957443,2016-05-09 09:00:00,372,63.526881720430104,55.0,71.0
5553957443,2016-05-09 10:00:00,389,61.059125964010285,53.0,80.0
5553957443,2016-05-09 11:00:00,346,57.566473988439306,51.0,81.0
5553957443,2016-05-09 12:00:00,350,62.72,54.0,85.0
5553957443,2016-05-09 13:00:00,353,59.405099150141645,53.0,70.0
5553957443,2016-05-09 14:00:00,342,61.08479532163743,53.0,70.0
5553957443,2016-05-09 15:00:00,324,59.16975308641975,55.0,66.0
5553957443,2016-05-09 16:00:00,933,113.81350482315112,56.0,149.0
5553957443,2016-05-09 17:00:00,1329,112.77050413844997,68.0,148.0
5553957443,2016-05-09 18:00:00,452,82.71238938053098,58.0,112.0
5553957443,2016-05-09 19:00:00,472,78.97033898305085,65.0,101.0
5553957443,2016-05-09 20:00:00,420,72.3952380952381,61.0,90.0
5553957443,2016-05-09 21:00:00,392,68.6734693877551,57.0,88.0
5553957443,2016-05-09 22:00:00,350,61.89142857142857,55.0,78.0
5553957443,2016-05-09 23:00:00,305,62.459016393442624,56.0,71.0
5553957443,2016-05-10 00:00:00,315,64.01904761904763,60.0,77.0
5553957443,2016-05-10 01:00:00,311,63.762057877813504,58.0,79.0
5553957443,2016-05-10 02:00:00,318,62.660377358490564,57.0,74.0
5553957443,2016-05-10 03:00:00,332,62.18674698795181,55.0,78.0
5553957443,2016-05-10 04:00:00,317,61.397476340694006,55.0,71.0
5553957443,2016-05-10 05:00:00,298,63.03691275167785,56.0,66.0
5553957443,2016-05-10 06:00:00,402,74.29601990049751,57.0,102.0
5553957443,2016-05-10 07:00:00,431,83.22969837587007,60.0,118.0
5553957443,2016-05-10 08:00:00,331,65.16918429003022,59.0,74.0
5553957443,2016-05-10 09:00:00,333,59.432432432432435,55.0,65.0
5553957443,2016-05-10 10:00:00,346,59.286127167630056,53.0,69.0
5553957443,2016-05-10 11:00:00,902,106.9478935698448,54.0,131.0
5553957443,2016-05-10 12:00:00,1249,106.25860688550841,68.0,133.0
5553957443,2016-05-10 13:00:00,372,74.26612903225806,63.0,82.0
5553957443,2016-05-10 14:00:00,397,64.82367758186398,53.0,74.0
5553957443,2016-05-10 15:00:00,371,63.857142857142854,54.0,71.0
5553957443,2016-05-10 16:00:00,373,65.15817694369973,57.0,76.0
5553957443,2016-05-10 17:00:00,411,79.41605839416059,58.0,111.0
5553957443,2016-05-10 18:00:00,405,77.58518518518518,62.0,110.0
5553957443,2016-05-10 19:00:00,394,71.1269035532995,62.0,88.0
5553957443,2016-05-10 20:00:00,370,73.68648648648649,66.0,93.0
5553957443,2016-05-10 21:00:00,387,74.14987080103359,62.0,96.0
5553957443,2016-05-10 22:00:00,406,70.96305418719211,60.0,90.0
5553957443,2016-05-10 23:00:00,402,69.1318407960199,57.0,103.0
5553957443,2016-05-11 00:00:00,330,63.17878787878788,58.0,76.0
5553957443,2016-05-11 01:00:00,296,61.74324324324324,56.0,71.0
5553957443,2016-05-11 02:00:00,308,62.98051948051948,57.0,76.0
5553957443,2016-05-11 03:00:00,311,62.549839228295816,56.0,75.0
5553957443,2016-05-11 04:00:00,310,62.303225806451614,55.0,70.0
5553957443,2016-05-11 05:00:00,310,62.18709677419355,56.0,69.0
5553957443,2016-05-11 06:00:00,250,61.484,57.0,70.0
5553957443,2016-05-11 07:00:00,257,61.797665369649806,56.0,76.0
5553957443,2016-05-11 08:00:00,390,67.12051282051281,55.0,103.0
5553957443,2016-05-11 09:00:00,349,67.46131805157593,57.0,78.0
5553957443,2016-05-11 10:00:00,430,69.31162790697674,59.0,83.0
5553957443,2016-05-11 11:00:00,348,65.9683908045977,58.0,77.0
5553957443,2016-05-11 12:00:00,366,67.97267759562841,59.0,87.0
5553957443,2016-05-11 13:00:00,327,62.730886850152906,58.0,72.0
5553957443,2016-05-11 14:00:00,382,69.42670157068063,59.0,92.0
5553957443,2016-05-11 15:00:00,356,68.13483146067416,62.0,97.0
5553957443,2016-05-11 16:00:00,336,65.9047619047619,56.0,91.0
5553957443,2016-05-11 17:00:00,333,63.231231231231234,55.0,72.0
5553957443,2016-05-11 18:00:00,369,67.86178861788618,59.0,83.0
5553957443,2016-05-11 19:00:00,373,72.08310991957104,61.0,99.0
5553957443,2016-05-11 20:00:00,362,68.37016574585635,61.0,95.0
5553957443,2016-05-11 21:00:00,361,66.88919667590028,58.0,81.0
5553957443,2016-05-11 22:00:00,287,58.63414634146341,54.0,62.0
5553957443,2016-05-11 23:00:00,119,56.50420168067227,54.0,76.0
5553957443,2016-05-12 00:00:00,300,57.29,54.0,73.0
5553957443,2016-05-12 01:00:00,289,57.95501730103806,54.0,72.0
5553957443,2016-05-12 02:00:00,195,60.34871794871795,56.0,80.0
5553957443,2016-05-12 03:00:00,309,59.94174757281554,54.0,66.0
5553957443,2016-05-12 04:00:00,296,59.66216216216216,56.0,72.0
5553957443,2016-05-12 05:00:00,275,59.18909090909091,54.0,79.0
5553957443,2016-05-12 06:00:00,265,71.69433962264151,62.0,84.0
5553957443,2016-05-12 07:00:00,378,81.76984126984127,60.0,107.0
5553957443,2016-05-12 09:00:00,2,78.0,78.0,78.0
5577150313,2016-04-12 00:00:00,313,50.50479233226837,45.0,74.0
5577150313,2016-04-12 01:00:00,340,51.15588235294118,46.0,67.0
5577150313,2016-04-12 02:00:00,315,51.27936507936508,47.0,60.0
5577150313,2016-04-12 03:00:00,333,51.14414414414414,46.0,64.0
5577150313,2016-04-12 04:00:00,335,49.853731343283584,44.0,67.0
5577150313,2016-04-12 05:00:00,338,50.523668639053255,41.0,62.0
5577150313,2016-04-12 06:00:00,466,97.40343347639485,53.0,129.0
5577150313,2016-04-12 07:00:00,370,68.15945945945946,56.0,112.0
5577150313,2016-04-12 08:00:00,371,64.63072776280323,48.0,96.0
5577150313,2016-04-12 09:00:00,375,62.672,54.0,105.0
5577150313,2016-04-12 10:00:00,396,73.62878787878788,50.0,113.0
5577150313,2016-04-12 11:00:00,393,86.64885496183206,52.0,154.0
5577150313,2016-04-12 12:00:00,365,66.0,52.0,78.0
5577150313,2016-04-12 13:00:00,372,67.01612903225806,53.0,86.0
5577150313,2016-04-12 14:00:00,377,66.06366047745358,55.0,81.0
5577150313,2016-04-12 15:00:00,368,64.5570652173913,51.0,100.0
5577150313,2016-04-12 16:00:00,420,81.33095238095238,49.0,153.0
5577150313,2016-04-12 17:00:00,357,68.29971988795518,52.0,125.0
5577150313,2016-04-12 18:00:00,363,61.17906336088154,55.0,77.0
5577150313,2016-04-12 19:00:00,392,86.53316326530613,53.0,125.0
5577150313,2016-04-12 20:00:00,329,64.56534954407294,53.0,111.0
5577150313,2016-04-12 21:00:00,345,60.391304347826086,52.0,77.0
5577150313,2016-04-12 22:00:00,332,53.16867469879518,49.0,76.0
5577150313,2016-04-12 23:00:00,320,52.11875,47.0,59.0
5577150313,2016-04-13 00:00:00,324,52.30555555555556,44.0,65.0
5577150313,2016-04-13 01:00:00,310,54.93225806451613,51.0,64.0
5577150313,2016-04-13 02:00:00,285,55.11578947368421,48.0,63.0
5577150313,2016-04-13 03:00:00,228,51.29824561403509,48.0,58.0
5577150313,2016-04-13 04:00:00,135,52.266666666666666,47.0,63.0
5577150313,2016-04-13 05:00:00,71,48.50704225352113,46.0,51.0
5577150313,2016-04-13 06:00:00,27,57.407407407407405,47.0,60.0
5577150313,2016-04-13 17:00:00,350,72.35714285714286,54.0,114.0
5577150313,2016-04-13 18:00:00,362,60.732044198895025,49.0,70.0
5577150313,2016-04-13 19:00:00,377,58.92838196286472,46.0,88.0
5577150313,2016-04-13 20:00:00,408,80.21813725490196,50.0,121.0
5577150313,2016-04-13 21:00:00,323,59.640866873065015,49.0,78.0
5577150313,2016-04-13 22:00:00,300,54.35333333333333,51.0,58.0
5577150313,2016-04-13 23:00:00,329,52.735562310030396,47.0,71.0
5577150313,2016-04-14 00:00:00,327,49.95412844036697,43.0,69.0
5577150313,2016-04-14 01:00:00,328,50.125,46.0,58.0
5577150313,2016-04-14 02:00:00,341,51.97947214076246,45.0,62.0
5577150313,2016-04-14 03:00:00,312,50.67628205128205,45.0,64.0
5577150313,2016-04-14 04:00:00,334,52.07185628742515,47.0,73.0
5577150313,2016-04-14 05:00:00,323,57.3405572755418,48.0,86.0
5577150313,2016-04-14 06:00:00,338,108.23076923076923,64.0,128.0
5577150313,2016-04-14 07:00:00,394,73.29695431472081,59.0,112.0
5577150313,2016-04-14 08:00:00,355,69.92676056338028,53.0,101.0
5577150313,2016-04-14 09:00:00,381,66.82152230971128,53.0,95.0
5577150313,2016-04-14 10:00:00,352,61.49431818181818,52.0,70.0
5577150313,2016-04-14 11:00:00,424,98.21933962264151,59.0,172.0
5577150313,2016-04-14 12:00:00,396,72.53787878787878,54.0,104.0
5577150313,2016-04-14 13:00:00,356,64.47191011235955,51.0,110.0
5577150313,2016-04-14 14:00:00,1503,117.70791749833666,70.0,163.0
5577150313,2016-04-14 15:00:00,424,93.71698113207547,63.0,133.0
5577150313,2016-04-14 16:00:00,423,88.50354609929079,64.0,113.0
5577150313,2016-04-14 17:00:00,386,75.46891191709845,53.0,108.0
5577150313,2016-04-14 18:00:00,373,64.86058981233244,58.0,74.0
5577150313,2016-04-14 19:00:00,349,79.64183381088826,55.0,128.0
5577150313,2016-04-14 20:00:00,386,74.9119170984456,58.0,101.0
5577150313,2016-04-14 21:00:00,357,63.719887955182074,54.0,92.0
5577150313,2016-04-14 22:00:00,328,53.832317073170735,50.0,70.0
5577150313,2016-04-14 23:00:00,316,50.58860759493671,47.0,57.0
5577150313,2016-04-15 00:00:00,337,51.92284866468843,46.0,64.0
5577150313,2016-04-15 01:00:00,326,55.831288343558285,50.0,71.0
5577150313,2016-04-15 02:00:00,297,51.063973063973066,46.0,62.0
5577150313,2016-04-15 03:00:00,335,48.16119402985075,39.0,67.0
5577150313,2016-04-15 04:00:00,339,47.68731563421829,40.0,72.0
5577150313,2016-04-15 05:00:00,415,62.498795180722894,43.0,157.0
5577150313,2016-04-15 06:00:00,456,96.78728070175438,50.0,135.0
5577150313,2016-04-15 07:00:00,382,72.55497382198953,58.0,115.0
5577150313,2016-04-15 08:00:00,365,64.73150684931507,56.0,91.0
5577150313,2016-04-15 09:00:00,412,63.96116504854369,53.0,102.0
5577150313,2016-04-15 10:00:00,367,61.771117166212534,49.0,106.0
5577150313,2016-04-15 11:00:00,400,78.83,52.0,137.0
5577150313,2016-04-15 12:00:00,392,71.6454081632653,49.0,110.0
5577150313,2016-04-15 13:00:00,401,68.12219451371571,47.0,112.0
5577150313,2016-04-15 14:00:00,540,77.80740740740741,50.0,119.0
5577150313,2016-04-15 15:00:00,1880,82.13191489361702,54.0,126.0
5577150313,2016-04-15 16:00:00,1481,78.48548278190412,60.0,122.0
5577150313,2016-04-15 17:00:00,316,72.0632911392405,61.0,83.0
5577150313,2016-04-15 18:00:00,709,95.98448519040903,57.0,128.0
5577150313,2016-04-15 19:00:00,1551,96.22179239200516,59.0,156.0
5577150313,2016-04-15 20:00:00,1459,89.91021247429747,59.0,132.0
5577150313,2016-04-15 21:00:00,1300,65.87,56.0,75.0
5577150313,2016-04-15 22:00:00,1295,59.9953667953668,51.0,71.0
5577150313,2016-04-15 23:00:00,1246,52.09069020866774,48.0,57.0
5577150313,2016-04-16 00:00:00,1267,49.31570639305446,43.0,68.0
5577150313,2016-04-16 01:00:00,1249,47.38030424339472,43.0,69.0
5577150313,2016-04-16 02:00:00,1290,50.42790697674418,44.0,73.0
5577150313,2016-04-16 03:00:00,1240,46.13870967741936,43.0,55.0
5577150313,2016-04-16 04:00:00,1310,51.61221374045802,43.0,66.0
5577150313,2016-04-16 05:00:00,1268,49.59148264984227,45.0,67.0
5577150313,2016-04-16 06:00:00,1675,79.3289552238806,45.0,134.0
5577150313,2016-04-16 07:00:00,1572,92.61259541984732,54.0,118.0
5577150313,2016-04-16 08:00:00,1336,58.868263473053894,53.0,80.0
5577150313,2016-04-16 09:00:00,1316,58.202127659574465,50.0,69.0
5577150313,2016-04-16 10:00:00,1583,86.93998736576121,49.0,134.0
5577150313,2016-04-16 11:00:00,1408,74.06605113636364,53.0,116.0
5577150313,2016-04-16 12:00:00,1377,69.02178649237473,53.0,115.0
5577150313,2016-04-16 13:00:00,1425,101.31508771929825,59.0,128.0
5577150313,2016-04-16 14:00:00,1603,114.10106051154087,94.0,136.0
5577150313,2016-04-16 15:00:00,1417,73.52364149611856,58.0,114.0
5577150313,2016-04-16 16:00:00,1363,62.92956713132795,52.0,89.0
5577150313,2016-04-16 17:00:00,1539,67.0246913580247,52.0,114.0
5577150313,2016-04-16 18:00:00,1594,77.97176913425345,52.0,136.0
5577150313,2016-04-16 19:00:00,1171,73.59436379163108,56.0,119.0
5577150313,2016-04-16 20:00:00,360,63.422222222222224,54.0,91.0
5577150313,2016-04-16 21:00:00,319,55.09717868338558,52.0,59.0
5577150313,2016-04-16 22:00:00,334,51.287425149700596,47.0,58.0
5577150313,2016-04-16 23:00:00,314,47.818471337579616,45.0,60.0
5577150313,2016-04-17 00:00:00,310,47.71290322580645,43.0,54.0
5577150313,2016-04-17 01:00:00,265,50.17358490566038,46.0,55.0
5577150313,2016-04-17 02:00:00,342,49.05555555555556,41.0,66.0
5577150313,2016-04-17 03:00:00,322,43.35403726708075,41.0,57.0
5577150313,2016-04-17 04:00:00,332,44.102409638554214,40.0,55.0
5577150313,2016-04-17 05:00:00,337,45.946587537091986,40.0,53.0
5577150313,2016-04-17 06:00:00,373,75.32975871313673,46.0,118.0
5577150313,2016-04-17 07:00:00,473,110.57928118393235,53.0,174.0
5577150313,2016-04-17 08:00:00,353,70.01699716713881,53.0,106.0
5577150313,2016-04-17 09:00:00,377,84.52519893899205,55.0,126.0
5577150313,2016-04-17 10:00:00,432,77.74305555555556,53.0,124.0
5577150313,2016-04-17 11:00:00,432,92.88657407407408,58.0,129.0
5577150313,2016-04-17 12:00:00,466,111.89484978540773,57.0,138.0
5577150313,2016-04-17 13:00:00,437,96.53089244851259,55.0,124.0
5577150313,2016-04-17 14:00:00,385,72.64675324675325,55.0,123.0
5577150313,2016-04-17 15:00:00,374,65.70855614973262,52.0,117.0
5577150313,2016-04-17 16:00:00,364,62.71153846153846,56.0,71.0
5577150313,2016-04-17 17:00:00,361,63.581717451523545,57.0,72.0
5577150313,2016-04-17 18:00:00,407,68.97542997542998,51.0,118.0
5577150313,2016-04-17 19:00:00,391,59.94117647058823,52.0,91.0
5577150313,2016-04-17 20:00:00,407,65.64127764127764,50.0,109.0
5577150313,2016-04-17 21:00:00,351,88.52136752136752,53.0,128.0
5577150313,2016-04-17 22:00:00,323,55.303405572755416,51.0,60.0
5577150313,2016-04-17 23:00:00,336,50.729166666666664,47.0,62.0
5577150313,2016-04-18 00:00:00,307,48.4885993485342,45.0,75.0
5577150313,2016-04-18 01:00:00,321,48.06542056074766,43.0,56.0
5577150313,2016-04-18 02:00:00,323,49.61300309597523,45.0,56.0
5577150313,2016-04-18 03:00:00,326,49.79141104294479,46.0,64.0
5577150313,2016-04-18 04:00:00,343,50.44897959183673,44.0,64.0
5577150313,2016-04-18 05:00:00,336,49.07738095238095,44.0,59.0
5577150313,2016-04-18 06:00:00,335,51.42686567164179,46.0,81.0
5577150313,2016-04-18 07:00:00,343,62.78717201166181,51.0,80.0
5577150313,2016-04-18 08:00:00,361,63.418282548476455,53.0,88.0
5577150313,2016-04-18 09:00:00,500,93.166,53.0,129.0
5577150313,2016-04-18 10:00:00,479,106.98538622129436,70.0,132.0
5577150313,2016-04-18 11:00:00,365,71.42191780821918,56.0,114.0
5577150313,2016-04-18 12:00:00,375,69.112,55.0,92.0
5577150313,2016-04-18 13:00:00,339,56.45427728613569,41.0,63.0
5577150313,2016-04-18 14:00:00,403,73.4937965260546,52.0,117.0
5577150313,2016-04-18 15:00:00,380,77.53947368421052,51.0,165.0
5577150313,2016-04-18 16:00:00,333,74.33933933933933,55.0,128.0
5577150313,2016-04-18 17:00:00,337,68.65281899109792,62.0,101.0
5577150313,2016-04-18 18:00:00,436,81.23394495412845,57.0,119.0
5577150313,2016-04-18 19:00:00,402,88.88059701492537,67.0,117.0
5577150313,2016-04-18 20:00:00,391,77.09718670076727,62.0,103.0
5577150313,2016-04-18 21:00:00,390,68.18717948717949,55.0,107.0
5577150313,2016-04-18 22:00:00,338,60.19230769230769,55.0,73.0
5577150313,2016-04-18 23:00:00,166,61.39156626506024,57.0,79.0
5577150313,2016-04-19 00:00:00,339,58.4070796460177,53.0,76.0
5577150313,2016-04-19 01:00:00,330,58.43636363636364,53.0,78.0
5577150313,2016-04-19 02:00:00,318,57.528301886792455,51.0,116.0
5577150313,2016-04-19 03:00:00,337,55.19881305637982,51.0,75.0
5577150313,2016-04-19 04:00:00,338,54.8698224852071,50.0,77.0
5577150313,2016-04-19 05:00:00,346,51.70809248554913,47.0,60.0
5577150313,2016-04-19 06:00:00,344,56.64825581395349,49.0,75.0
5577150313,2016-04-19 07:00:00,493,82.62677484787018,51.0,112.0
5577150313,2016-04-19 08:00:00,220,98.72272727272727,79.0,118.0
5577150313,2016-04-19 09:00:00,348,72.2816091954023,42.0,81.0
5577150313,2016-04-19 10:00:00,365,70.3013698630137,56.0,104.0
5577150313,2016-04-19 11:00:00,354,66.11016949152543,55.0,92.0
5577150313,2016-04-19 12:00:00,401,73.2568578553616,55.0,111.0
5577150313,2016-04-19 13:00:00,406,73.22906403940887,59.0,100.0
5577150313,2016-04-19 14:00:00,389,87.40616966580977,61.0,132.0
5577150313,2016-04-19 15:00:00,390,86.5974358974359,59.0,151.0
5577150313,2016-04-19 16:00:00,374,85.12032085561498,64.0,156.0
5577150313,2016-04-19 17:00:00,351,75.01709401709402,55.0,92.0
5577150313,2016-04-19 18:00:00,404,65.78217821782178,51.0,82.0
5577150313,2016-04-19 19:00:00,375,63.0,50.0,88.0
5577150313,2016-04-19 20:00:00,486,98.21810699588477,65.0,159.0
5577150313,2016-04-19 21:00:00,353,66.90084985835693,56.0,75.0
5577150313,2016-04-19 22:00:00,315,58.91746031746032,56.0,66.0
5577150313,2016-04-19 23:00:00,291,58.23711340206186,54.0,63.0
5577150313,2016-04-20 00:00:00,230,58.017391304347825,53.0,63.0
5577150313,2016-04-20 01:00:00,248,54.08064516129032,50.0,58.0
5577150313,2016-04-20 02:00:00,130,50.16153846153846,47.0,56.0
5577150313,2016-04-20 03:00:00,54,48.592592592592595,48.0,52.0
5577150313,2016-04-20 04:00:00,27,53.592592592592595,48.0,56.0
5577150313,2016-04-20 05:00:00,54,47.77777777777778,45.0,56.0
5577150313,2016-04-20 08:00:00,408,99.01225490196079,62.0,132.0
5577150313,2016-04-20 09:00:00,408,85.1029411764706,59.0,135.0
5577150313,2016-04-20 10:00:00,412,82.29611650485437,56.0,130.0
5577150313,2016-04-20 11:00:00,96,102.70833333333333,70.0,123.0
5577150313,2016-04-20 12:00:00,388,76.25257731958763,61.0,125.0
5577150313,2016-04-20 13:00:00,396,68.83585858585859,59.0,97.0
5577150313,2016-04-20 14:00:00,413,69.36561743341404,59.0,99.0
5577150313,2016-04-20 15:00:00,362,63.668508287292816,57.0,74.0
5577150313,2016-04-20 16:00:00,383,68.93472584856397,59.0,113.0
5577150313,2016-04-20 17:00:00,373,62.56032171581769,54.0,77.0
5577150313,2016-04-20 18:00:00,389,70.31619537275064,59.0,113.0
5577150313,2016-04-20 19:00:00,398,72.26884422110552,52.0,113.0
5577150313,2016-04-20 20:00:00,368,66.42934782608695,52.0,116.0
5577150313,2016-04-20 21:00:00,339,55.92035398230089,51.0,73.0
5577150313,2016-04-20 22:00:00,345,55.481159420289856,47.0,92.0
5577150313,2016-04-20 23:00:00,314,51.894904458598724,46.0,81.0
5577150313,2016-04-21 00:00:00,348,57.75,48.0,76.0
5577150313,2016-04-21 01:00:00,352,55.22159090909091,49.0,60.0
5577150313,2016-04-21 02:00:00,343,53.32361516034985,48.0,63.0
5577150313,2016-04-21 03:00:00,332,52.545180722891565,47.0,71.0
5577150313,2016-04-21 04:00:00,334,52.0059880239521,47.0,82.0
5577150313,2016-04-21 05:00:00,350,48.36857142857143,43.0,78.0
5577150313,2016-04-21 06:00:00,464,107.30603448275862,52.0,134.0
5577150313,2016-04-21 07:00:00,383,73.80156657963447,56.0,118.0
5577150313,2016-04-21 08:00:00,389,69.2082262210797,54.0,114.0
5577150313,2016-04-21 09:00:00,378,69.19576719576719,52.0,101.0
5577150313,2016-04-21 10:00:00,340,68.27941176470588,58.0,83.0
5577150313,2016-04-21 11:00:00,439,96.19362186788155,57.0,168.0
5577150313,2016-04-21 12:00:00,367,66.2425068119891,57.0,86.0
5577150313,2016-04-21 13:00:00,365,68.45753424657535,51.0,121.0
5577150313,2016-04-21 14:00:00,698,78.03581661891117,54.0,120.0
5577150313,2016-04-21 15:00:00,1269,88.78250591016548,56.0,124.0
5577150313,2016-04-21 16:00:00,395,91.48607594936709,67.0,123.0
5577150313,2016-04-21 17:00:00,440,85.18636363636364,59.0,147.0
5577150313,2016-04-21 18:00:00,361,65.09418282548476,56.0,97.0
5577150313,2016-04-21 19:00:00,403,83.43920595533498,58.0,115.0
5577150313,2016-04-21 20:00:00,364,65.06318681318682,53.0,111.0
5577150313,2016-04-21 21:00:00,335,54.982089552238804,48.0,62.0
5577150313,2016-04-21 22:00:00,352,56.23011363636363,47.0,77.0
5577150313,2016-04-21 23:00:00,305,51.01639344262295,47.0,57.0
5577150313,2016-04-22 00:00:00,299,49.20066889632107,46.0,53.0
5577150313,2016-04-22 01:00:00,330,53.21818181818182,47.0,68.0
5577150313,2016-04-22 02:00:00,319,54.14733542319749,49.0,73.0
5577150313,2016-04-22 03:00:00,335,52.9044776119403,45.0,71.0
5577150313,2016-04-22 04:00:00,328,47.63719512195122,44.0,70.0
5577150313,2016-04-22 05:00:00,421,57.95486935866983,43.0,110.0
5577150313,2016-04-22 06:00:00,479,99.03966597077245,57.0,132.0
5577150313,2016-04-22 07:00:00,385,70.32467532467533,54.0,100.0
5577150313,2016-04-22 08:00:00,370,71.69459459459459,56.0,119.0
5577150313,2016-04-22 09:00:00,419,67.19809069212411,53.0,113.0
5577150313,2016-04-22 10:00:00,401,62.19201995012469,50.0,105.0
5577150313,2016-04-22 11:00:00,405,67.23703703703704,50.0,112.0
5577150313,2016-04-22 12:00:00,383,66.01566579634465,45.0,115.0
5577150313,2016-04-22 13:00:00,310,55.883870967741935,48.0,72.0
5577150313,2016-04-22 14:00:00,355,56.76338028169014,48.0,73.0
5577150313,2016-04-22 15:00:00,323,52.6687306501548,44.0,64.0
5577150313,2016-04-22 16:00:00,375,54.08266666666667,45.0,75.0
5577150313,2016-04-22 17:00:00,399,64.98997493734336,45.0,103.0
5577150313,2016-04-22 18:00:00,352,69.77272727272727,48.0,115.0
5577150313,2016-04-22 19:00:00,290,75.32413793103449,54.0,110.0
5577150313,2016-04-22 20:00:00,272,79.78676470588235,56.0,123.0
5577150313,2016-04-22 21:00:00,8,101.0,94.0,107.0
5577150313,2016-04-22 22:00:00,446,80.33856502242152,56.0,125.0
5577150313,2016-04-22 23:00:00,357,59.207282913165265,44.0,96.0
5577150313,2016-04-23 00:00:00,313,49.17571884984026,45.0,61.0
5577150313,2016-04-23 01:00:00,342,56.28947368421053,48.0,75.0
5577150313,2016-04-23 02:00:00,331,55.83987915407855,50.0,69.0
5577150313,2016-04-23 03:00:00,352,56.27272727272727,49.0,69.0
5577150313,2016-04-23 04:00:00,358,55.399441340782126,48.0,70.0
5577150313,2016-04-23 05:00:00,312,51.65064102564103,46.0,66.0
5577150313,2016-04-23 06:00:00,363,58.25068870523416,46.0,105.0
5577150313,2016-04-23 07:00:00,386,73.26165803108809,52.0,114.0
5577150313,2016-04-23 08:00:00,367,58.25068119891008,50.0,73.0
5577150313,2016-04-23 09:00:00,415,63.397590361445786,52.0,91.0
5577150313,2016-04-23 10:00:00,399,77.15288220551379,49.0,119.0
5577150313,2016-04-23 11:00:00,381,70.44619422572178,54.0,123.0
5577150313,2016-04-23 12:00:00,249,71.35742971887551,54.0,105.0
5577150313,2016-04-23 13:00:00,343,76.6268221574344,55.0,113.0
5577150313,2016-04-23 14:00:00,177,69.045197740113,60.0,110.0
5577150313,2016-04-23 15:00:00,411,81.4963503649635,55.0,117.0
5577150313,2016-04-23 16:00:00,376,64.57712765957447,51.0,100.0
5577150313,2016-04-23 17:00:00,487,76.69815195071868,55.0,111.0
5577150313,2016-04-23 18:00:00,415,77.24578313253012,53.0,143.0
5577150313,2016-04-23 19:00:00,379,73.49868073878628,52.0,171.0
5577150313,2016-04-23 20:00:00,377,67.0185676392573,40.0,119.0
5577150313,2016-04-23 21:00:00,329,58.45592705167173,54.0,113.0
5577150313,2016-04-23 22:00:00,328,54.40853658536585,50.0,62.0
5577150313,2016-04-23 23:00:00,329,52.07598784194529,46.0,61.0
5577150313,2016-04-24 00:00:00,330,54.518181818181816,48.0,67.0
5577150313,2016-04-24 01:00:00,345,54.095652173913045,40.0,87.0
5577150313,2016-04-24 02:00:00,339,50.899705014749266,45.0,72.0
5577150313,2016-04-24 03:00:00,346,53.959537572254334,47.0,67.0
5577150313,2016-04-24 04:00:00,326,52.88036809815951,49.0,65.0
5577150313,2016-04-24 05:00:00,327,52.489296636085626,47.0,70.0
5577150313,2016-04-24 06:00:00,343,51.83673469387755,47.0,65.0
5577150313,2016-04-24 07:00:00,343,63.201166180758015,50.0,114.0
5577150313,2016-04-24 08:00:00,386,65.12435233160622,51.0,113.0
5577150313,2016-04-24 09:00:00,389,64.04370179948586,53.0,95.0
5577150313,2016-04-24 10:00:00,434,86.73271889400921,60.0,118.0
5577150313,2016-04-24 11:00:00,423,106.73049645390071,93.0,124.0
5577150313,2016-04-24 12:00:00,100,84.37,59.0,110.0
5577150313,2016-04-24 13:00:00,126,90.0,63.0,131.0
5577150313,2016-04-24 14:00:00,414,74.09903381642512,55.0,122.0
5577150313,2016-04-24 15:00:00,460,108.41521739130435,58.0,130.0
5577150313,2016-04-24 16:00:00,414,93.55555555555556,67.0,119.0
5577150313,2016-04-24 17:00:00,440,103.06136363636364,65.0,131.0
5577150313,2016-04-24 18:00:00,375,77.28533333333333,56.0,115.0
5577150313,2016-04-24 19:00:00,294,88.95238095238095,59.0,120.0
5577150313,2016-04-24 20:00:00,352,66.32954545454545,59.0,112.0
5577150313,2016-04-24 21:00:00,357,61.98879551820728,50.0,87.0
5577150313,2016-04-24 22:00:00,343,56.50437317784257,51.0,69.0
5577150313,2016-04-24 23:00:00,332,56.924698795180724,51.0,75.0
5577150313,2016-04-25 00:00:00,340,55.67058823529412,52.0,63.0
5577150313,2016-04-25 01:00:00,317,55.50788643533123,48.0,63.0
5577150313,2016-04-25 02:00:00,330,53.17878787878788,49.0,68.0
5577150313,2016-04-25 03:00:00,324,48.78395061728395,44.0,67.0
5577150313,2016-04-25 04:00:00,336,50.1875,44.0,61.0
5577150313,2016-04-25 05:00:00,370,48.44864864864865,43.0,69.0
5577150313,2016-04-25 06:00:00,449,99.62583518930958,56.0,125.0
5577150313,2016-04-25 07:00:00,393,72.45038167938931,55.0,103.0
5577150313,2016-04-25 08:00:00,383,64.93211488250653,45.0,97.0
5577150313,2016-04-25 09:00:00,361,73.63157894736842,59.0,94.0
5577150313,2016-04-25 10:00:00,401,88.91521197007481,57.0,123.0
5577150313,2016-04-25 11:00:00,413,77.49636803874093,56.0,117.0
5577150313,2016-04-25 12:00:00,375,82.49333333333334,61.0,107.0
5577150313,2016-04-25 13:00:00,416,83.75961538461539,66.0,110.0
5577150313,2016-04-25 14:00:00,367,69.9400544959128,53.0,111.0
5577150313,2016-04-25 15:00:00,371,67.0754716981132,55.0,80.0
5577150313,2016-04-25 16:00:00,427,71.31850117096019,57.0,97.0
5577150313,2016-04-25 17:00:00,367,67.07629427792915,52.0,96.0
5577150313,2016-04-25 18:00:00,374,60.41711229946524,54.0,85.0
5577150313,2016-04-25 19:00:00,402,77.27363184079601,51.0,124.0
5577150313,2016-04-25 20:00:00,355,60.80281690140845,49.0,113.0
5577150313,2016-04-25 21:00:00,348,58.41379310344828,52.0,77.0
5577150313,2016-04-25 22:00:00,355,57.12957746478873,49.0,70.0
5577150313,2016-04-25 23:00:00,303,50.696369636963695,47.0,55.0
5577150313,2016-04-26 00:00:00,320,52.725,46.0,63.0
5577150313,2016-04-26 01:00:00,324,52.641975308641975,47.0,65.0
5577150313,2016-04-26 02:00:00,335,52.51940298507463,46.0,69.0
5577150313,2016-04-26 03:00:00,320,48.83125,44.0,57.0
5577150313,2016-04-26 04:00:00,324,46.21913580246913,42.0,54.0
5577150313,2016-04-26 05:00:00,413,74.6682808716707,44.0,118.0
5577150313,2016-04-26 06:00:00,420,86.23333333333333,56.0,122.0
5577150313,2016-04-26 07:00:00,431,69.61948955916473,56.0,99.0
5577150313,2016-04-26 08:00:00,373,71.89544235924933,54.0,113.0
5577150313,2016-04-26 09:00:00,348,65.183908045977,54.0,118.0
5577150313,2016-04-26 10:00:00,375,64.49333333333334,48.0,106.0
5577150313,2016-04-26 11:00:00,415,67.26987951807229,54.0,103.0
5577150313,2016-04-26 12:00:00,420,74.67857142857143,54.0,100.0
5577150313,2016-04-26 13:00:00,369,83.08943089430895,59.0,114.0
5577150313,2016-04-26 14:00:00,383,75.1644908616188,53.0,109.0
5577150313,2016-04-26 15:00:00,373,68.54691689008042,54.0,85.0
5577150313,2016-04-26 16:00:00,370,66.77837837837838,57.0,85.0
5577150313,2016-04-26 17:00:00,340,61.29705882352941,53.0,72.0
5577150313,2016-04-26 18:00:00,361,63.45152354570637,52.0,111.0
5577150313,2016-04-26 19:00:00,406,69.53448275862068,53.0,109.0
5577150313,2016-04-26 20:00:00,364,73.95879120879121,50.0,113.0
5577150313,2016-04-26 21:00:00,347,56.97406340057637,50.0,70.0
5577150313,2016-04-26 22:00:00,312,50.24038461538461,40.0,61.0
5577150313,2016-04-26 23:00:00,321,51.691588785046726,41.0,63.0
5577150313,2016-04-27 00:00:00,317,53.74447949526814,49.0,76.0
5577150313,2016-04-27 01:00:00,328,52.609756097560975,47.0,66.0
5577150313,2016-04-27 02:00:00,337,52.967359050445104,47.0,73.0
5577150313,2016-04-27 03:00:00,327,53.669724770642205,49.0,68.0
5577150313,2016-04-27 04:00:00,314,51.745222929936304,45.0,69.0
5577150313,2016-04-27 05:00:00,383,53.72323759791123,42.0,94.0
5577150313,2016-04-27 06:00:00,488,98.45286885245902,55.0,130.0
5577150313,2016-04-27 07:00:00,378,71.13227513227513,56.0,111.0
5577150313,2016-04-27 08:00:00,367,69.2724795640327,53.0,97.0
5577150313,2016-04-27 09:00:00,403,75.24069478908189,53.0,119.0
5577150313,2016-04-27 10:00:00,359,64.18384401114206,54.0,84.0
5577150313,2016-04-27 11:00:00,383,72.60835509138381,53.0,98.0
5577150313,2016-04-27 12:00:00,362,67.10220994475138,54.0,98.0
5577150313,2016-04-27 13:00:00,358,66.81564245810056,54.0,91.0
5577150313,2016-04-27 14:00:00,340,67.02941176470588,57.0,90.0
5577150313,2016-04-27 15:00:00,395,78.9746835443038,58.0,117.0
5577150313,2016-04-27 16:00:00,399,70.47619047619048,53.0,114.0
5577150313,2016-04-27 17:00:00,378,63.129629629629626,51.0,90.0
5577150313,2016-04-27 18:00:00,386,73.15544041450777,58.0,125.0
5577150313,2016-04-27 19:00:00,415,92.99759036144579,53.0,127.0
5577150313,2016-04-27 20:00:00,344,58.04360465116279,49.0,91.0
5577150313,2016-04-27 21:00:00,353,55.8413597733711,47.0,69.0
5577150313,2016-04-27 22:00:00,339,52.2094395280236,45.0,67.0
5577150313,2016-04-27 23:00:00,303,50.2013201320132,44.0,56.0
5577150313,2016-04-28 00:00:00,323,56.256965944272444,50.0,69.0
5577150313,2016-04-28 01:00:00,345,55.597101449275364,50.0,72.0
5577150313,2016-04-28 02:00:00,332,52.0210843373494,45.0,75.0
5577150313,2016-04-28 03:00:00,322,50.03416149068323,40.0,68.0
5577150313,2016-04-28 04:00:00,336,49.625,44.0,64.0
5577150313,2016-04-28 05:00:00,414,62.64492753623188,41.0,147.0
5577150313,2016-04-28 06:00:00,357,101.58263305322129,79.0,128.0
5577150313,2016-04-28 07:00:00,365,74.36438356164383,57.0,115.0
5577150313,2016-04-28 08:00:00,377,69.0132625994695,51.0,109.0
5577150313,2016-04-28 09:00:00,364,61.892857142857146,52.0,88.0
5577150313,2016-04-28 10:00:00,381,65.52230971128608,51.0,112.0
5577150313,2016-04-28 11:00:00,211,131.9383886255924,96.0,171.0
5577150313,2016-04-28 13:00:00,672,89.14136904761905,65.0,128.0
5577150313,2016-04-28 14:00:00,1016,78.65846456692914,53.0,102.0
5577150313,2016-04-28 15:00:00,397,76.52896725440806,55.0,123.0
5577150313,2016-04-28 16:00:00,347,67.55619596541787,55.0,102.0
5577150313,2016-04-28 17:00:00,388,73.24226804123711,57.0,114.0
5577150313,2016-04-28 18:00:00,341,61.7008797653959,54.0,80.0
5577150313,2016-04-28 19:00:00,420,93.47857142857143,58.0,124.0
5577150313,2016-04-28 20:00:00,365,67.57808219178082,57.0,115.0
5577150313,2016-04-28 21:00:00,353,62.92917847025496,54.0,97.0
5577150313,2016-04-28 22:00:00,310,53.06774193548387,49.0,60.0
5577150313,2016-04-28 23:00:00,326,51.46319018404908,47.0,64.0
5577150313,2016-04-29 00:00:00,313,52.031948881789134,48.0,64.0
5577150313,2016-04-29 01:00:00,342,52.25438596491228,47.0,77.0
5577150313,2016-04-29 02:00:00,247,49.93927125506073,46.0,58.0
5577150313,2016-04-29 03:00:00,321,48.4797507788162,44.0,58.0
5577150313,2016-04-29 04:00:00,253,45.57707509881423,42.0,57.0
5577150313,2016-04-29 05:00:00,342,48.17251461988304,42.0,58.0
5577150313,2016-04-29 06:00:00,478,99.2907949790795,47.0,124.0
5577150313,2016-04-29 07:00:00,390,79.05128205128206,57.0,124.0
5577150313,2016-04-29 08:00:00,375,66.496,53.0,98.0
5577150313,2016-04-29 09:00:00,422,70.50473933649289,54.0,111.0
5577150313,2016-04-29 10:00:00,391,64.79539641943734,51.0,106.0
5577150313,2016-04-29 11:00:00,418,69.07177033492823,51.0,108.0
5577150313,2016-04-29 12:00:00,272,70.42647058823529,52.0,109.0
5577150313,2016-04-29 13:00:00,366,58.44808743169399,51.0,77.0
5577150313,2016-04-29 14:00:00,364,60.4478021978022,50.0,78.0
5577150313,2016-04-29 15:00:00,385,60.98701298701299,47.0,102.0
5577150313,2016-04-29 16:00:00,361,62.14404432132964,51.0,109.0
5577150313,2016-04-29 17:00:00,354,55.79943502824859,44.0,84.0
5577150313,2016-04-29 18:00:00,390,62.15897435897436,48.0,102.0
5577150313,2016-04-29 19:00:00,440,94.08863636363637,51.0,126.0
5577150313,2016-04-29 20:00:00,484,102.52066115702479,59.0,141.0
5577150313,2016-04-29 21:00:00,341,59.4633431085044,54.0,71.0
5577150313,2016-04-29 22:00:00,347,57.293948126801155,50.0,73.0
5577150313,2016-04-29 23:00:00,316,51.99050632911393,47.0,59.0
5577150313,2016-04-30 00:00:00,323,52.61300309597523,48.0,64.0
5577150313,2016-04-30 01:00:00,332,50.63253012048193,45.0,58.0
5577150313,2016-04-30 02:00:00,328,51.81707317073171,46.0,69.0
5577150313,2016-04-30 03:00:00,319,49.4012539184953,45.0,58.0
5577150313,2016-04-30 04:00:00,326,50.75460122699386,43.0,66.0
5577150313,2016-04-30 05:00:00,329,48.15501519756839,41.0,68.0
5577150313,2016-04-30 06:00:00,343,53.690962099125365,47.0,82.0
5577150313,2016-04-30 07:00:00,392,61.47704081632653,48.0,103.0
5577150313,2016-04-30 08:00:00,392,65.19132653061224,53.0,116.0
5577150313,2016-04-30 09:00:00,375,64.68,53.0,87.0
5577150313,2016-04-30 10:00:00,425,98.46117647058824,60.0,125.0
5577150313,2016-04-30 11:00:00,431,107.71461716937355,66.0,133.0
5577150313,2016-04-30 12:00:00,426,79.89671361502347,56.0,138.0
5577150313,2016-04-30 13:00:00,420,91.22142857142858,62.0,116.0
5577150313,2016-04-30 14:00:00,413,89.05326876513317,59.0,121.0
5577150313,2016-04-30 15:00:00,380,68.73157894736842,58.0,118.0
5577150313,2016-04-30 16:00:00,345,57.553623188405794,53.0,65.0
5577150313,2016-04-30 17:00:00,366,69.57650273224044,54.0,125.0
5577150313,2016-04-30 18:00:00,490,113.86326530612244,84.0,129.0
5577150313,2016-04-30 19:00:00,451,94.54767184035477,54.0,129.0
5577150313,2016-04-30 20:00:00,379,62.894459102902374,50.0,117.0
5577150313,2016-04-30 21:00:00,377,66.42440318302387,52.0,105.0
5577150313,2016-04-30 22:00:00,329,58.483282674772035,51.0,113.0
5577150313,2016-04-30 23:00:00,346,57.7514450867052,51.0,76.0
5577150313,2016-05-01 00:00:00,321,56.88785046728972,52.0,62.0
5577150313,2016-05-01 01:00:00,309,54.271844660194176,50.0,66.0
5577150313,2016-05-01 02:00:00,327,54.35168195718654,49.0,67.0
5577150313,2016-05-01 03:00:00,331,54.07552870090635,46.0,72.0
5577150313,2016-05-01 04:00:00,333,52.054054054054056,47.0,62.0
5577150313,2016-05-01 05:00:00,305,54.13442622950819,45.0,67.0
5577150313,2016-05-01 06:00:00,372,62.16129032258065,50.0,108.0
5577150313,2016-05-01 07:00:00,372,58.185483870967744,53.0,65.0
5577150313,2016-05-01 08:00:00,446,90.46636771300449,56.0,124.0
5577150313,2016-05-01 09:00:00,426,91.42488262910798,66.0,115.0
5577150313,2016-05-01 10:00:00,422,109.55450236966824,82.0,125.0
5577150313,2016-05-01 11:00:00,437,103.36384439359267,72.0,122.0
5577150313,2016-05-01 12:00:00,380,77.2578947368421,57.0,126.0
5577150313,2016-05-01 13:00:00,398,70.98241206030151,56.0,109.0
5577150313,2016-05-01 14:00:00,437,72.57894736842105,56.0,102.0
5577150313,2016-05-01 15:00:00,388,71.35309278350516,60.0,100.0
5577150313,2016-05-01 16:00:00,444,88.13513513513513,56.0,116.0
5577150313,2016-05-01 17:00:00,392,67.96938775510205,57.0,104.0
5577150313,2016-05-01 18:00:00,424,94.92216981132076,57.0,130.0
5577150313,2016-05-01 19:00:00,315,107.72063492063492,60.0,140.0
5577150313,2016-05-01 20:00:00,346,64.14161849710983,54.0,102.0
5577150313,2016-05-01 21:00:00,347,63.81844380403458,54.0,89.0
5577150313,2016-05-01 22:00:00,327,54.90214067278288,44.0,63.0
5577150313,2016-05-01 23:00:00,324,56.74691358024691,50.0,66.0
5577150313,2016-05-02 00:00:00,324,52.70987654320987,48.0,57.0
5577150313,2016-05-02 01:00:00,349,51.26361031518625,44.0,62.0
5577150313,2016-05-02 02:00:00,339,52.12684365781711,45.0,80.0
5577150313,2016-05-02 03:00:00,276,48.82608695652174,43.0,54.0
5577150313,2016-05-02 04:00:00,322,46.57453416149068,43.0,52.0
5577150313,2016-05-02 05:00:00,337,48.33827893175074,43.0,77.0
5577150313,2016-05-02 06:00:00,462,96.97186147186147,47.0,128.0
5577150313,2016-05-02 07:00:00,422,80.95260663507109,55.0,124.0
5577150313,2016-05-02 08:00:00,383,64.72323759791122,54.0,108.0
5577150313,2016-05-02 09:00:00,323,67.22600619195046,56.0,94.0
5577150313,2016-05-02 10:00:00,323,76.61919504643963,55.0,114.0
5577150313,2016-05-02 11:00:00,205,70.28292682926829,59.0,83.0
5577150313,2016-05-02 12:00:00,36,63.55555555555556,59.0,83.0
5577150313,2016-05-02 23:00:00,19,98.84210526315789,66.0,113.0
5577150313,2016-05-03 00:00:00,402,77.8905472636816,61.0,117.0
5577150313,2016-05-03 01:00:00,426,86.09859154929578,51.0,122.0
5577150313,2016-05-03 02:00:00,372,83.71505376344086,66.0,114.0
5577150313,2016-05-03 03:00:00,355,65.69859154929577,42.0,102.0
5577150313,2016-05-03 04:00:00,438,73.21689497716895,56.0,114.0
5577150313,2016-05-03 05:00:00,415,75.86746987951807,57.0,107.0
5577150313,2016-05-03 06:00:00,377,71.39522546419099,57.0,97.0
5577150313,2016-05-03 07:00:00,383,77.25848563968668,56.0,117.0
5577150313,2016-05-03 08:00:00,336,71.8422619047619,56.0,111.0
5577150313,2016-05-03 09:00:00,391,78.7237851662404,55.0,126.0
5577150313,2016-05-03 10:00:00,441,111.2358276643991,69.0,154.0
5577150313,2016-05-03 11:00:00,362,66.23480662983425,52.0,85.0
5577150313,2016-05-03 12:00:00,335,55.483582089552236,51.0,66.0
5577150313,2016-05-03 13:00:00,318,54.79245283018868,49.0,65.0
5577150313,2016-05-03 14:00:00,339,53.04719764011799,48.0,61.0
5577150313,2016-05-03 15:00:00,335,54.71940298507463,44.0,70.0
5577150313,2016-05-03 16:00:00,323,52.69969040247678,49.0,60.0
5577150313,2016-05-03 17:00:00,345,52.142028985507245,47.0,61.0
5577150313,2016-05-03 18:00:00,325,52.37538461538462,47.0,69.0
5577150313,2016-05-03 19:00:00,335,48.43283582089552,45.0,57.0
5577150313,2016-05-03 20:00:00,338,50.52662721893491,43.0,61.0
5577150313,2016-05-03 21:00:00,368,68.9945652173913,44.0,123.0
5577150313,2016-05-03 22:00:00,270,96.72592592592592,66.0,127.0
5577150313,2016-05-03 23:00:00,361,79.42382271468144,60.0,92.0
5577150313,2016-05-04 00:00:00,377,75.6790450928382,56.0,102.0
5577150313,2016-05-04 01:00:00,344,59.72093023255814,41.0,69.0
5577150313,2016-05-04 02:00:00,368,64.6195652173913,36.0,103.0
5577150313,2016-05-04 03:00:00,357,65.58263305322129,55.0,85.0
5577150313,2016-05-04 04:00:00,379,69.7018469656992,53.0,119.0
5577150313,2016-05-04 05:00:00,369,64.30352303523036,54.0,106.0
5577150313,2016-05-04 06:00:00,379,66.23218997361478,53.0,107.0
5577150313,2016-05-04 07:00:00,355,64.88450704225352,38.0,116.0
5577150313,2016-05-04 08:00:00,420,69.87142857142857,55.0,117.0
5577150313,2016-05-04 09:00:00,437,74.27688787185355,50.0,143.0
5577150313,2016-05-04 10:00:00,330,72.43030303030304,45.0,118.0
5577150313,2016-05-04 11:00:00,327,55.72477064220183,53.0,68.0
5577150313,2016-05-04 12:00:00,317,53.80757097791798,49.0,75.0
5577150313,2016-05-04 13:00:00,341,54.671554252199414,48.0,64.0
5577150313,2016-05-04 14:00:00,328,53.64329268292683,48.0,65.0
5577150313,2016-05-04 15:00:00,324,55.94444444444444,51.0,68.0
5577150313,2016-05-04 16:00:00,330,53.75454545454546,49.0,66.0
5577150313,2016-05-04 17:00:00,319,50.573667711598745,45.0,65.0
5577150313,2016-05-04 18:00:00,321,48.087227414330215,39.0,71.0
5577150313,2016-05-04 19:00:00,335,47.907462686567165,44.0,57.0
5577150313,2016-05-04 20:00:00,328,48.94512195121951,44.0,63.0
5577150313,2016-05-04 21:00:00,252,60.11507936507937,45.0,114.0
5577150313,2016-05-04 22:00:00,204,86.01960784313725,58.0,120.0
5577150313,2016-05-04 23:00:00,354,73.7231638418079,62.0,83.0
5577150313,2016-05-05 00:00:00,350,75.02571428571429,57.0,104.0
5577150313,2016-05-05 09:00:00,29,62.93103448275862,58.0,69.0
5577150313,2016-05-05 10:00:00,367,65.29972752043597,53.0,130.0
5577150313,2016-05-05 11:00:00,403,69.18858560794045,52.0,115.0
5577150313,2016-05-05 12:00:00,411,85.54257907542579,59.0,118.0
5577150313,2016-05-05 13:00:00,342,59.046783625730995,53.0,69.0
5577150313,2016-05-05 14:00:00,394,72.03553299492386,53.0,135.0
5577150313,2016-05-05 15:00:00,357,61.411764705882355,52.0,84.0
5577150313,2016-05-05 16:00:00,349,62.8567335243553,54.0,80.0
5577150313,2016-05-05 17:00:00,369,73.5230352303523,53.0,141.0
5577150313,2016-05-05 18:00:00,347,59.69164265129683,50.0,94.0
5577150313,2016-05-05 19:00:00,424,81.48820754716981,51.0,130.0
5577150313,2016-05-05 20:00:00,397,79.183879093199,62.0,118.0
5577150313,2016-05-05 21:00:00,395,88.43037974683544,55.0,122.0
5577150313,2016-05-06 06:00:00,10,100.7,70.0,112.0
5577150313,2016-05-06 07:00:00,450,89.11555555555556,58.0,130.0
5577150313,2016-05-06 08:00:00,415,73.63614457831325,54.0,119.0
5577150313,2016-05-06 09:00:00,347,57.90489913544668,51.0,69.0
5577150313,2016-05-06 10:00:00,390,72.86153846153846,53.0,134.0
5577150313,2016-05-06 11:00:00,413,83.64406779661017,64.0,124.0
5577150313,2016-05-06 12:00:00,418,77.44736842105263,56.0,119.0
5577150313,2016-05-06 13:00:00,356,61.20224719101124,50.0,79.0
5577150313,2016-05-06 14:00:00,359,59.139275766016716,52.0,90.0
5577150313,2016-05-06 15:00:00,337,56.12759643916914,48.0,64.0
5577150313,2016-05-06 16:00:00,219,58.178082191780824,49.0,95.0
5577150313,2016-05-09 11:00:00,22,78.54545454545455,71.0,102.0
5577150313,2016-05-09 12:00:00,411,78.20194647201946,56.0,130.0
5577150313,2016-05-09 13:00:00,384,67.16927083333333,56.0,88.0
5577150313,2016-05-09 14:00:00,400,80.4575,52.0,109.0
5577150313,2016-05-09 15:00:00,371,69.67924528301887,56.0,113.0
5577150313,2016-05-09 16:00:00,344,64.98837209302326,53.0,91.0
5577150313,2016-05-09 17:00:00,375,66.33333333333333,57.0,91.0
5577150313,2016-05-09 18:00:00,357,67.01680672268908,55.0,101.0
5577150313,2016-05-09 19:00:00,378,84.30952380952381,58.0,123.0
5577150313,2016-05-09 20:00:00,340,61.826470588235296,54.0,110.0
5577150313,2016-05-09 21:00:00,339,58.94100294985251,53.0,81.0
5577150313,2016-05-09 22:00:00,312,54.84935897435897,51.0,64.0
5577150313,2016-05-09 23:00:00,340,55.01176470588236,51.0,69.0
5577150313,2016-05-10 00:00:00,317,55.36593059936909,50.0,66.0
5577150313,2016-05-10 01:00:00,320,54.10625,51.0,58.0
5577150313,2016-05-10 02:00:00,327,53.25076452599389,47.0,69.0
5577150313,2016-05-10 03:00:00,316,50.39873417721519,46.0,54.0
5577150313,2016-05-10 04:00:00,327,47.22935779816514,44.0,58.0
5577150313,2016-05-10 05:00:00,346,50.77167630057804,42.0,82.0
5577150313,2016-05-10 06:00:00,464,97.69827586206897,64.0,131.0
5577150313,2016-05-10 07:00:00,371,73.00808625336927,58.0,121.0
5577150313,2016-05-10 08:00:00,390,84.00769230769231,53.0,120.0
5577150313,2016-05-10 09:00:00,421,78.08788598574822,57.0,113.0
5577150313,2016-05-10 10:00:00,381,66.9501312335958,56.0,108.0
5577150313,2016-05-10 11:00:00,419,93.72553699284009,57.0,172.0
5577150313,2016-05-10 12:00:00,348,72.41954022988506,63.0,86.0
5577150313,2016-05-10 13:00:00,379,69.31398416886543,49.0,108.0
5577150313,2016-05-10 14:00:00,1209,90.56079404466502,58.0,131.0
5577150313,2016-05-10 15:00:00,1410,86.79432624113475,57.0,125.0
5577150313,2016-05-10 16:00:00,1014,75.53353057199212,55.0,107.0
5577150313,2016-05-10 17:00:00,396,80.50757575757575,65.0,122.0
5577150313,2016-05-10 18:00:00,374,73.36363636363636,66.0,101.0
5577150313,2016-05-10 19:00:00,321,99.57009345794393,65.0,121.0
5577150313,2016-05-10 20:00:00,338,73.65976331360947,58.0,126.0
5577150313,2016-05-10 21:00:00,348,68.5,58.0,86.0
5577150313,2016-05-10 22:00:00,312,59.85576923076923,55.0,66.0
5577150313,2016-05-10 23:00:00,325,57.15384615384615,50.0,80.0
5577150313,2016-05-11 00:00:00,330,56.22121212121212,53.0,72.0
5577150313,2016-05-11 01:00:00,338,57.23372781065089,51.0,81.0
5577150313,2016-05-11 02:00:00,344,53.38662790697674,47.0,62.0
5577150313,2016-05-11 03:00:00,321,53.573208722741434,50.0,68.0
5577150313,2016-05-11 04:00:00,331,51.72809667673716,45.0,77.0
5577150313,2016-05-11 05:00:00,339,50.12684365781711,46.0,78.0
5577150313,2016-05-11 06:00:00,466,99.87982832618026,59.0,135.0
5577150313,2016-05-11 07:00:00,409,72.56234718826406,60.0,107.0
5577150313,2016-05-11 08:00:00,396,66.82070707070707,51.0,94.0
5577150313,2016-05-11 09:00:00,396,69.4419191919192,60.0,124.0
5577150313,2016-05-11 10:00:00,374,64.0427807486631,51.0,121.0
5577150313,2016-05-11 11:00:00,400,90.6875,55.0,173.0
5577150313,2016-05-11 12:00:00,30,65.2,62.0,73.0
6117666160,2016-04-15 11:00:00,262,104.29389312977099,86.0,137.0
6117666160,2016-04-15 12:00:00,518,100.09073359073359,82.0,123.0
6117666160,2016-04-15 13:00:00,465,93.86236559139785,78.0,112.0
6117666160,2016-04-15 14:00:00,419,100.26730310262529,85.0,126.0
6117666160,2016-04-15 15:00:00,434,99.463133640553,83.0,119.0
6117666160,2016-04-15 16:00:00,467,102.44753747323341,70.0,134.0
6117666160,2016-04-15 17:00:00,444,104.60810810810811,89.0,120.0
6117666160,2016-04-15 18:00:00,447,98.64876957494407,85.0,119.0
6117666160,2016-04-15 19:00:00,451,99.39024390243902,76.0,121.0
6117666160,2016-04-15 20:00:00,509,103.55402750491159,81.0,123.0
6117666160,2016-04-15 21:00:00,416,93.78365384615384,77.0,113.0
6117666160,2016-04-15 22:00:00,235,82.59574468085107,70.0,101.0
6117666160,2016-04-15 23:00:00,376,81.82712765957447,57.0,125.0
6117666160,2016-04-16 00:00:00,373,83.13941018766756,68.0,108.0
6117666160,2016-04-16 01:00:00,299,81.11705685618729,69.0,95.0
6117666160,2016-04-16 02:00:00,336,83.4077380952381,75.0,97.0
6117666160,2016-04-16 03:00:00,355,76.15774647887324,64.0,103.0
6117666160,2016-04-16 04:00:00,343,71.78134110787173,62.0,91.0
6117666160,2016-04-16 05:00:00,348,67.20977011494253,57.0,92.0
6117666160,2016-04-16 06:00:00,309,63.275080906148865,54.0,100.0
6117666160,2016-04-16 07:00:00,391,74.12531969309462,56.0,113.0
6117666160,2016-04-16 08:00:00,483,97.73291925465838,78.0,124.0
6117666160,2016-04-16 09:00:00,485,90.90927835051546,73.0,110.0
6117666160,2016-04-16 10:00:00,521,96.3953934740883,80.0,115.0
6117666160,2016-04-16 11:00:00,483,91.14285714285714,77.0,114.0
6117666160,2016-04-16 12:00:00,498,94.7710843373494,78.0,110.0
6117666160,2016-04-16 13:00:00,472,92.89194915254237,79.0,110.0
6117666160,2016-04-16 14:00:00,402,87.3731343283582,68.0,109.0
6117666160,2016-04-16 15:00:00,466,94.53862660944206,81.0,109.0
6117666160,2016-04-16 16:00:00,401,91.7281795511222,69.0,114.0
6117666160,2016-04-16 17:00:00,411,91.10218978102189,70.0,110.0
6117666160,2016-04-16 18:00:00,436,87.24311926605505,70.0,118.0
6117666160,2016-04-16 19:00:00,411,82.97323600973236,70.0,101.0
6117666160,2016-04-16 20:00:00,389,99.0719794344473,78.0,155.0
6117666160,2016-04-16 21:00:00,312,77.62179487179488,72.0,87.0
6117666160,2016-04-16 22:00:00,379,96.75725593667546,72.0,128.0
6117666160,2016-04-16 23:00:00,385,90.12207792207792,74.0,111.0
6117666160,2016-04-17 00:00:00,361,90.23822714681441,79.0,105.0
6117666160,2016-04-17 01:00:00,401,91.79800498753117,63.0,121.0
6117666160,2016-04-17 02:00:00,403,83.34491315136476,68.0,96.0
6117666160,2016-04-17 03:00:00,373,78.83109919571045,64.0,101.0
6117666160,2016-04-17 04:00:00,337,82.22255192878339,66.0,93.0
6117666160,2016-04-17 05:00:00,346,87.02890173410404,77.0,119.0
6117666160,2016-04-17 06:00:00,333,88.04504504504504,71.0,96.0
6117666160,2016-04-17 07:00:00,348,83.75,68.0,114.0
6117666160,2016-04-17 08:00:00,388,79.41752577319588,60.0,125.0
6117666160,2016-04-17 09:00:00,381,74.5485564304462,64.0,108.0
6117666160,2016-04-17 10:00:00,368,74.28260869565217,61.0,88.0
6117666160,2016-04-17 11:00:00,392,84.17602040816327,68.0,102.0
6117666160,2016-04-17 12:00:00,326,90.52147239263803,59.0,114.0
6117666160,2016-04-17 13:00:00,459,98.6797385620915,80.0,130.0
6117666160,2016-04-17 14:00:00,284,93.09154929577464,85.0,103.0
6117666160,2016-04-17 15:00:00,203,93.61083743842364,78.0,109.0
6117666160,2016-04-17 16:00:00,107,70.99065420560747,63.0,81.0
6117666160,2016-04-17 18:00:00,14,74.35714285714286,63.0,95.0
6117666160,2016-04-18 13:00:00,276,96.82971014492753,70.0,116.0
6117666160,2016-04-18 14:00:00,315,88.42539682539683,70.0,105.0
6117666160,2016-04-18 15:00:00,397,83.62720403022671,73.0,108.0
6117666160,2016-04-18 16:00:00,395,85.30632911392405,70.0,100.0
6117666160,2016-04-18 17:00:00,431,84.79582366589327,66.0,114.0
6117666160,2016-04-18 18:00:00,400,81.1025,66.0,108.0
6117666160,2016-04-18 19:00:00,448,85.24330357142857,62.0,105.0
6117666160,2016-04-18 20:00:00,346,78.90751445086705,62.0,115.0
6117666160,2016-04-18 21:00:00,354,73.35593220338983,61.0,82.0
6117666160,2016-04-18 22:00:00,381,77.47769028871392,63.0,104.0
6117666160,2016-04-18 23:00:00,382,80.05497382198953,62.0,115.0
6117666160,2016-04-19 00:00:00,325,75.23076923076923,67.0,97.0
6117666160,2016-04-19 01:00:00,329,75.73860182370821,64.0,85.0
6117666160,2016-04-19 02:00:00,345,68.25217391304348,61.0,79.0
6117666160,2016-04-19 03:00:00,332,67.71084337349397,59.0,93.0
6117666160,2016-04-19 04:00:00,355,61.8056338028169,53.0,75.0
6117666160,2016-04-19 05:00:00,349,60.722063037249285,53.0,91.0
6117666160,2016-04-19 06:00:00,341,59.79178885630498,53.0,87.0
6117666160,2016-04-19 07:00:00,358,62.42178770949721,54.0,121.0
6117666160,2016-04-19 08:00:00,372,88.89516129032258,54.0,113.0
6117666160,2016-04-19 09:00:00,376,83.07446808510639,62.0,119.0
6117666160,2016-04-19 10:00:00,418,95.48803827751196,70.0,117.0
6117666160,2016-04-19 11:00:00,423,87.82742316784869,66.0,115.0
6117666160,2016-04-19 12:00:00,351,84.74074074074075,65.0,112.0
6117666160,2016-04-19 13:00:00,379,92.7994722955145,76.0,109.0
6117666160,2016-04-19 14:00:00,426,91.27464788732394,65.0,110.0
6117666160,2016-04-19 15:00:00,426,97.65962441314554,82.0,116.0
6117666160,2016-04-19 16:00:00,426,98.07042253521126,70.0,119.0
6117666160,2016-04-19 17:00:00,463,98.7170626349892,79.0,124.0
6117666160,2016-04-19 18:00:00,423,93.38297872340425,68.0,118.0
6117666160,2016-04-19 19:00:00,457,95.54923413566739,78.0,116.0
6117666160,2016-04-19 20:00:00,416,94.25961538461539,66.0,117.0
6117666160,2016-04-19 21:00:00,379,83.40633245382585,64.0,116.0
6117666160,2016-04-19 22:00:00,372,80.59946236559139,62.0,101.0
6117666160,2016-04-19 23:00:00,328,79.85975609756098,65.0,116.0
6117666160,2016-04-20 00:00:00,308,82.59740259740259,69.0,97.0
6117666160,2016-04-20 01:00:00,306,83.70915032679738,66.0,99.0
6117666160,2016-04-20 02:00:00,341,68.158357771261,56.0,87.0
6117666160,2016-04-20 03:00:00,346,68.26878612716763,59.0,87.0
6117666160,2016-04-20 04:00:00,351,61.55840455840456,52.0,84.0
6117666160,2016-04-20 05:00:00,350,65.12571428571428,55.0,80.0
6117666160,2016-04-20 06:00:00,353,61.91784702549575,52.0,84.0
6117666160,2016-04-20 07:00:00,391,72.63427109974424,55.0,101.0
6117666160,2016-04-20 08:00:00,398,82.09045226130654,68.0,123.0
6117666160,2016-04-20 09:00:00,422,85.82227488151659,69.0,105.0
6117666160,2016-04-20 10:00:00,417,90.8369304556355,75.0,110.0
6117666160,2016-04-20 11:00:00,402,86.67164179104478,72.0,107.0
6117666160,2016-04-20 12:00:00,421,89.71733966745843,76.0,106.0
6117666160,2016-04-20 13:00:00,395,90.1746835443038,78.0,105.0
6117666160,2016-04-20 14:00:00,424,91.18867924528301,71.0,112.0
6117666160,2016-04-20 15:00:00,465,106.09032258064516,75.0,181.0
6117666160,2016-04-20 16:00:00,462,119.45887445887446,82.0,180.0
6117666160,2016-04-20 17:00:00,406,93.98029556650246,80.0,115.0
6117666160,2016-04-20 18:00:00,340,99.03529411764706,70.0,115.0
6117666160,2016-04-20 19:00:00,400,96.02,81.0,113.0
6117666160,2016-04-20 20:00:00,380,93.46315789473684,79.0,114.0
6117666160,2016-04-20 21:00:00,352,84.53977272727273,73.0,98.0
6117666160,2016-04-20 22:00:00,358,78.1731843575419,71.0,89.0
6117666160,2016-04-20 23:00:00,394,78.28172588832487,62.0,97.0
6117666160,2016-04-21 00:00:00,337,74.07418397626112,64.0,88.0
6117666160,2016-04-21 01:00:00,345,67.80289855072463,57.0,82.0
6117666160,2016-04-21 02:00:00,337,62.25519287833828,55.0,76.0
6117666160,2016-04-21 03:00:00,358,60.773743016759774,53.0,110.0
6117666160,2016-04-21 04:00:00,350,65.07714285714286,56.0,92.0
6117666160,2016-04-21 05:00:00,340,61.705882352941174,52.0,80.0
6117666160,2016-04-21 06:00:00,336,63.279761904761905,54.0,89.0
6117666160,2016-04-21 07:00:00,344,63.54651162790697,54.0,84.0
6117666160,2016-04-21 08:00:00,346,65.47398843930635,55.0,83.0
6117666160,2016-04-21 09:00:00,411,81.71046228710462,66.0,103.0
6117666160,2016-04-21 10:00:00,467,102.97858672376874,64.0,154.0
6117666160,2016-04-21 11:00:00,320,85.765625,65.0,99.0
6117666160,2016-04-21 12:00:00,426,95.17370892018779,77.0,132.0
6117666160,2016-04-21 13:00:00,463,93.23110151187905,76.0,116.0
6117666160,2016-04-21 14:00:00,445,92.07191011235955,60.0,118.0
6117666160,2016-04-21 15:00:00,463,89.47084233261339,62.0,113.0
6117666160,2016-04-21 16:00:00,212,88.33018867924528,75.0,116.0
6117666160,2016-04-21 17:00:00,228,85.95175438596492,65.0,104.0
6117666160,2016-04-21 21:00:00,102,88.13725490196079,74.0,109.0
6117666160,2016-04-21 22:00:00,392,83.9795918367347,69.0,98.0
6117666160,2016-04-21 23:00:00,394,83.14213197969544,69.0,97.0
6117666160,2016-04-22 00:00:00,364,93.36813186813187,84.0,108.0
6117666160,2016-04-22 01:00:00,336,93.46428571428571,76.0,109.0
6117666160,2016-04-22 02:00:00,303,76.25742574257426,71.0,97.0
6117666160,2016-04-22 03:00:00,340,73.84705882352941,61.0,94.0
6117666160,2016-04-22 04:00:00,340,72.51470588235294,65.0,86.0
6117666160,2016-04-22 05:00:00,349,65.22636103151862,56.0,88.0
6117666160,2016-04-22 06:00:00,346,62.190751445086704,53.0,92.0
6117666160,2016-04-22 07:00:00,351,68.5982905982906,56.0,100.0
6117666160,2016-04-22 08:00:00,354,63.059322033898304,55.0,90.0
6117666160,2016-04-22 09:00:00,370,72.66756756756757,56.0,101.0
6117666160,2016-04-22 10:00:00,415,85.26746987951807,70.0,100.0
6117666160,2016-04-22 11:00:00,366,85.8688524590164,72.0,105.0
6117666160,2016-04-22 12:00:00,278,91.23741007194245,69.0,123.0
6117666160,2016-04-22 13:00:00,421,86.16152019002375,67.0,113.0
6117666160,2016-04-22 14:00:00,406,82.30295566502463,69.0,108.0
6117666160,2016-04-22 15:00:00,418,87.4066985645933,70.0,108.0
6117666160,2016-04-22 16:00:00,392,87.65816326530613,72.0,107.0
6117666160,2016-04-22 17:00:00,430,90.88139534883722,68.0,139.0
6117666160,2016-04-22 18:00:00,433,89.17782909930716,61.0,111.0
6117666160,2016-04-22 19:00:00,414,95.34057971014492,81.0,113.0
6117666160,2016-04-22 20:00:00,437,94.20823798627002,77.0,113.0
6117666160,2016-04-22 21:00:00,409,83.22738386308069,64.0,100.0
6117666160,2016-04-22 22:00:00,391,76.70076726342711,61.0,108.0
6117666160,2016-04-22 23:00:00,349,72.61318051575931,64.0,95.0
6117666160,2016-04-23 00:00:00,311,70.20578778135048,61.0,78.0
6117666160,2016-04-23 01:00:00,332,71.40361445783132,62.0,87.0
6117666160,2016-04-23 02:00:00,373,68.27613941018767,57.0,95.0
6117666160,2016-04-23 03:00:00,327,62.718654434250766,55.0,87.0
6117666160,2016-04-23 04:00:00,330,62.0,54.0,76.0
6117666160,2016-04-23 05:00:00,348,63.66954022988506,55.0,71.0
6117666160,2016-04-23 06:00:00,330,61.554545454545455,55.0,94.0
6117666160,2016-04-23 07:00:00,365,68.12328767123287,55.0,102.0
6117666160,2016-04-23 08:00:00,400,82.74,64.0,107.0
6117666160,2016-04-23 09:00:00,425,89.96235294117648,77.0,112.0
6117666160,2016-04-23 10:00:00,447,88.08053691275168,75.0,108.0
6117666160,2016-04-23 11:00:00,458,90.76419213973799,79.0,113.0
6117666160,2016-04-23 12:00:00,431,92.0139211136891,77.0,108.0
6117666160,2016-04-23 13:00:00,420,90.33333333333333,75.0,116.0
6117666160,2016-04-23 14:00:00,436,88.68348623853211,62.0,108.0
6117666160,2016-04-23 15:00:00,451,90.65188470066519,65.0,121.0
6117666160,2016-04-23 16:00:00,444,91.15765765765765,70.0,114.0
6117666160,2016-04-23 17:00:00,479,88.74530271398747,62.0,111.0
6117666160,2016-04-23 18:00:00,432,89.9375,69.0,111.0
6117666160,2016-04-23 19:00:00,379,85.86015831134564,72.0,105.0
6117666160,2016-04-23 20:00:00,410,87.9829268292683,57.0,118.0
6117666160,2016-04-23 21:00:00,371,81.33153638814017,72.0,95.0
6117666160,2016-04-23 22:00:00,360,80.79444444444445,67.0,92.0
6117666160,2016-04-23 23:00:00,391,88.29667519181585,69.0,119.0
6117666160,2016-04-24 00:00:00,407,84.8943488943489,69.0,129.0
6117666160,2016-04-24 01:00:00,392,84.09948979591837,69.0,118.0
6117666160,2016-04-24 02:00:00,346,79.82080924855491,66.0,92.0
6117666160,2016-04-24 03:00:00,340,77.97058823529412,68.0,96.0
6117666160,2016-04-24 04:00:00,331,75.0392749244713,59.0,89.0
6117666160,2016-04-24 05:00:00,327,69.74311926605505,59.0,78.0
6117666160,2016-04-24 06:00:00,335,71.20298507462687,56.0,95.0
6117666160,2016-04-24 07:00:00,353,75.08498583569406,55.0,95.0
6117666160,2016-04-24 08:00:00,389,83.47043701799485,57.0,115.0
6117666160,2016-04-24 09:00:00,418,93.30622009569377,78.0,115.0
6117666160,2016-04-24 10:00:00,442,99.07239819004525,83.0,115.0
6117666160,2016-04-24 11:00:00,396,86.6540404040404,60.0,102.0
6117666160,2016-04-24 12:00:00,438,93.43835616438356,73.0,110.0
6117666160,2016-04-24 13:00:00,323,93.75851393188854,78.0,111.0
6117666160,2016-04-24 14:00:00,57,90.45614035087719,87.0,97.0
6117666160,2016-04-24 15:00:00,27,96.66666666666667,88.0,100.0
6117666160,2016-04-24 18:00:00,4,70.0,70.0,70.0
6117666160,2016-04-24 19:00:00,6,70.0,70.0,70.0
6117666160,2016-04-26 07:00:00,21,94.9047619047619,70.0,122.0
6117666160,2016-04-26 08:00:00,414,86.8840579710145,71.0,107.0
6117666160,2016-04-26 09:00:00,358,81.15083798882682,66.0,111.0
6117666160,2016-04-26 10:00:00,326,76.68711656441718,60.0,87.0
6117666160,2016-04-26 11:00:00,355,87.46197183098592,69.0,112.0
6117666160,2016-04-26 12:00:00,460,95.9304347826087,77.0,116.0
6117666160,2016-04-26 13:00:00,433,92.89376443418014,67.0,112.0
6117666160,2016-04-26 14:00:00,374,89.71390374331551,67.0,106.0
6117666160,2016-04-26 15:00:00,405,97.8,72.0,124.0
6117666160,2016-04-26 16:00:00,400,101.7925,69.0,136.0
6117666160,2016-04-26 17:00:00,460,98.57826086956521,81.0,120.0
6117666160,2016-04-26 18:00:00,446,98.37219730941705,83.0,115.0
6117666160,2016-04-26 19:00:00,402,96.72139303482587,84.0,114.0
6117666160,2016-04-26 20:00:00,421,96.14489311163895,71.0,117.0
6117666160,2016-04-26 21:00:00,354,79.16666666666667,70.0,103.0
6117666160,2016-04-26 22:00:00,364,80.33516483516483,68.0,102.0
6117666160,2016-04-26 23:00:00,379,79.12664907651715,61.0,113.0
6117666160,2016-04-27 00:00:00,346,69.27745664739885,58.0,86.0
6117666160,2016-04-27 01:00:00,354,69.51694915254237,59.0,81.0
6117666160,2016-04-27 02:00:00,352,63.50284090909091,55.0,87.0
6117666160,2016-04-27 03:00:00,328,64.13414634146342,56.0,83.0
6117666160,2016-04-27 04:00:00,354,60.92655367231639,54.0,71.0
6117666160,2016-04-27 05:00:00,354,62.056497175141246,52.0,90.0
6117666160,2016-04-27 06:00:00,356,67.7752808988764,58.0,87.0
6117666160,2016-04-27 07:00:00,352,63.78409090909091,53.0,94.0
6117666160,2016-04-27 08:00:00,361,71.46814404432133,58.0,93.0
6117666160,2016-04-27 09:00:00,387,82.54263565891473,59.0,110.0
6117666160,2016-04-27 10:00:00,334,78.97604790419162,65.0,91.0
6117666160,2016-04-27 11:00:00,410,90.33170731707317,76.0,115.0
6117666160,2016-04-27 12:00:00,294,100.75510204081633,89.0,119.0
6117666160,2016-04-27 13:00:00,460,98.27826086956522,82.0,121.0
6117666160,2016-04-27 14:00:00,431,94.69837587006961,79.0,116.0
6117666160,2016-04-27 15:00:00,476,92.28361344537815,60.0,115.0
6117666160,2016-04-27 16:00:00,416,91.20913461538461,66.0,120.0
6117666160,2016-04-27 17:00:00,421,98.24703087885986,79.0,121.0
6117666160,2016-04-27 18:00:00,409,101.46699266503667,85.0,126.0
6117666160,2016-04-27 19:00:00,421,94.59857482185274,78.0,121.0
6117666160,2016-04-27 20:00:00,433,95.78752886836028,80.0,111.0
6117666160,2016-04-27 21:00:00,386,90.89896373056995,73.0,119.0
6117666160,2016-04-27 22:00:00,368,84.72282608695652,62.0,113.0
6117666160,2016-04-27 23:00:00,369,85.24932249322494,69.0,108.0
6117666160,2016-04-28 00:00:00,328,82.22865853658537,66.0,94.0
6117666160,2016-04-28 01:00:00,335,77.16119402985075,63.0,89.0
6117666160,2016-04-28 02:00:00,338,68.70414201183432,61.0,84.0
6117666160,2016-04-28 03:00:00,359,65.7966573816156,57.0,106.0
6117666160,2016-04-28 04:00:00,326,64.6717791411043,55.0,82.0
6117666160,2016-04-28 05:00:00,337,61.93471810089021,54.0,99.0
6117666160,2016-04-28 06:00:00,356,63.88483146067416,55.0,83.0
6117666160,2016-04-28 07:00:00,361,71.13296398891967,62.0,86.0
6117666160,2016-04-28 08:00:00,387,77.34625322997417,63.0,111.0
6117666160,2016-04-28 09:00:00,337,79.69139465875371,70.0,110.0
6117666160,2016-04-28 10:00:00,416,93.79086538461539,72.0,112.0
6117666160,2016-04-28 11:00:00,261,78.59386973180077,59.0,100.0
6117666160,2016-04-28 12:00:00,349,84.40114613180516,75.0,94.0
6117666160,2016-04-28 13:00:00,383,85.06788511749347,72.0,99.0
6117666160,2016-04-28 14:00:00,358,85.31564245810056,79.0,91.0
6117666160,2016-04-28 15:00:00,355,86.28169014084507,78.0,108.0
6117666160,2016-04-28 16:00:00,411,92.9051094890511,66.0,145.0
6117666160,2016-04-28 17:00:00,429,95.7016317016317,70.0,126.0
6117666160,2016-04-28 18:00:00,369,82.1680216802168,64.0,100.0
6117666160,2016-04-28 19:00:00,383,87.37859007832898,69.0,103.0
6117666160,2016-04-28 20:00:00,80,90.125,79.0,100.0
6117666160,2016-04-28 21:00:00,104,83.75,70.0,116.0
6117666160,2016-04-28 22:00:00,332,79.13253012048193,69.0,95.0
6117666160,2016-04-28 23:00:00,350,84.28285714285714,76.0,100.0
6117666160,2016-04-29 00:00:00,349,73.99140401146131,68.0,82.0
6117666160,2016-04-29 01:00:00,353,77.95467422096317,70.0,87.0
6117666160,2016-04-29 02:00:00,326,69.57055214723927,60.0,81.0
6117666160,2016-04-29 03:00:00,343,64.82507288629738,56.0,78.0
6117666160,2016-04-29 04:00:00,350,66.24857142857142,57.0,79.0
6117666160,2016-04-29 05:00:00,345,65.88115942028986,56.0,94.0
6117666160,2016-04-29 06:00:00,353,62.07365439093484,55.0,89.0
6117666160,2016-04-29 07:00:00,350,63.52571428571429,55.0,89.0
6117666160,2016-04-29 08:00:00,379,75.56992084432717,56.0,103.0
6117666160,2016-04-29 09:00:00,294,79.81632653061224,64.0,95.0
6117666160,2016-04-29 10:00:00,343,86.67638483965014,64.0,115.0
6117666160,2016-04-29 11:00:00,369,93.22493224932249,66.0,115.0
6117666160,2016-04-29 12:00:00,443,97.3589164785553,78.0,119.0
6117666160,2016-04-29 13:00:00,442,94.11538461538461,64.0,116.0
6117666160,2016-04-29 14:00:00,457,91.24507658643326,74.0,115.0
6117666160,2016-04-29 15:00:00,436,90.4151376146789,71.0,108.0
6117666160,2016-04-29 16:00:00,420,89.8047619047619,63.0,114.0
6117666160,2016-04-29 17:00:00,441,93.01133786848072,73.0,117.0
6117666160,2016-04-29 18:00:00,412,90.74029126213593,70.0,110.0
6117666160,2016-04-29 19:00:00,448,90.84375,74.0,109.0
6117666160,2016-04-29 20:00:00,402,90.54726368159204,69.0,121.0
6117666160,2016-04-29 21:00:00,374,77.77807486631016,67.0,100.0
6117666160,2016-04-29 22:00:00,386,80.88341968911917,65.0,98.0
6117666160,2016-04-29 23:00:00,365,83.06301369863014,74.0,97.0
6117666160,2016-04-30 00:00:00,147,92.76190476190476,70.0,110.0
6117666160,2016-04-30 05:00:00,18,70.0,70.0,70.0
6117666160,2016-04-30 09:00:00,45,74.6,70.0,79.0
6117666160,2016-04-30 10:00:00,270,86.21111111111111,66.0,107.0
6117666160,2016-04-30 11:00:00,390,81.52820512820513,63.0,106.0
6117666160,2016-04-30 12:00:00,428,84.06542056074767,70.0,100.0
6117666160,2016-04-30 13:00:00,426,87.53286384976526,76.0,108.0
6117666160,2016-04-30 14:00:00,402,86.42786069651741,75.0,104.0
6117666160,2016-04-30 15:00:00,404,90.23019801980197,75.0,126.0
6117666160,2016-04-30 16:00:00,404,86.22524752475248,66.0,103.0
6117666160,2016-04-30 17:00:00,416,88.3389423076923,66.0,105.0
6117666160,2016-04-30 18:00:00,392,85.08928571428571,53.0,102.0
6117666160,2016-04-30 19:00:00,402,88.38805970149254,58.0,111.0
6117666160,2016-04-30 20:00:00,419,89.0692124105012,72.0,109.0
6117666160,2016-04-30 21:00:00,373,93.04825737265415,56.0,189.0
6117666160,2016-04-30 22:00:00,394,78.70304568527919,63.0,117.0
6117666160,2016-04-30 23:00:00,353,67.18980169971671,58.0,86.0
6117666160,2016-05-01 00:00:00,344,81.48546511627907,62.0,98.0
6117666160,2016-05-01 01:00:00,342,74.33333333333333,62.0,86.0
6117666160,2016-05-01 02:00:00,394,78.80710659898477,60.0,114.0
6117666160,2016-05-01 03:00:00,346,70.3092485549133,55.0,79.0
6117666160,2016-05-01 04:00:00,316,70.7753164556962,60.0,82.0
6117666160,2016-05-01 05:00:00,293,68.41296928327645,60.0,91.0
6117666160,2016-05-01 06:00:00,344,68.91279069767442,59.0,88.0
6117666160,2016-05-01 07:00:00,348,67.04310344827586,56.0,86.0
6117666160,2016-05-01 08:00:00,358,69.7122905027933,55.0,84.0
6117666160,2016-05-01 09:00:00,411,81.17518248175182,61.0,108.0
6117666160,2016-05-01 10:00:00,437,84.84210526315789,67.0,112.0
6117666160,2016-05-01 11:00:00,428,88.15420560747664,74.0,109.0
6117666160,2016-05-01 12:00:00,324,86.38271604938272,75.0,101.0
6117666160,2016-05-01 13:00:00,189,91.4074074074074,80.0,105.0
6117666160,2016-05-01 14:00:00,53,89.32075471698113,86.0,97.0
6117666160,2016-05-01 15:00:00,19,84.89473684210526,79.0,94.0
6117666160,2016-05-02 03:00:00,198,86.86363636363636,61.0,113.0
6117666160,2016-05-02 04:00:00,447,87.95973154362416,69.0,123.0
6117666160,2016-05-02 05:00:00,420,92.84285714285714,75.0,110.0
6117666160,2016-05-02 06:00:00,447,88.2192393736018,69.0,112.0
6117666160,2016-05-02 07:00:00,420,93.00952380952381,68.0,114.0
6117666160,2016-05-02 08:00:00,435,97.02068965517242,75.0,114.0
6117666160,2016-05-02 09:00:00,162,96.43827160493827,72.0,112.0
6117666160,2016-05-04 18:00:00,312,102.48397435897436,76.0,115.0
6117666160,2016-05-04 19:00:00,433,105.71824480369516,78.0,122.0
6117666160,2016-05-04 20:00:00,421,94.36104513064133,68.0,124.0
6117666160,2016-05-04 21:00:00,383,87.3733681462141,64.0,111.0
6117666160,2016-05-04 22:00:00,340,84.78529411764706,69.0,106.0
6117666160,2016-05-04 23:00:00,381,81.65354330708661,62.0,110.0
6117666160,2016-05-05 00:00:00,344,83.15697674418605,67.0,92.0
6117666160,2016-05-05 01:00:00,338,72.48224852071006,64.0,88.0
6117666160,2016-05-05 02:00:00,339,67.6165191740413,57.0,85.0
6117666160,2016-05-05 03:00:00,349,64.84240687679083,55.0,98.0
6117666160,2016-05-05 04:00:00,347,59.07780979827089,53.0,83.0
6117666160,2016-05-05 05:00:00,347,60.09798270893372,53.0,106.0
6117666160,2016-05-05 06:00:00,353,62.55807365439094,52.0,85.0
6117666160,2016-05-05 07:00:00,417,82.32853717026379,55.0,118.0
6117666160,2016-05-05 08:00:00,371,82.37196765498652,66.0,109.0
6117666160,2016-05-05 09:00:00,451,95.41906873614191,78.0,113.0
6117666160,2016-05-05 10:00:00,457,92.417943107221,62.0,114.0
6117666160,2016-05-05 11:00:00,421,98.21852731591449,83.0,116.0
6117666160,2016-05-05 12:00:00,421,91.54394299287411,63.0,117.0
6117666160,2016-05-05 13:00:00,429,90.4009324009324,63.0,113.0
6117666160,2016-05-05 14:00:00,416,91.84615384615384,70.0,116.0
6117666160,2016-05-05 15:00:00,419,95.32696897374701,72.0,114.0
6117666160,2016-05-05 16:00:00,406,98.62807881773399,81.0,116.0
6117666160,2016-05-05 17:00:00,394,93.36040609137056,68.0,111.0
6117666160,2016-05-05 18:00:00,431,91.16937354988399,73.0,120.0
6117666160,2016-05-05 19:00:00,426,92.5680751173709,81.0,108.0
6117666160,2016-05-05 20:00:00,434,90.31336405529954,78.0,103.0
6117666160,2016-05-05 21:00:00,366,81.6584699453552,72.0,94.0
6117666160,2016-05-05 22:00:00,416,90.74759615384616,67.0,116.0
6117666160,2016-05-05 23:00:00,321,80.97507788161994,65.0,91.0
6117666160,2016-05-06 00:00:00,309,79.01618122977347,63.0,99.0
6117666160,2016-05-06 01:00:00,339,71.90265486725664,55.0,85.0
6117666160,2016-05-06 02:00:00,301,66.92358803986711,58.0,86.0
6117666160,2016-05-06 03:00:00,123,64.33333333333333,57.0,76.0
6117666160,2016-05-06 04:00:00,54,61.611111111111114,58.0,66.0
6117666160,2016-05-06 05:00:00,130,61.47692307692308,54.0,82.0
6117666160,2016-05-06 13:00:00,26,78.0,65.0,84.0
6117666160,2016-05-06 18:00:00,347,90.76368876080691,74.0,126.0
6117666160,2016-05-06 19:00:00,394,85.3730964467005,69.0,110.0
6117666160,2016-05-06 20:00:00,372,78.47311827956989,62.0,91.0
6117666160,2016-05-06 21:00:00,393,79.50381679389314,64.0,91.0
6117666160,2016-05-06 22:00:00,342,75.55555555555556,62.0,92.0
6117666160,2016-05-06 23:00:00,353,71.10198300283287,63.0,81.0
6117666160,2016-05-07 00:00:00,424,78.61556603773585,61.0,106.0
6117666160,2016-05-07 01:00:00,346,67.24566473988439,56.0,80.0
6117666160,2016-05-07 02:00:00,350,73.49142857142857,60.0,91.0
6117666160,2016-05-07 03:00:00,347,72.88760806916426,56.0,92.0
6117666160,2016-05-07 04:00:00,327,68.56269113149847,59.0,83.0
6117666160,2016-05-07 05:00:00,350,64.56571428571428,54.0,95.0
6117666160,2016-05-07 06:00:00,348,65.91379310344827,55.0,104.0
6117666160,2016-05-07 07:00:00,366,68.85792349726776,56.0,108.0
6117666160,2016-05-07 08:00:00,434,87.1589861751152,71.0,105.0
6117666160,2016-05-07 09:00:00,436,88.16055045871559,75.0,108.0
6117666160,2016-05-07 10:00:00,423,92.70212765957447,65.0,112.0
6117666160,2016-05-07 11:00:00,416,100.43028846153847,76.0,117.0
6117666160,2016-05-07 12:00:00,375,94.672,67.0,114.0
6117666160,2016-05-07 13:00:00,400,100.0325,79.0,122.0
6117666160,2016-05-07 14:00:00,414,104.03140096618357,85.0,121.0
6117666160,2016-05-07 15:00:00,386,93.86269430051813,81.0,108.0
6117666160,2016-05-07 16:00:00,386,88.6761658031088,65.0,107.0
6117666160,2016-05-07 17:00:00,400,91.625,68.0,118.0
6117666160,2016-05-07 18:00:00,365,82.21917808219177,66.0,122.0
6117666160,2016-05-07 19:00:00,374,82.13101604278074,63.0,99.0
6117666160,2016-05-07 20:00:00,331,85.51963746223565,74.0,93.0
6117666160,2016-05-07 21:00:00,353,89.80453257790369,71.0,126.0
6117666160,2016-05-07 22:00:00,347,82.51008645533142,76.0,90.0
6117666160,2016-05-07 23:00:00,346,73.7485549132948,61.0,97.0
6117666160,2016-05-08 00:00:00,375,76.22133333333333,64.0,98.0
6117666160,2016-05-08 01:00:00,326,73.09509202453988,52.0,86.0
6117666160,2016-05-08 02:00:00,340,66.62647058823529,58.0,84.0
6117666160,2016-05-08 03:00:00,338,66.7810650887574,55.0,83.0
6117666160,2016-05-08 04:00:00,343,67.74052478134111,55.0,93.0
6117666160,2016-05-08 05:00:00,349,64.58166189111748,55.0,86.0
6117666160,2016-05-08 06:00:00,343,64.56851311953353,55.0,92.0
6117666160,2016-05-08 07:00:00,349,66.60171919770774,57.0,93.0
6117666160,2016-05-08 08:00:00,337,70.81899109792285,57.0,86.0
6117666160,2016-05-08 09:00:00,415,88.6578313253012,64.0,118.0
6117666160,2016-05-08 10:00:00,414,91.20289855072464,79.0,108.0
6117666160,2016-05-08 11:00:00,400,89.19,70.0,106.0
6117666160,2016-05-08 12:00:00,409,87.68215158924205,72.0,103.0
6117666160,2016-05-08 13:00:00,401,87.12718204488777,65.0,105.0
6117666160,2016-05-08 14:00:00,367,81.7275204359673,57.0,101.0
6117666160,2016-05-08 15:00:00,445,92.38651685393259,77.0,113.0
6117666160,2016-05-08 16:00:00,422,86.32701421800948,57.0,116.0
6117666160,2016-05-08 17:00:00,477,92.97274633123689,63.0,114.0
6117666160,2016-05-08 18:00:00,485,94.37938144329897,68.0,111.0
6117666160,2016-05-08 19:00:00,378,75.77513227513228,63.0,95.0
6117666160,2016-05-08 20:00:00,356,80.52247191011236,67.0,94.0
6117666160,2016-05-08 21:00:00,352,87.61647727272727,74.0,106.0
6117666160,2016-05-08 22:00:00,418,91.05023923444976,67.0,115.0
6117666160,2016-05-08 23:00:00,334,80.06586826347305,71.0,94.0
6117666160,2016-05-09 00:00:00,339,74.1976401179941,63.0,100.0
6117666160,2016-05-09 01:00:00,310,67.9483870967742,57.0,79.0
6117666160,2016-05-09 02:00:00,354,63.217514124293785,54.0,103.0
6117666160,2016-05-09 03:00:00,359,62.476323119777156,54.0,85.0
6117666160,2016-05-09 04:00:00,350,64.72571428571429,58.0,102.0
6117666160,2016-05-09 05:00:00,346,60.96820809248555,52.0,102.0
6117666160,2016-05-09 06:00:00,335,64.22985074626865,54.0,82.0
6117666160,2016-05-09 07:00:00,410,77.16341463414633,53.0,105.0
6117666160,2016-05-09 08:00:00,410,83.35609756097561,70.0,104.0
6117666160,2016-05-09 09:00:00,427,89.74707259953162,75.0,108.0
6117666160,2016-05-09 10:00:00,455,88.08131868131868,67.0,106.0
6117666160,2016-05-09 11:00:00,432,88.39583333333333,75.0,100.0
6117666160,2016-05-09 12:00:00,423,94.13002364066193,66.0,113.0
6775888955,2016-04-13 02:00:00,122,76.86065573770492,63.0,106.0
6775888955,2016-04-13 03:00:00,323,66.07430340557275,56.0,90.0
6775888955,2016-04-13 04:00:00,351,69.55270655270655,58.0,135.0
6775888955,2016-04-13 05:00:00,349,66.63323782234957,57.0,82.0
6775888955,2016-04-13 06:00:00,345,65.24927536231884,55.0,102.0
6775888955,2016-04-13 07:00:00,382,77.66230366492147,59.0,119.0
6775888955,2016-04-13 08:00:00,380,96.15789473684211,64.0,130.0
6775888955,2016-04-13 09:00:00,361,77.39889196675901,67.0,90.0
6775888955,2016-04-13 10:00:00,83,85.49397590361446,73.0,101.0
6775888955,2016-04-13 16:00:00,8,70.0,70.0,70.0
6775888955,2016-04-13 18:00:00,2,70.0,70.0,70.0
6775888955,2016-04-13 19:00:00,131,100.3587786259542,89.0,116.0
6775888955,2016-04-13 20:00:00,400,96.675,83.0,132.0
6775888955,2016-04-13 21:00:00,361,88.88642659279779,79.0,104.0
6775888955,2016-04-13 22:00:00,394,99.87055837563452,82.0,124.0
6775888955,2016-04-13 23:00:00,379,93.59366754617415,72.0,116.0
6775888955,2016-04-14 00:00:00,348,76.4367816091954,69.0,89.0
6775888955,2016-04-14 01:00:00,332,75.0632530120482,67.0,96.0
6775888955,2016-04-14 02:00:00,352,73.18181818181819,62.0,102.0
6775888955,2016-04-14 03:00:00,343,69.27696793002916,59.0,92.0
6775888955,2016-04-14 04:00:00,344,69.25,60.0,90.0
6775888955,2016-04-14 05:00:00,346,65.54335260115607,58.0,75.0
6775888955,2016-04-14 06:00:00,357,65.29411764705883,57.0,98.0
6775888955,2016-04-14 07:00:00,379,75.17941952506597,57.0,121.0
6775888955,2016-04-14 08:00:00,431,86.05568445475637,61.0,134.0
6775888955,2016-04-14 09:00:00,381,72.54068241469817,61.0,105.0
6775888955,2016-04-14 10:00:00,387,75.90180878552971,62.0,119.0
6775888955,2016-04-14 11:00:00,342,71.68713450292398,60.0,87.0
6775888955,2016-04-14 12:00:00,259,93.34362934362935,67.0,118.0
6775888955,2016-04-14 20:00:00,318,111.30817610062893,70.0,126.0
6775888955,2016-04-14 21:00:00,412,93.8883495145631,77.0,126.0
6775888955,2016-04-14 22:00:00,373,86.76407506702412,69.0,108.0
6775888955,2016-04-14 23:00:00,395,88.2886075949367,78.0,120.0
6775888955,2016-04-15 00:00:00,352,81.5625,73.0,97.0
6775888955,2016-04-15 01:00:00,316,82.43354430379746,67.0,94.0
6775888955,2016-04-15 02:00:00,353,76.91784702549575,68.0,87.0
6775888955,2016-04-15 03:00:00,347,73.27089337175792,66.0,91.0
6775888955,2016-04-15 04:00:00,347,73.35446685878962,66.0,92.0
6775888955,2016-04-15 05:00:00,351,72.81481481481481,66.0,80.0
6775888955,2016-04-15 06:00:00,345,72.52173913043478,62.0,100.0
6775888955,2016-04-15 07:00:00,384,96.24479166666667,69.0,122.0
6775888955,2016-04-15 08:00:00,372,94.61559139784946,69.0,126.0
6775888955,2016-04-15 09:00:00,245,79.51836734693877,68.0,116.0
6775888955,2016-04-15 12:00:00,27,79.29629629629629,70.0,103.0
6775888955,2016-04-15 13:00:00,8,75.0,70.0,80.0
6775888955,2016-04-15 14:00:00,2,70.0,70.0,70.0
6775888955,2016-04-15 16:00:00,6,94.66666666666667,70.0,107.0
6775888955,2016-04-16 18:00:00,393,108.18575063613231,91.0,126.0
6775888955,2016-04-16 19:00:00,188,110.24468085106383,93.0,143.0
6775888955,2016-04-16 20:00:00,4,113.0,113.0,113.0
6775888955,2016-04-16 21:00:00,2,70.0,70.0,70.0
6775888955,2016-04-16 23:00:00,2,70.0,70.0,70.0
6775888955,2016-04-17 01:00:00,4,70.0,70.0,70.0
6775888955,2016-04-17 06:00:00,2,70.0,70.0,70.0
6775888955,2016-04-17 07:00:00,2,70.0,70.0,70.0
6775888955,2016-04-17 08:00:00,386,103.7279792746114,89.0,118.0
6775888955,2016-04-17 09:00:00,75,98.82666666666667,90.0,108.0
6775888955,2016-04-18 09:00:00,54,85.22222222222223,76.0,114.0
6775888955,2016-04-18 10:00:00,407,81.82555282555282,66.0,118.0
6775888955,2016-04-18 11:00:00,436,106.89678899082568,72.0,132.0
6775888955,2016-04-18 12:00:00,456,104.09429824561404,85.0,130.0
6775888955,2016-04-18 13:00:00,469,99.15778251599147,80.0,122.0
6775888955,2016-04-18 14:00:00,504,95.5734126984127,81.0,116.0
6775888955,2016-04-18 15:00:00,205,100.02926829268293,83.0,117.0
6775888955,2016-04-18 16:00:00,6,78.66666666666667,70.0,83.0
6775888955,2016-04-18 20:00:00,6,83.0,83.0,83.0
6775888955,2016-04-18 22:00:00,6,159.66666666666666,151.0,177.0
6775888955,2016-04-19 00:00:00,16,116.875,70.0,177.0
6775888955,2016-04-19 01:00:00,4,70.0,70.0,70.0
6775888955,2016-04-19 06:00:00,6,72.66666666666667,66.0,76.0
6775888955,2016-04-20 06:00:00,136,118.0220588235294,108.0,134.0
6775888955,2016-04-20 07:00:00,420,103.20476190476191,70.0,140.0
6775888955,2016-04-20 08:00:00,394,99.16243654822335,73.0,137.0
6775888955,2016-04-20 09:00:00,230,106.73478260869565,74.0,140.0
6775888955,2016-04-20 10:00:00,192,108.765625,85.0,121.0
6775888955,2016-04-20 11:00:00,419,110.94272076372314,84.0,128.0
6775888955,2016-04-20 12:00:00,386,102.37823834196891,81.0,124.0
6775888955,2016-04-20 13:00:00,412,104.40291262135922,81.0,126.0
6775888955,2016-04-20 14:00:00,453,99.87637969094922,86.0,123.0
6775888955,2016-04-20 15:00:00,406,109.96305418719211,89.0,155.0
6775888955,2016-04-20 16:00:00,433,110.18937644341801,85.0,130.0
6775888955,2016-04-20 17:00:00,372,103.13978494623656,72.0,117.0
6775888955,2016-04-20 18:00:00,136,108.46323529411765,89.0,126.0
6775888955,2016-04-22 07:00:00,23,110.8695652173913,103.0,123.0
6775888955,2016-04-22 08:00:00,317,89.4384858044164,66.0,116.0
6775888955,2016-04-24 11:00:00,150,111.58666666666667,98.0,121.0
6775888955,2016-04-24 12:00:00,4,113.0,113.0,113.0
6775888955,2016-04-24 16:00:00,6,84.33333333333333,70.0,113.0
6775888955,2016-04-24 17:00:00,4,70.0,70.0,70.0
6775888955,2016-04-24 18:00:00,183,109.95081967213115,94.0,140.0
6775888955,2016-04-25 09:00:00,141,118.70921985815603,107.0,131.0
6775888955,2016-04-25 10:00:00,405,93.79506172839505,73.0,124.0
6775888955,2016-04-25 11:00:00,437,88.82151029748283,71.0,117.0
6775888955,2016-04-25 12:00:00,509,96.63654223968565,70.0,124.0
6775888955,2016-04-25 13:00:00,266,94.32330827067669,70.0,127.0
6775888955,2016-04-25 15:00:00,2,70.0,70.0,70.0
6775888955,2016-04-25 18:00:00,2,70.0,70.0,70.0
6775888955,2016-04-25 21:00:00,43,64.46511627906976,58.0,70.0
6775888955,2016-04-26 05:00:00,264,116.51136363636364,94.0,143.0
6775888955,2016-04-26 06:00:00,295,117.55254237288136,87.0,143.0
6775888955,2016-04-26 07:00:00,2,87.0,87.0,87.0
6775888955,2016-04-26 08:00:00,380,103.30263157894737,75.0,131.0
6775888955,2016-04-26 09:00:00,74,92.24324324324324,72.0,124.0
6775888955,2016-04-26 10:00:00,20,71.1,70.0,74.0
6775888955,2016-04-26 11:00:00,74,64.5945945945946,60.0,75.0
6775888955,2016-04-26 12:00:00,300,72.29,56.0,92.0
6775888955,2016-04-26 13:00:00,58,65.36206896551724,61.0,70.0
6775888955,2016-04-26 17:00:00,2,66.0,66.0,66.0
6775888955,2016-04-26 18:00:00,75,114.98666666666666,66.0,133.0
6775888955,2016-04-26 19:00:00,107,115.99065420560747,107.0,134.0
6775888955,2016-04-28 02:00:00,2,70.0,70.0,70.0
6775888955,2016-04-28 07:00:00,4,70.0,70.0,70.0
6775888955,2016-04-28 08:00:00,2,70.0,70.0,70.0
6775888955,2016-04-28 13:00:00,42,113.21428571428571,70.0,134.0
6775888955,2016-04-28 14:00:00,245,106.31836734693877,75.0,133.0
6775888955,2016-04-28 16:00:00,8,70.0,70.0,70.0
6775888955,2016-04-28 18:00:00,4,70.0,70.0,70.0
6775888955,2016-04-28 20:00:00,2,76.0,76.0,76.0
6775888955,2016-04-29 06:00:00,2,89.0,89.0,89.0
6775888955,2016-04-29 08:00:00,2,70.0,70.0,70.0
6775888955,2016-04-29 14:00:00,5,71.2,71.0,72.0
6775888955,2016-04-29 16:00:00,10,88.0,70.0,109.0
6775888955,2016-04-30 06:00:00,2,70.0,70.0,70.0
6775888955,2016-04-30 09:00:00,10,70.0,70.0,70.0
6775888955,2016-04-30 16:00:00,8,70.0,70.0,70.0
6775888955,2016-04-30 19:00:00,246,110.6829268292683,70.0,125.0
6775888955,2016-04-30 20:00:00,329,91.8966565349544,84.0,106.0
6775888955,2016-04-30 21:00:00,403,100.08436724565757,89.0,117.0
6775888955,2016-04-30 22:00:00,387,91.01291989664082,68.0,117.0
6775888955,2016-04-30 23:00:00,426,93.01173708920187,82.0,115.0
6775888955,2016-05-01 00:00:00,207,99.70048309178743,78.0,126.0
6775888955,2016-05-01 01:00:00,12,78.0,70.0,94.0
6775888955,2016-05-01 09:00:00,4,70.0,70.0,70.0
6775888955,2016-05-01 10:00:00,2,70.0,70.0,70.0
6775888955,2016-05-01 12:00:00,329,105.72644376899696,70.0,125.0
6775888955,2016-05-01 13:00:00,116,119.31896551724138,112.0,129.0
6775888955,2016-05-01 16:00:00,174,105.27586206896552,70.0,129.0
6775888955,2016-05-01 17:00:00,241,113.31535269709543,89.0,127.0
6775888955,2016-05-06 18:00:00,396,99.74242424242425,71.0,132.0
6775888955,2016-05-06 19:00:00,350,99.24857142857142,85.0,121.0
6775888955,2016-05-06 20:00:00,385,105.2935064935065,84.0,135.0
6775888955,2016-05-06 21:00:00,400,100.2425,80.0,129.0
6775888955,2016-05-06 22:00:00,400,95.7625,80.0,114.0
6775888955,2016-05-06 23:00:00,399,93.14035087719299,73.0,128.0
6775888955,2016-05-07 00:00:00,83,111.06024096385542,100.0,118.0
6775888955,2016-05-07 07:00:00,205,101.94634146341464,70.0,117.0
6775888955,2016-05-07 08:00:00,433,97.13625866050808,83.0,118.0
6775888955,2016-05-07 09:00:00,358,83.70670391061452,74.0,92.0
6775888955,2016-05-07 10:00:00,48,84.25,76.0,94.0
6962181067,2016-04-12 00:00:00,316,72.9746835443038,66.0,88.0
6962181067,2016-04-12 01:00:00,310,71.08064516129032,67.0,96.0
6962181067,2016-04-12 02:00:00,309,70.05177993527508,60.0,78.0
6962181067,2016-04-12 03:00:00,304,67.90789473684211,64.0,82.0
6962181067,2016-04-12 04:00:00,307,64.00325732899023,60.0,70.0
6962181067,2016-04-12 05:00:00,317,66.56466876971609,60.0,85.0
6962181067,2016-04-12 06:00:00,330,68.02121212121212,61.0,86.0
6962181067,2016-04-12 07:00:00,414,77.72463768115942,65.0,98.0
6962181067,2016-04-12 08:00:00,370,74.09189189189189,59.0,96.0
6962181067,2016-04-12 09:00:00,1062,106.40207156308851,65.0,134.0
6962181067,2016-04-12 10:00:00,1057,118.879848628193,80.0,176.0
6962181067,2016-04-12 11:00:00,394,81.99492385786802,70.0,102.0
6962181067,2016-04-12 12:00:00,380,75.18684210526315,68.0,91.0
6962181067,2016-04-12 13:00:00,351,75.47293447293447,67.0,97.0
6962181067,2016-04-12 14:00:00,350,75.64,68.0,89.0
6962181067,2016-04-12 15:00:00,340,76.11764705882354,67.0,98.0
6962181067,2016-04-12 16:00:00,379,78.15831134564644,65.0,110.0
6962181067,2016-04-12 17:00:00,399,83.96992481203007,65.0,106.0
6962181067,2016-04-12 18:00:00,402,91.82835820895522,73.0,111.0
6962181067,2016-04-12 19:00:00,442,94.68778280542986,47.0,122.0
6962181067,2016-04-12 20:00:00,3,100.0,100.0,100.0
6962181067,2016-04-12 22:00:00,294,74.6734693877551,64.0,115.0
6962181067,2016-04-12 23:00:00,366,80.04371584699453,71.0,99.0
6962181067,2016-04-13 00:00:00,313,77.41533546325878,72.0,94.0
6962181067,2016-04-13 01:00:00,325,79.30461538461539,73.0,106.0
6962181067,2016-04-13 02:00:00,316,82.6993670886076,74.0,95.0
6962181067,2016-04-13 03:00:00,316,84.38291139240506,76.0,95.0
6962181067,2016-04-13 04:00:00,330,77.53636363636363,70.0,101.0
6962181067,2016-04-13 05:00:00,329,74.33434650455926,69.0,86.0
6962181067,2016-04-13 06:00:00,328,72.1859756097561,67.0,90.0
6962181067,2016-04-13 07:00:00,322,73.00931677018633,67.0,97.0
6962181067,2016-04-13 08:00:00,360,78.01388888888889,67.0,100.0
6962181067,2016-04-13 09:00:00,343,78.15160349854227,72.0,98.0
6962181067,2016-04-13 10:00:00,334,73.56586826347305,67.0,87.0
6962181067,2016-04-13 11:00:00,320,71.978125,68.0,97.0
6962181067,2016-04-13 12:00:00,374,81.25935828877006,73.0,96.0
6962181067,2016-04-13 13:00:00,107,92.0,77.0,116.0
6962181067,2016-04-13 14:00:00,182,81.68131868131869,70.0,133.0
6962181067,2016-04-13 15:00:00,462,90.6926406926407,73.0,112.0
6962181067,2016-04-13 16:00:00,427,82.8688524590164,73.0,98.0
6962181067,2016-04-13 17:00:00,483,92.87577639751552,65.0,120.0
6962181067,2016-04-13 18:00:00,458,92.28165938864629,71.0,149.0
6962181067,2016-04-13 19:00:00,343,77.88046647230321,68.0,93.0
6962181067,2016-04-13 20:00:00,423,83.91962174940899,59.0,106.0
6962181067,2016-04-13 21:00:00,368,76.52445652173913,69.0,94.0
6962181067,2016-04-13 22:00:00,388,81.48711340206185,70.0,103.0
6962181067,2016-04-13 23:00:00,315,68.4095238095238,61.0,84.0
6962181067,2016-04-14 00:00:00,303,66.01980198019803,63.0,73.0
6962181067,2016-04-14 01:00:00,320,69.49375,64.0,88.0
6962181067,2016-04-14 02:00:00,296,68.5945945945946,64.0,83.0
6962181067,2016-04-14 03:00:00,303,66.17821782178218,62.0,83.0
6962181067,2016-04-14 04:00:00,320,65.984375,63.0,81.0
6962181067,2016-04-14 05:00:00,332,66.25,60.0,101.0
6962181067,2016-04-14 06:00:00,314,67.63057324840764,63.0,93.0
6962181067,2016-04-14 07:00:00,320,66.578125,61.0,90.0
6962181067,2016-04-14 08:00:00,365,74.22739726027397,62.0,100.0
6962181067,2016-04-14 09:00:00,397,75.69773299748111,61.0,104.0
6962181067,2016-04-14 10:00:00,309,73.62459546925567,66.0,87.0
6962181067,2016-04-14 11:00:00,357,71.68627450980392,62.0,91.0
6962181067,2016-04-14 12:00:00,384,77.04166666666667,63.0,98.0
6962181067,2016-04-14 13:00:00,354,71.70056497175142,64.0,86.0
6962181067,2016-04-14 14:00:00,344,69.00581395348837,60.0,87.0
6962181067,2016-04-14 15:00:00,374,71.13903743315508,60.0,93.0
6962181067,2016-04-14 16:00:00,351,63.37891737891738,55.0,76.0
6962181067,2016-04-14 17:00:00,216,68.51851851851852,58.0,131.0
6962181067,2016-04-14 18:00:00,347,69.75504322766571,60.0,84.0
6962181067,2016-04-14 19:00:00,358,70.50279329608938,65.0,80.0
6962181067,2016-04-14 20:00:00,375,74.13066666666667,63.0,95.0
6962181067,2016-04-14 21:00:00,354,69.7768361581921,62.0,83.0
6962181067,2016-04-14 22:00:00,364,74.77747252747253,63.0,109.0
6962181067,2016-04-14 23:00:00,332,66.25,62.0,76.0
6962181067,2016-04-15 00:00:00,335,65.54029850746268,59.0,91.0
6962181067,2016-04-15 01:00:00,298,62.875838926174495,59.0,68.0
6962181067,2016-04-15 02:00:00,314,62.461783439490446,59.0,74.0
6962181067,2016-04-15 03:00:00,308,60.938311688311686,57.0,74.0
6962181067,2016-04-15 04:00:00,304,61.44407894736842,57.0,67.0
6962181067,2016-04-15 05:00:00,292,60.352739726027394,57.0,86.0
6962181067,2016-04-15 06:00:00,321,62.68535825545171,54.0,93.0
6962181067,2016-04-15 07:00:00,442,86.45701357466064,67.0,113.0
6962181067,2016-04-15 08:00:00,426,84.56572769953051,62.0,107.0
6962181067,2016-04-15 09:00:00,476,92.59243697478992,66.0,115.0
6962181067,2016-04-15 10:00:00,372,69.35752688172043,57.0,79.0
6962181067,2016-04-15 11:00:00,449,81.27394209354121,60.0,107.0
6962181067,2016-04-15 12:00:00,383,78.60574412532637,68.0,101.0
6962181067,2016-04-15 13:00:00,352,71.84943181818181,60.0,84.0
6962181067,2016-04-15 14:00:00,364,72.29945054945055,62.0,91.0
6962181067,2016-04-15 15:00:00,349,67.9570200573066,57.0,81.0
6962181067,2016-04-15 16:00:00,315,67.26031746031747,62.0,73.0
6962181067,2016-04-15 17:00:00,328,69.52439024390245,63.0,88.0
6962181067,2016-04-15 18:00:00,397,80.64483627204031,62.0,105.0
6962181067,2016-04-15 19:00:00,351,71.75783475783476,62.0,89.0
6962181067,2016-04-15 20:00:00,190,74.86842105263158,68.0,89.0
6962181067,2016-04-15 21:00:00,336,75.23809523809524,71.0,88.0
6962181067,2016-04-15 22:00:00,317,73.60567823343848,65.0,83.0
6962181067,2016-04-15 23:00:00,336,72.26190476190476,67.0,95.0
6962181067,2016-04-16 00:00:00,328,68.9390243902439,63.0,81.0
6962181067,2016-04-16 01:00:00,302,66.50662251655629,59.0,82.0
6962181067,2016-04-16 02:00:00,284,62.32394366197183,59.0,67.0
6962181067,2016-04-16 03:00:00,308,62.77597402597402,59.0,69.0
6962181067,2016-04-16 04:00:00,313,60.79233226837061,55.0,69.0
6962181067,2016-04-16 05:00:00,306,61.23202614379085,56.0,73.0
6962181067,2016-04-16 06:00:00,298,61.006711409395976,57.0,67.0
6962181067,2016-04-16 07:00:00,324,67.53703703703704,59.0,91.0
6962181067,2016-04-16 08:00:00,464,89.21767241379311,72.0,114.0
6962181067,2016-04-16 09:00:00,1518,113.38603425559947,87.0,142.0
6962181067,2016-04-16 10:00:00,487,96.31827515400411,72.0,126.0
6962181067,2016-04-16 11:00:00,441,88.86167800453515,69.0,107.0
6962181067,2016-04-16 12:00:00,386,81.82901554404145,69.0,108.0
6962181067,2016-04-16 13:00:00,355,76.74084507042254,62.0,100.0
6962181067,2016-04-16 14:00:00,358,74.91061452513966,68.0,89.0
6962181067,2016-04-16 15:00:00,414,83.14975845410628,69.0,105.0
6962181067,2016-04-16 16:00:00,394,80.4517766497462,71.0,95.0
6962181067,2016-04-16 17:00:00,401,81.0498753117207,69.0,113.0
6962181067,2016-04-16 18:00:00,400,82.555,67.0,97.0
6962181067,2016-04-16 19:00:00,428,92.33411214953271,69.0,134.0
6962181067,2016-04-16 20:00:00,286,76.67132867132867,66.0,102.0
6962181067,2016-04-16 21:00:00,348,70.28448275862068,63.0,81.0
6962181067,2016-04-16 22:00:00,366,68.64480874316939,63.0,86.0
6962181067,2016-04-16 23:00:00,371,67.55795148247978,60.0,93.0
6962181067,2016-04-17 00:00:00,294,63.564625850340136,60.0,72.0
6962181067,2016-04-17 01:00:00,302,63.705298013245034,59.0,68.0
6962181067,2016-04-17 02:00:00,302,64.54966887417218,59.0,81.0
6962181067,2016-04-17 03:00:00,312,66.02884615384616,61.0,81.0
6962181067,2016-04-17 04:00:00,306,64.43464052287581,59.0,89.0
6962181067,2016-04-17 05:00:00,294,63.85034013605442,58.0,79.0
6962181067,2016-04-17 06:00:00,293,64.34129692832765,61.0,83.0
6962181067,2016-04-17 07:00:00,332,72.45180722891567,58.0,96.0
6962181067,2016-04-17 08:00:00,437,84.11899313501144,61.0,116.0
6962181067,2016-04-17 09:00:00,365,83.9068493150685,69.0,139.0
6962181067,2016-04-17 10:00:00,439,80.54441913439635,61.0,110.0
6962181067,2016-04-17 11:00:00,420,76.82380952380953,60.0,110.0
6962181067,2016-04-17 12:00:00,464,84.50862068965517,63.0,104.0
6962181067,2016-04-17 13:00:00,415,76.90361445783132,65.0,107.0
6962181067,2016-04-17 14:00:00,348,75.1264367816092,63.0,89.0
6962181067,2016-04-17 15:00:00,490,91.65918367346939,68.0,122.0
6962181067,2016-04-17 16:00:00,455,91.74285714285715,69.0,113.0
6962181067,2016-04-17 17:00:00,451,84.10421286031043,64.0,104.0
6962181067,2016-04-17 18:00:00,456,83.28947368421052,62.0,112.0
6962181067,2016-04-17 19:00:00,375,85.18933333333334,66.0,132.0
6962181067,2016-04-17 21:00:00,54,73.74074074074075,59.0,118.0
6962181067,2016-04-17 22:00:00,355,66.84225352112676,60.0,80.0
6962181067,2016-04-17 23:00:00,306,64.40849673202614,59.0,75.0
6962181067,2016-04-18 00:00:00,281,65.29893238434164,60.0,75.0
6962181067,2016-04-18 01:00:00,311,63.131832797427656,59.0,72.0
6962181067,2016-04-18 02:00:00,309,63.724919093851135,59.0,68.0
6962181067,2016-04-18 03:00:00,318,63.965408805031444,58.0,92.0
6962181067,2016-04-18 04:00:00,310,59.303225806451614,55.0,63.0
6962181067,2016-04-18 05:00:00,320,61.490625,55.0,75.0
6962181067,2016-04-18 06:00:00,312,61.17307692307692,55.0,75.0
6962181067,2016-04-18 07:00:00,424,81.2004716981132,63.0,108.0
6962181067,2016-04-18 08:00:00,402,80.61940298507463,62.0,109.0
6962181067,2016-04-18 09:00:00,364,72.15934065934066,59.0,111.0
6962181067,2016-04-18 10:00:00,381,72.37270341207349,60.0,113.0
6962181067,2016-04-18 11:00:00,491,105.84317718940937,72.0,128.0
6962181067,2016-04-18 12:00:00,795,92.4566037735849,62.0,119.0
6962181067,2016-04-18 13:00:00,355,77.93239436619719,66.0,96.0
6962181067,2016-04-18 14:00:00,321,68.58255451713396,61.0,75.0
6962181067,2016-04-18 15:00:00,391,78.30690537084399,60.0,111.0
6962181067,2016-04-18 16:00:00,437,87.20137299771167,68.0,106.0
6962181067,2016-04-18 17:00:00,399,84.70676691729324,68.0,105.0
6962181067,2016-04-18 18:00:00,401,79.47630922693267,62.0,103.0
6962181067,2016-04-18 19:00:00,238,83.71008403361344,70.0,110.0
6962181067,2016-04-18 22:00:00,76,85.27631578947368,67.0,134.0
6962181067,2016-04-18 23:00:00,327,63.30275229357798,57.0,76.0
6962181067,2016-04-19 00:00:00,299,62.48494983277592,59.0,76.0
6962181067,2016-04-19 01:00:00,294,61.20748299319728,58.0,64.0
6962181067,2016-04-19 02:00:00,316,63.800632911392405,59.0,84.0
6962181067,2016-04-19 03:00:00,288,63.017361111111114,59.0,75.0
6962181067,2016-04-19 04:00:00,311,65.31189710610933,58.0,77.0
6962181067,2016-04-19 05:00:00,318,60.937106918238996,58.0,80.0
6962181067,2016-04-19 06:00:00,322,64.3944099378882,59.0,76.0
6962181067,2016-04-19 07:00:00,311,66.68167202572347,62.0,84.0
6962181067,2016-04-19 08:00:00,410,86.04634146341463,62.0,117.0
6962181067,2016-04-19 09:00:00,456,92.38815789473684,64.0,135.0
6962181067,2016-04-19 10:00:00,429,105.84848484848484,75.0,130.0
6962181067,2016-04-19 11:00:00,382,77.28795811518324,63.0,97.0
6962181067,2016-04-19 12:00:00,341,74.33137829912023,67.0,83.0
6962181067,2016-04-19 13:00:00,402,76.87064676616916,62.0,107.0
6962181067,2016-04-19 14:00:00,378,77.8015873015873,67.0,97.0
6962181067,2016-04-19 15:00:00,449,89.5456570155902,70.0,112.0
6962181067,2016-04-19 16:00:00,429,92.45687645687646,64.0,127.0
6962181067,2016-04-19 17:00:00,413,91.61743341404359,67.0,122.0
6962181067,2016-04-19 18:00:00,299,75.8361204013378,64.0,117.0
6962181067,2016-04-19 19:00:00,393,79.84478371501272,67.0,99.0
6962181067,2016-04-19 20:00:00,384,74.81770833333333,63.0,87.0
6962181067,2016-04-19 21:00:00,336,73.11607142857143,65.0,87.0
6962181067,2016-04-19 22:00:00,340,76.30882352941177,70.0,86.0
6962181067,2016-04-19 23:00:00,312,69.42628205128206,60.0,84.0
6962181067,2016-04-20 00:00:00,272,64.43382352941177,61.0,71.0
6962181067,2016-04-20 01:00:00,319,65.64263322884013,59.0,74.0
6962181067,2016-04-20 02:00:00,297,61.74074074074074,58.0,66.0
6962181067,2016-04-20 03:00:00,261,62.015325670498086,59.0,74.0
6962181067,2016-04-20 04:00:00,266,63.35338345864662,58.0,75.0
6962181067,2016-04-20 05:00:00,284,61.62323943661972,56.0,68.0
6962181067,2016-04-20 06:00:00,325,66.53538461538461,61.0,81.0
6962181067,2016-04-20 07:00:00,441,81.0702947845805,68.0,99.0
6962181067,2016-04-20 08:00:00,444,82.63063063063063,62.0,117.0
6962181067,2016-04-20 09:00:00,468,101.71153846153847,72.0,124.0
6962181067,2016-04-20 10:00:00,452,94.679203539823,66.0,137.0
6962181067,2016-04-20 11:00:00,453,82.0485651214128,66.0,101.0
6962181067,2016-04-20 12:00:00,556,86.93705035971223,69.0,99.0
6962181067,2016-04-20 13:00:00,401,68.07980049875312,62.0,79.0
6962181067,2016-04-20 14:00:00,400,66.055,53.0,90.0
6962181067,2016-04-20 15:00:00,479,76.68893528183716,50.0,95.0
6962181067,2016-04-20 16:00:00,367,65.87738419618529,58.0,73.0
6962181067,2016-04-20 17:00:00,219,74.52054794520548,55.0,121.0
6962181067,2016-04-20 18:00:00,435,80.8896551724138,65.0,115.0
6962181067,2016-04-20 19:00:00,361,73.9612188365651,62.0,104.0
6962181067,2016-04-20 20:00:00,398,83.34422110552764,62.0,121.0
6962181067,2016-04-20 21:00:00,344,63.075581395348834,54.0,80.0
6962181067,2016-04-20 22:00:00,342,63.09649122807018,53.0,79.0
6962181067,2016-04-20 23:00:00,300,62.9,57.0,80.0
6962181067,2016-04-21 00:00:00,248,65.91935483870968,63.0,73.0
6962181067,2016-04-21 01:00:00,249,67.00803212851406,64.0,69.0
6962181067,2016-04-21 02:00:00,279,63.702508960573475,60.0,80.0
6962181067,2016-04-21 03:00:00,306,65.48039215686275,55.0,98.0
6962181067,2016-04-21 04:00:00,311,57.81350482315113,49.0,84.0
6962181067,2016-04-21 05:00:00,284,59.95070422535211,55.0,67.0
6962181067,2016-04-21 06:00:00,298,62.033557046979865,57.0,77.0
6962181067,2016-04-21 07:00:00,473,83.65116279069767,65.0,107.0
6962181067,2016-04-21 08:00:00,425,79.81647058823529,64.0,101.0
6962181067,2016-04-21 09:00:00,524,91.43702290076335,60.0,115.0
6962181067,2016-04-21 10:00:00,531,108.2316384180791,73.0,156.0
6962181067,2016-04-21 11:00:00,429,85.14685314685315,65.0,102.0
6962181067,2016-04-21 12:00:00,1286,128.86858475894246,78.0,173.0
6962181067,2016-04-21 13:00:00,367,88.29972752043597,68.0,107.0
6962181067,2016-04-21 14:00:00,370,74.22702702702702,62.0,88.0
6962181067,2016-04-21 15:00:00,371,67.44474393530997,58.0,82.0
6962181067,2016-04-21 16:00:00,424,83.31603773584905,58.0,118.0
6962181067,2016-04-21 17:00:00,355,71.53239436619718,57.0,100.0
6962181067,2016-04-21 18:00:00,405,76.31604938271605,60.0,99.0
6962181067,2016-04-21 19:00:00,355,68.14647887323943,59.0,77.0
6962181067,2016-04-21 20:00:00,100,65.43,58.0,81.0
6962181067,2016-04-21 21:00:00,74,71.58108108108108,64.0,79.0
6962181067,2016-04-21 22:00:00,353,68.48725212464589,62.0,81.0
6962181067,2016-04-21 23:00:00,330,64.61515151515151,57.0,89.0
6962181067,2016-04-22 00:00:00,303,61.76897689768977,59.0,67.0
6962181067,2016-04-22 01:00:00,294,62.83673469387755,59.0,69.0
6962181067,2016-04-22 02:00:00,281,62.30249110320285,58.0,69.0
6962181067,2016-04-22 03:00:00,306,60.669934640522875,56.0,68.0
6962181067,2016-04-22 04:00:00,311,60.07717041800643,55.0,65.0
6962181067,2016-04-22 05:00:00,313,63.02875399361022,56.0,75.0
6962181067,2016-04-22 06:00:00,316,64.66772151898734,58.0,82.0
6962181067,2016-04-22 07:00:00,443,87.08126410835214,69.0,107.0
6962181067,2016-04-22 08:00:00,394,77.60406091370558,64.0,98.0
6962181067,2016-04-22 09:00:00,531,100.1713747645951,64.0,129.0
6962181067,2016-04-22 10:00:00,364,79.93956043956044,67.0,121.0
6962181067,2016-04-22 11:00:00,449,80.27839643652561,62.0,111.0
6962181067,2016-04-22 12:00:00,1046,120.79827915869981,64.0,169.0
6962181067,2016-04-22 13:00:00,349,76.02005730659026,64.0,92.0
6962181067,2016-04-22 14:00:00,387,73.43410852713178,65.0,93.0
6962181067,2016-04-22 15:00:00,411,67.99513381995133,56.0,90.0
6962181067,2016-04-22 16:00:00,446,77.48430493273543,60.0,107.0
6962181067,2016-04-22 17:00:00,452,75.13716814159292,63.0,102.0
6962181067,2016-04-22 18:00:00,388,79.04639175257732,66.0,99.0
6962181067,2016-04-22 19:00:00,378,74.66402116402116,60.0,102.0
6962181067,2016-04-22 20:00:00,65,76.75384615384615,70.0,84.0
6962181067,2016-04-22 21:00:00,173,67.42774566473989,57.0,124.0
6962181067,2016-04-22 22:00:00,359,68.42339832869081,62.0,82.0
6962181067,2016-04-22 23:00:00,306,64.41503267973856,60.0,75.0
6962181067,2016-04-23 00:00:00,297,61.138047138047135,57.0,65.0
6962181067,2016-04-23 01:00:00,250,63.268,62.0,66.0
6962181067,2016-04-23 02:00:00,251,63.39442231075697,55.0,67.0
6962181067,2016-04-23 03:00:00,280,58.60357142857143,53.0,63.0
6962181067,2016-04-23 04:00:00,314,58.468152866242036,52.0,74.0
6962181067,2016-04-23 05:00:00,322,59.53105590062112,53.0,67.0
6962181067,2016-04-23 06:00:00,320,60.64375,55.0,85.0
6962181067,2016-04-23 07:00:00,314,62.06687898089172,55.0,84.0
6962181067,2016-04-23 08:00:00,422,83.24881516587678,61.0,111.0
6962181067,2016-04-23 09:00:00,1513,122.1401189689359,85.0,152.0
6962181067,2016-04-23 10:00:00,233,96.49785407725322,75.0,125.0
6962181067,2016-04-23 11:00:00,382,76.5130890052356,66.0,101.0
6962181067,2016-04-23 12:00:00,418,78.27751196172248,62.0,103.0
6962181067,2016-04-23 13:00:00,423,77.81796690307328,67.0,102.0
6962181067,2016-04-23 14:00:00,459,87.8322440087146,68.0,112.0
6962181067,2016-04-23 15:00:00,440,86.42954545454545,70.0,106.0
6962181067,2016-04-23 16:00:00,484,92.2004132231405,70.0,114.0
6962181067,2016-04-23 17:00:00,471,102.8619957537155,75.0,118.0
6962181067,2016-04-23 18:00:00,370,86.77027027027027,74.0,117.0
6962181067,2016-04-23 19:00:00,446,89.8677130044843,71.0,111.0
6962181067,2016-04-23 20:00:00,424,79.41981132075472,67.0,109.0
6962181067,2016-04-23 21:00:00,435,76.48735632183909,63.0,97.0
6962181067,2016-04-23 22:00:00,375,69.976,64.0,85.0
6962181067,2016-04-23 23:00:00,213,82.07981220657277,60.0,105.0
6962181067,2016-04-24 00:00:00,314,58.1656050955414,51.0,66.0
6962181067,2016-04-24 01:00:00,320,57.721875,53.0,78.0
6962181067,2016-04-24 02:00:00,312,59.73076923076923,55.0,71.0
6962181067,2016-04-24 03:00:00,307,60.182410423452765,52.0,81.0
6962181067,2016-04-24 04:00:00,316,56.848101265822784,49.0,81.0
6962181067,2016-04-24 05:00:00,293,58.784982935153586,53.0,66.0
6962181067,2016-04-24 06:00:00,317,59.64353312302839,55.0,65.0
6962181067,2016-04-24 07:00:00,333,59.969969969969966,55.0,67.0
6962181067,2016-04-24 08:00:00,342,60.654970760233915,50.0,77.0
6962181067,2016-04-24 09:00:00,410,74.57560975609756,59.0,100.0
6962181067,2016-04-24 10:00:00,427,83.24824355971897,65.0,114.0
6962181067,2016-04-24 11:00:00,400,82.3575,69.0,109.0
6962181067,2016-04-24 12:00:00,419,81.1217183770883,64.0,104.0
6962181067,2016-04-24 13:00:00,369,72.62872628726288,63.0,95.0
6962181067,2016-04-24 14:00:00,378,69.79100529100529,61.0,88.0
6962181067,2016-04-24 15:00:00,374,63.25935828877005,54.0,75.0
6962181067,2016-04-24 16:00:00,471,76.94055201698514,61.0,104.0
6962181067,2016-04-24 17:00:00,424,79.08490566037736,65.0,105.0
6962181067,2016-04-24 18:00:00,443,75.57110609480813,60.0,93.0
6962181067,2016-04-24 19:00:00,423,71.56737588652483,62.0,89.0
6962181067,2016-04-24 20:00:00,393,70.10941475826972,53.0,92.0
6962181067,2016-04-24 21:00:00,386,65.68652849740933,56.0,101.0
6962181067,2016-04-24 22:00:00,131,64.80916030534351,56.0,95.0
6962181067,2016-04-24 23:00:00,341,62.665689149560116,57.0,77.0
6962181067,2016-04-25 00:00:00,295,61.00677966101695,57.0,67.0
6962181067,2016-04-25 01:00:00,316,62.73101265822785,57.0,83.0
6962181067,2016-04-25 02:00:00,322,60.42546583850932,55.0,77.0
6962181067,2016-04-25 03:00:00,291,59.896907216494846,54.0,73.0
6962181067,2016-04-25 04:00:00,291,59.18556701030928,53.0,85.0
6962181067,2016-04-25 05:00:00,315,57.74920634920635,51.0,81.0
6962181067,2016-04-25 06:00:00,334,58.0059880239521,53.0,81.0
6962181067,2016-04-25 07:00:00,428,83.99065420560747,59.0,107.0
6962181067,2016-04-25 08:00:00,418,85.87320574162679,67.0,114.0
6962181067,2016-04-25 09:00:00,433,83.24249422632795,62.0,115.0
6962181067,2016-04-25 10:00:00,431,99.4245939675174,64.0,128.0
6962181067,2016-04-25 11:00:00,383,73.77023498694517,62.0,97.0
6962181067,2016-04-25 12:00:00,706,91.84702549575071,69.0,142.0
6962181067,2016-04-25 13:00:00,351,72.65242165242165,60.0,87.0
6962181067,2016-04-25 14:00:00,398,71.39698492462311,61.0,95.0
6962181067,2016-04-25 15:00:00,384,72.4765625,59.0,119.0
6962181067,2016-04-25 16:00:00,447,80.47874720357942,63.0,107.0
6962181067,2016-04-25 17:00:00,480,86.38125,62.0,119.0
6962181067,2016-04-25 18:00:00,373,69.82573726541555,56.0,89.0
6962181067,2016-04-25 19:00:00,309,74.0,65.0,94.0
6962181067,2016-04-25 20:00:00,373,68.171581769437,59.0,87.0
6962181067,2016-04-25 21:00:00,359,69.3732590529248,62.0,78.0
6962181067,2016-04-25 22:00:00,348,65.26149425287356,56.0,92.0
6962181067,2016-04-25 23:00:00,308,59.47402597402598,55.0,78.0
6962181067,2016-04-26 00:00:00,285,60.8140350877193,57.0,70.0
6962181067,2016-04-26 01:00:00,293,59.965870307167236,55.0,69.0
6962181067,2016-04-26 02:00:00,274,57.18248175182482,54.0,62.0
6962181067,2016-04-26 03:00:00,300,56.56333333333333,52.0,61.0
6962181067,2016-04-26 04:00:00,304,57.95065789473684,51.0,86.0
6962181067,2016-04-26 05:00:00,282,58.9113475177305,52.0,76.0
6962181067,2016-04-26 06:00:00,338,65.84615384615384,51.0,98.0
6962181067,2016-04-26 07:00:00,424,80.12735849056604,64.0,106.0
6962181067,2016-04-26 08:00:00,416,78.6201923076923,66.0,100.0
6962181067,2016-04-26 09:00:00,416,81.90384615384616,65.0,109.0
6962181067,2016-04-26 10:00:00,425,80.31764705882352,63.0,103.0
6962181067,2016-04-26 11:00:00,413,84.5181598062954,63.0,114.0
6962181067,2016-04-26 12:00:00,1425,109.38245614035088,69.0,140.0
6962181067,2016-04-26 13:00:00,370,79.99459459459459,65.0,108.0
6962181067,2016-04-26 14:00:00,359,70.71866295264624,60.0,84.0
6962181067,2016-04-26 15:00:00,409,68.67237163814181,58.0,91.0
6962181067,2016-04-26 16:00:00,380,69.51842105263158,57.0,94.0
6962181067,2016-04-26 17:00:00,386,71.76165803108809,58.0,95.0
6962181067,2016-04-26 18:00:00,396,75.5580808080808,66.0,97.0
6962181067,2016-04-26 19:00:00,401,73.60099750623442,62.0,92.0
6962181067,2016-04-26 20:00:00,278,69.7410071942446,58.0,98.0
6962181067,2016-04-26 22:00:00,25,71.36,63.0,94.0
6962181067,2016-04-26 23:00:00,318,62.25157232704402,57.0,77.0
6962181067,2016-04-27 00:00:00,296,65.41554054054055,57.0,72.0
6962181067,2016-04-27 01:00:00,311,65.13183279742765,61.0,87.0
6962181067,2016-04-27 02:00:00,323,60.371517027863774,55.0,75.0
6962181067,2016-04-27 03:00:00,317,59.65615141955836,55.0,73.0
6962181067,2016-04-27 04:00:00,313,61.61022364217252,58.0,70.0
6962181067,2016-04-27 05:00:00,325,59.99076923076923,56.0,72.0
6962181067,2016-04-27 06:00:00,308,63.285714285714285,57.0,92.0
6962181067,2016-04-27 07:00:00,431,80.84222737819026,63.0,98.0
6962181067,2016-04-27 08:00:00,428,77.90654205607477,61.0,104.0
6962181067,2016-04-27 09:00:00,400,74.1,62.0,97.0
6962181067,2016-04-27 10:00:00,420,75.6452380952381,63.0,99.0
6962181067,2016-04-27 11:00:00,447,92.62192393736018,69.0,106.0
6962181067,2016-04-27 12:00:00,391,78.07161125319693,64.0,115.0
6962181067,2016-04-27 13:00:00,369,68.3550135501355,60.0,77.0
6962181067,2016-04-27 14:00:00,367,67.77929155313352,54.0,90.0
6962181067,2016-04-27 15:00:00,374,66.37700534759358,59.0,72.0
6962181067,2016-04-27 16:00:00,440,79.22045454545454,56.0,109.0
6962181067,2016-04-27 17:00:00,439,77.6127562642369,53.0,108.0
6962181067,2016-04-27 18:00:00,413,87.75060532687651,67.0,116.0
6962181067,2016-04-27 19:00:00,463,82.8488120950324,64.0,114.0
6962181067,2016-04-27 20:00:00,257,89.92607003891051,62.0,142.0
6962181067,2016-04-27 21:00:00,43,77.44186046511628,58.0,136.0
6962181067,2016-04-27 22:00:00,349,59.69914040114613,53.0,85.0
6962181067,2016-04-27 23:00:00,371,64.2911051212938,54.0,85.0
6962181067,2016-04-28 00:00:00,290,59.61724137931034,56.0,74.0
6962181067,2016-04-28 01:00:00,286,60.22027972027972,57.0,66.0
6962181067,2016-04-28 02:00:00,304,63.296052631578945,58.0,89.0
6962181067,2016-04-28 03:00:00,302,62.67218543046358,59.0,70.0
6962181067,2016-04-28 04:00:00,317,62.801261829652994,58.0,78.0
6962181067,2016-04-28 05:00:00,303,62.65016501650165,58.0,77.0
6962181067,2016-04-28 06:00:00,306,62.29738562091503,56.0,70.0
6962181067,2016-04-28 07:00:00,324,61.91975308641975,54.0,77.0
6962181067,2016-04-28 08:00:00,434,80.10829493087557,56.0,102.0
6962181067,2016-04-28 09:00:00,477,80.93501048218029,63.0,101.0
6962181067,2016-04-28 10:00:00,427,82.4519906323185,66.0,106.0
6962181067,2016-04-28 11:00:00,442,86.40950226244344,68.0,115.0
6962181067,2016-04-28 12:00:00,1219,119.86874487284659,69.0,166.0
6962181067,2016-04-28 13:00:00,687,111.02037845705968,67.0,174.0
6962181067,2016-04-28 14:00:00,377,76.26525198938992,61.0,95.0
6962181067,2016-04-28 15:00:00,426,78.16666666666667,60.0,109.0
6962181067,2016-04-28 16:00:00,397,70.09571788413098,60.0,96.0
6962181067,2016-04-28 17:00:00,457,85.0109409190372,61.0,108.0
6962181067,2016-04-28 18:00:00,408,75.85049019607843,59.0,111.0
6962181067,2016-04-28 19:00:00,340,76.62647058823529,63.0,122.0
6962181067,2016-04-28 20:00:00,161,72.1055900621118,61.0,99.0
6962181067,2016-04-28 23:00:00,244,63.807377049180324,56.0,76.0
6962181067,2016-04-29 00:00:00,297,60.622895622895626,57.0,66.0
6962181067,2016-04-29 01:00:00,291,64.28178694158076,60.0,81.0
6962181067,2016-04-29 02:00:00,290,65.68620689655172,61.0,73.0
6962181067,2016-04-29 03:00:00,252,68.68650793650794,63.0,71.0
6962181067,2016-04-29 04:00:00,282,64.66666666666667,58.0,69.0
6962181067,2016-04-29 05:00:00,316,62.607594936708864,56.0,72.0
6962181067,2016-04-29 06:00:00,341,67.53372434017595,58.0,101.0
6962181067,2016-04-29 07:00:00,417,82.22062350119904,63.0,104.0
6962181067,2016-04-29 08:00:00,437,80.54691075514874,56.0,112.0
6962181067,2016-04-29 09:00:00,480,94.58333333333333,69.0,129.0
6962181067,2016-04-29 10:00:00,477,108.32914046121593,89.0,127.0
6962181067,2016-04-29 11:00:00,430,86.24418604651163,69.0,113.0
6962181067,2016-04-29 12:00:00,879,103.29237770193402,59.0,141.0
6962181067,2016-04-29 13:00:00,388,78.5618556701031,67.0,103.0
6962181067,2016-04-29 14:00:00,355,73.61408450704225,60.0,93.0
6962181067,2016-04-29 15:00:00,404,79.10148514851485,63.0,109.0
6962181067,2016-04-29 16:00:00,417,81.68345323741008,67.0,104.0
6962181067,2016-04-29 17:00:00,414,84.29227053140097,66.0,116.0
6962181067,2016-04-29 18:00:00,418,88.92583732057416,69.0,116.0
6962181067,2016-04-29 19:00:00,389,82.24935732647815,66.0,111.0
6962181067,2016-04-29 20:00:00,414,75.10386473429952,63.0,102.0
6962181067,2016-04-29 21:00:00,351,70.99145299145299,63.0,86.0
6962181067,2016-04-29 22:00:00,11,83.63636363636364,70.0,125.0
6962181067,2016-04-29 23:00:00,351,70.27350427350427,64.0,92.0
6962181067,2016-04-30 00:00:00,335,69.44477611940299,63.0,80.0
6962181067,2016-04-30 01:00:00,326,66.26073619631902,59.0,81.0
6962181067,2016-04-30 02:00:00,313,62.26837060702876,58.0,67.0
6962181067,2016-04-30 03:00:00,305,60.885245901639344,55.0,77.0
6962181067,2016-04-30 04:00:00,309,62.67313915857605,58.0,72.0
6962181067,2016-04-30 05:00:00,306,62.86274509803921,59.0,68.0
6962181067,2016-04-30 06:00:00,299,63.869565217391305,59.0,75.0
6962181067,2016-04-30 07:00:00,309,63.80258899676375,58.0,83.0
6962181067,2016-04-30 08:00:00,347,67.4092219020173,56.0,93.0
6962181067,2016-04-30 09:00:00,424,75.97405660377359,62.0,103.0
6962181067,2016-04-30 10:00:00,1256,114.0843949044586,62.0,141.0
6962181067,2016-04-30 11:00:00,445,89.35505617977527,71.0,109.0
6962181067,2016-04-30 12:00:00,437,86.03432494279176,70.0,106.0
6962181067,2016-04-30 13:00:00,427,90.69789227166277,71.0,117.0
6962181067,2016-04-30 14:00:00,425,81.3435294117647,65.0,110.0
6962181067,2016-04-30 15:00:00,385,75.88311688311688,62.0,107.0
6962181067,2016-04-30 16:00:00,352,64.22443181818181,53.0,75.0
6962181067,2016-04-30 17:00:00,400,75.42,54.0,105.0
6962181067,2016-04-30 18:00:00,411,82.86374695863746,65.0,103.0
6962181067,2016-04-30 19:00:00,397,73.80856423173803,57.0,97.0
6962181067,2016-04-30 20:00:00,288,89.65625,68.0,122.0
6962181067,2016-05-01 00:00:00,109,66.26605504587155,56.0,127.0
6962181067,2016-05-01 01:00:00,294,61.166666666666664,56.0,73.0
6962181067,2016-05-01 02:00:00,313,60.72843450479233,56.0,69.0
6962181067,2016-05-01 03:00:00,283,71.08833922261483,60.0,90.0
6962181067,2016-05-01 04:00:00,318,65.28616352201257,61.0,69.0
6962181067,2016-05-01 05:00:00,304,69.17105263157895,58.0,92.0
6962181067,2016-05-01 06:00:00,331,66.01208459214502,59.0,89.0
6962181067,2016-05-01 07:00:00,336,67.17857142857143,61.0,83.0
6962181067,2016-05-01 08:00:00,420,81.95238095238095,65.0,112.0
6962181067,2016-05-01 09:00:00,393,83.42239185750635,65.0,109.0
6962181067,2016-05-01 10:00:00,455,85.83956043956044,67.0,108.0
6962181067,2016-05-01 11:00:00,394,71.73857868020305,58.0,94.0
6962181067,2016-05-01 12:00:00,380,75.91315789473684,64.0,86.0
6962181067,2016-05-01 13:00:00,381,77.25984251968504,66.0,93.0
6962181067,2016-05-01 14:00:00,385,73.97142857142858,64.0,93.0
6962181067,2016-05-01 15:00:00,396,70.46969696969697,60.0,93.0
6962181067,2016-05-01 16:00:00,360,69.75,61.0,79.0
6962181067,2016-05-01 17:00:00,395,80.95696202531646,66.0,99.0
6962181067,2016-05-01 18:00:00,426,81.08450704225352,62.0,105.0
6962181067,2016-05-01 19:00:00,403,78.49627791563276,62.0,108.0
6962181067,2016-05-01 20:00:00,354,70.00282485875707,63.0,76.0
6962181067,2016-05-01 21:00:00,250,71.128,65.0,82.0
6962181067,2016-05-01 22:00:00,126,69.06349206349206,61.0,120.0
6962181067,2016-05-01 23:00:00,290,65.8344827586207,60.0,71.0
6962181067,2016-05-02 00:00:00,309,65.54368932038835,61.0,70.0
6962181067,2016-05-02 01:00:00,317,66.17350157728707,60.0,80.0
6962181067,2016-05-02 02:00:00,312,65.56089743589743,61.0,83.0
6962181067,2016-05-02 03:00:00,319,65.36990595611286,58.0,76.0
6962181067,2016-05-02 04:00:00,312,64.96794871794872,60.0,90.0
6962181067,2016-05-02 05:00:00,306,63.99346405228758,59.0,78.0
6962181067,2016-05-02 06:00:00,346,69.90751445086705,61.0,99.0
6962181067,2016-05-02 07:00:00,475,84.67157894736842,66.0,108.0
6962181067,2016-05-02 08:00:00,417,81.03597122302158,65.0,104.0
6962181067,2016-05-02 09:00:00,487,86.73305954825462,65.0,118.0
6962181067,2016-05-02 10:00:00,405,75.55308641975309,63.0,102.0
6962181067,2016-05-02 11:00:00,419,80.26252983293556,64.0,102.0
6962181067,2016-05-02 12:00:00,871,106.56027554535017,71.0,140.0
6962181067,2016-05-02 13:00:00,336,77.27083333333333,68.0,88.0
6962181067,2016-05-02 14:00:00,364,75.1978021978022,61.0,100.0
6962181067,2016-05-02 15:00:00,381,78.00262467191601,67.0,98.0
6962181067,2016-05-02 16:00:00,425,82.25176470588235,56.0,112.0
6962181067,2016-05-02 17:00:00,439,82.2984054669704,64.0,100.0
6962181067,2016-05-02 18:00:00,425,88.38352941176471,70.0,115.0
6962181067,2016-05-02 19:00:00,383,101.14882506527415,69.0,132.0
6962181067,2016-05-02 20:00:00,368,76.8586956521739,62.0,117.0
6962181067,2016-05-02 21:00:00,378,75.7010582010582,61.0,91.0
6962181067,2016-05-02 22:00:00,361,72.53462603878117,61.0,92.0
6962181067,2016-05-02 23:00:00,363,68.70523415977961,62.0,81.0
6962181067,2016-05-03 00:00:00,296,64.53716216216216,61.0,70.0
6962181067,2016-05-03 01:00:00,304,67.05263157894737,63.0,85.0
6962181067,2016-05-03 02:00:00,286,66.52447552447552,63.0,69.0
6962181067,2016-05-03 03:00:00,298,63.0503355704698,56.0,80.0
6962181067,2016-05-03 04:00:00,328,65.53353658536585,59.0,95.0
6962181067,2016-05-03 05:00:00,306,61.869281045751634,58.0,66.0
6962181067,2016-05-03 06:00:00,314,64.2515923566879,57.0,84.0
6962181067,2016-05-03 07:00:00,450,84.92444444444445,65.0,105.0
6962181067,2016-05-03 08:00:00,466,86.72961373390558,64.0,113.0
6962181067,2016-05-03 09:00:00,361,69.13573407202216,59.0,110.0
6962181067,2016-05-03 10:00:00,421,79.06413301662708,53.0,157.0
6962181067,2016-05-03 11:00:00,449,93.62138084632517,61.0,152.0
6962181067,2016-05-03 12:00:00,527,92.46679316888046,75.0,109.0
6962181067,2016-05-03 13:00:00,445,84.50786516853933,61.0,122.0
6962181067,2016-05-03 14:00:00,369,72.59620596205961,60.0,102.0
6962181067,2016-05-03 15:00:00,424,85.68160377358491,64.0,109.0
6962181067,2016-05-03 16:00:00,416,74.20673076923077,62.0,109.0
6962181067,2016-05-03 17:00:00,373,72.64879356568365,61.0,82.0
6962181067,2016-05-03 18:00:00,419,77.02625298329356,61.0,110.0
6962181067,2016-05-03 19:00:00,361,71.83379501385042,61.0,92.0
6962181067,2016-05-03 20:00:00,392,72.01785714285714,62.0,92.0
6962181067,2016-05-03 21:00:00,366,66.1120218579235,57.0,80.0
6962181067,2016-05-03 22:00:00,60,68.21666666666667,63.0,106.0
6962181067,2016-05-03 23:00:00,326,65.49693251533742,60.0,82.0
6962181067,2016-05-04 00:00:00,304,65.79276315789474,62.0,79.0
6962181067,2016-05-04 01:00:00,313,66.27476038338658,59.0,90.0
6962181067,2016-05-04 02:00:00,311,66.49517684887459,63.0,78.0
6962181067,2016-05-04 03:00:00,308,61.90584415584416,55.0,88.0
6962181067,2016-05-04 04:00:00,308,62.45454545454545,58.0,83.0
6962181067,2016-05-04 05:00:00,327,61.15596330275229,56.0,80.0
6962181067,2016-05-04 06:00:00,335,65.14626865671642,57.0,104.0
6962181067,2016-05-04 07:00:00,448,81.69196428571429,63.0,105.0
6962181067,2016-05-04 08:00:00,442,79.68099547511312,58.0,101.0
6962181067,2016-05-04 09:00:00,783,103.71136653895275,61.0,151.0
6962181067,2016-05-04 10:00:00,692,118.30635838150289,77.0,174.0
6962181067,2016-05-04 11:00:00,418,89.71291866028709,67.0,118.0
6962181067,2016-05-04 12:00:00,396,79.35858585858585,66.0,105.0
6962181067,2016-05-04 13:00:00,350,67.15714285714286,61.0,78.0
6962181067,2016-05-04 14:00:00,378,69.81481481481481,63.0,85.0
6962181067,2016-05-04 15:00:00,393,70.53435114503817,58.0,89.0
6962181067,2016-05-04 16:00:00,390,67.91538461538461,59.0,93.0
6962181067,2016-05-04 17:00:00,416,85.21875,63.0,99.0
6962181067,2016-05-04 18:00:00,378,81.61904761904762,67.0,109.0
6962181067,2016-05-04 19:00:00,393,88.31806615776081,68.0,134.0
6962181067,2016-05-04 20:00:00,302,80.36092715231788,62.0,104.0
6962181067,2016-05-04 21:00:00,74,71.51351351351352,65.0,111.0
6962181067,2016-05-04 22:00:00,367,69.81471389645776,58.0,83.0
6962181067,2016-05-04 23:00:00,344,67.20348837209302,61.0,88.0
6962181067,2016-05-05 00:00:00,268,65.82835820895522,61.0,74.0
6962181067,2016-05-05 01:00:00,280,68.55714285714286,63.0,96.0
6962181067,2016-05-05 02:00:00,250,67.0,65.0,73.0
6962181067,2016-05-05 03:00:00,285,64.03859649122808,59.0,67.0
6962181067,2016-05-05 04:00:00,297,64.87878787878788,58.0,76.0
6962181067,2016-05-05 05:00:00,314,61.00955414012739,56.0,83.0
6962181067,2016-05-05 06:00:00,340,64.36764705882354,58.0,86.0
6962181067,2016-05-05 07:00:00,319,63.32915360501568,58.0,75.0
6962181067,2016-05-05 08:00:00,445,86.82471910112359,66.0,111.0
6962181067,2016-05-05 09:00:00,437,89.53318077803203,67.0,114.0
6962181067,2016-05-05 10:00:00,428,80.44392523364486,63.0,95.0
6962181067,2016-05-05 11:00:00,428,79.36214953271028,62.0,105.0
6962181067,2016-05-05 12:00:00,457,84.13129102844638,64.0,108.0
6962181067,2016-05-05 13:00:00,347,65.96829971181556,58.0,76.0
6962181067,2016-05-05 14:00:00,376,68.49468085106383,54.0,85.0
6962181067,2016-05-05 15:00:00,394,73.94162436548223,59.0,101.0
6962181067,2016-05-05 16:00:00,463,79.76241900647948,61.0,107.0
6962181067,2016-05-05 17:00:00,440,81.18863636363636,60.0,128.0
6962181067,2016-05-05 18:00:00,413,84.46731234866829,64.0,119.0
6962181067,2016-05-05 19:00:00,477,104.32914046121593,70.0,128.0
6962181067,2016-05-05 20:00:00,159,84.45911949685535,64.0,103.0
6962181067,2016-05-05 23:00:00,144,65.06944444444444,60.0,93.0
6962181067,2016-05-06 00:00:00,316,64.93354430379746,60.0,71.0
6962181067,2016-05-06 01:00:00,306,63.88235294117647,60.0,72.0
6962181067,2016-05-06 02:00:00,303,63.198019801980195,58.0,69.0
6962181067,2016-05-06 03:00:00,317,58.12933753943218,52.0,90.0
6962181067,2016-05-06 04:00:00,318,60.34591194968554,55.0,76.0
6962181067,2016-05-06 05:00:00,314,59.9203821656051,53.0,80.0
6962181067,2016-05-06 06:00:00,288,61.62847222222222,56.0,65.0
6962181067,2016-05-06 07:00:00,418,78.85645933014354,59.0,111.0
6962181067,2016-05-06 08:00:00,461,85.22559652928416,66.0,114.0
6962181067,2016-05-06 09:00:00,411,77.64720194647202,61.0,101.0
6962181067,2016-05-06 10:00:00,352,72.09943181818181,66.0,79.0
6962181067,2016-05-06 11:00:00,395,68.4253164556962,61.0,78.0
6962181067,2016-05-06 12:00:00,414,73.78743961352657,61.0,96.0
6962181067,2016-05-06 13:00:00,407,76.18673218673219,63.0,97.0
6962181067,2016-05-06 14:00:00,388,72.85567010309278,64.0,86.0
6962181067,2016-05-06 15:00:00,351,70.26495726495726,60.0,79.0
6962181067,2016-05-06 16:00:00,391,71.83120204603581,58.0,101.0
6962181067,2016-05-06 17:00:00,404,74.17574257425743,56.0,106.0
6962181067,2016-05-06 18:00:00,393,79.85241730279898,59.0,107.0
6962181067,2016-05-06 19:00:00,374,67.90641711229947,58.0,78.0
6962181067,2016-05-06 20:00:00,455,79.02417582417583,58.0,103.0
6962181067,2016-05-06 21:00:00,428,77.5,61.0,96.0
6962181067,2016-05-06 22:00:00,440,84.4659090909091,70.0,104.0
6962181067,2016-05-06 23:00:00,382,71.49738219895288,65.0,85.0
6962181067,2016-05-07 00:00:00,354,71.53672316384181,64.0,87.0
6962181067,2016-05-07 01:00:00,372,75.43817204301075,65.0,88.0
6962181067,2016-05-07 02:00:00,363,77.96694214876032,69.0,96.0
6962181067,2016-05-07 03:00:00,306,66.44771241830065,60.0,97.0
6962181067,2016-05-07 04:00:00,323,65.49226006191951,59.0,93.0
6962181067,2016-05-07 05:00:00,311,65.04823151125402,59.0,85.0
6962181067,2016-05-07 06:00:00,339,66.85840707964601,59.0,92.0
6962181067,2016-05-07 07:00:00,321,63.585669781931465,57.0,87.0
6962181067,2016-05-07 08:00:00,340,67.32352941176471,58.0,84.0
6962181067,2016-05-07 09:00:00,412,87.82038834951456,71.0,118.0
6962181067,2016-05-07 10:00:00,394,81.25888324873097,63.0,99.0
6962181067,2016-05-07 11:00:00,458,83.53275109170306,66.0,108.0
6962181067,2016-05-07 12:00:00,403,72.37468982630273,58.0,101.0
6962181067,2016-05-07 13:00:00,427,74.35831381733021,63.0,98.0
6962181067,2016-05-07 14:00:00,240,84.4875,67.0,125.0
6962181067,2016-05-07 15:00:00,4,70.0,70.0,70.0
6962181067,2016-05-07 16:00:00,304,84.83552631578948,64.0,105.0
6962181067,2016-05-07 17:00:00,420,81.52380952380952,72.0,98.0
6962181067,2016-05-07 18:00:00,393,88.9796437659033,74.0,107.0
6962181067,2016-05-07 19:00:00,482,89.04356846473028,72.0,109.0
6962181067,2016-05-07 20:00:00,439,83.24601366742597,66.0,97.0
6962181067,2016-05-07 21:00:00,385,74.15584415584415,63.0,103.0
6962181067,2016-05-07 22:00:00,392,75.50510204081633,65.0,99.0
6962181067,2016-05-07 23:00:00,361,76.70914127423822,68.0,100.0
6962181067,2016-05-08 00:00:00,315,76.46666666666667,70.0,89.0
6962181067,2016-05-08 01:00:00,315,72.51746031746032,68.0,90.0
6962181067,2016-05-08 02:00:00,312,71.18589743589743,64.0,85.0
6962181067,2016-05-08 03:00:00,292,68.39383561643835,64.0,74.0
6962181067,2016-05-08 04:00:00,311,67.95498392282958,61.0,93.0
6962181067,2016-05-08 05:00:00,315,63.08571428571429,59.0,72.0
6962181067,2016-05-08 06:00:00,309,63.69255663430421,58.0,83.0
6962181067,2016-05-08 07:00:00,326,63.12883435582822,56.0,73.0
6962181067,2016-05-08 08:00:00,321,65.90654205607477,60.0,75.0
6962181067,2016-05-08 09:00:00,343,69.69970845481049,60.0,90.0
6962181067,2016-05-08 10:00:00,403,81.67245657568238,54.0,113.0
6962181067,2016-05-08 11:00:00,423,83.13475177304964,68.0,104.0
6962181067,2016-05-08 12:00:00,389,82.41388174807199,72.0,97.0
6962181067,2016-05-08 13:00:00,394,78.35532994923858,62.0,95.0
6962181067,2016-05-08 14:00:00,394,82.29441624365482,67.0,94.0
6962181067,2016-05-08 15:00:00,390,76.82820512820513,67.0,110.0
6962181067,2016-05-08 16:00:00,410,91.33170731707317,65.0,116.0
6962181067,2016-05-08 17:00:00,384,79.33854166666667,67.0,98.0
6962181067,2016-05-08 18:00:00,231,67.25541125541126,61.0,79.0
6962181067,2016-05-08 21:00:00,12,86.41666666666667,75.0,112.0
6962181067,2016-05-08 22:00:00,317,76.8832807570978,72.0,93.0
6962181067,2016-05-08 23:00:00,329,75.7082066869301,70.0,83.0
6962181067,2016-05-09 00:00:00,299,71.33110367892976,67.0,78.0
6962181067,2016-05-09 01:00:00,305,68.30491803278689,62.0,77.0
6962181067,2016-05-09 02:00:00,304,64.875,61.0,76.0
6962181067,2016-05-09 03:00:00,309,63.19417475728155,59.0,88.0
6962181067,2016-05-09 04:00:00,316,65.93354430379746,58.0,78.0
6962181067,2016-05-09 05:00:00,302,64.87748344370861,61.0,81.0
6962181067,2016-05-09 06:00:00,307,66.70032573289902,60.0,86.0
6962181067,2016-05-09 07:00:00,335,67.95820895522388,60.0,95.0
6962181067,2016-05-09 08:00:00,436,83.5045871559633,64.0,111.0
6962181067,2016-05-09 09:00:00,467,91.57601713062098,70.0,127.0
6962181067,2016-05-09 10:00:00,415,105.93975903614458,75.0,125.0
6962181067,2016-05-09 11:00:00,426,85.61971830985915,64.0,107.0
6962181067,2016-05-09 12:00:00,385,79.61818181818182,61.0,104.0
6962181067,2016-05-09 13:00:00,349,74.50429799426934,65.0,89.0
6962181067,2016-05-09 14:00:00,363,76.51790633608816,60.0,89.0
6962181067,2016-05-09 15:00:00,337,71.97032640949556,65.0,84.0
6962181067,2016-05-09 16:00:00,359,70.77994428969359,64.0,90.0
6962181067,2016-05-09 17:00:00,415,93.90843373493976,68.0,121.0
6962181067,2016-05-09 18:00:00,337,73.29080118694363,66.0,88.0
6962181067,2016-05-09 19:00:00,428,97.10046728971963,67.0,123.0
6962181067,2016-05-09 20:00:00,334,72.08682634730539,64.0,181.0
6962181067,2016-05-09 21:00:00,353,69.38810198300283,56.0,87.0
6962181067,2016-05-09 22:00:00,375,70.85866666666666,62.0,91.0
6962181067,2016-05-09 23:00:00,310,66.35806451612903,63.0,76.0
6962181067,2016-05-10 00:00:00,300,67.63333333333334,64.0,83.0
6962181067,2016-05-10 01:00:00,298,67.77852348993288,64.0,72.0
6962181067,2016-05-10 02:00:00,293,66.92150170648465,59.0,80.0
6962181067,2016-05-10 03:00:00,315,65.37460317460318,59.0,86.0
6962181067,2016-05-10 04:00:00,327,64.03975535168196,59.0,85.0
6962181067,2016-05-10 05:00:00,317,63.69716088328076,58.0,82.0
6962181067,2016-05-10 06:00:00,332,65.15060240963855,57.0,85.0
6962181067,2016-05-10 07:00:00,978,115.15235173824131,67.0,184.0
6962181067,2016-05-10 08:00:00,398,90.28391959798995,66.0,109.0
6962181067,2016-05-10 09:00:00,526,99.5361216730038,77.0,136.0
6962181067,2016-05-10 10:00:00,529,119.38563327032136,89.0,158.0
6962181067,2016-05-10 11:00:00,422,92.53791469194313,69.0,163.0
6962181067,2016-05-10 12:00:00,374,75.17914438502673,63.0,89.0
6962181067,2016-05-10 13:00:00,359,71.43175487465182,65.0,80.0
6962181067,2016-05-10 14:00:00,365,72.14246575342466,63.0,85.0
6962181067,2016-05-10 15:00:00,394,70.89340101522842,62.0,92.0
6962181067,2016-05-10 16:00:00,481,86.71101871101871,69.0,106.0
6962181067,2016-05-10 17:00:00,464,84.29525862068965,62.0,127.0
6962181067,2016-05-10 18:00:00,415,86.12771084337349,67.0,108.0
6962181067,2016-05-10 19:00:00,342,84.21637426900585,63.0,126.0
6962181067,2016-05-10 21:00:00,179,65.8659217877095,60.0,86.0
6962181067,2016-05-10 22:00:00,344,67.21802325581395,57.0,82.0
6962181067,2016-05-10 23:00:00,314,65.37579617834395,59.0,78.0
6962181067,2016-05-11 00:00:00,290,63.16206896551724,59.0,69.0
6962181067,2016-05-11 01:00:00,312,63.30448717948718,58.0,69.0
6962181067,2016-05-11 02:00:00,308,63.37337662337662,57.0,74.0
6962181067,2016-05-11 03:00:00,307,64.07817589576547,59.0,77.0
6962181067,2016-05-11 04:00:00,320,65.35,60.0,78.0
6962181067,2016-05-11 05:00:00,320,63.66875,57.0,95.0
6962181067,2016-05-11 06:00:00,337,62.26706231454006,55.0,78.0
6962181067,2016-05-11 07:00:00,344,65.98546511627907,59.0,82.0
6962181067,2016-05-11 08:00:00,424,87.78301886792453,61.0,115.0
6962181067,2016-05-11 09:00:00,1243,117.005631536605,69.0,145.0
6962181067,2016-05-11 10:00:00,384,86.04947916666667,71.0,106.0
6962181067,2016-05-11 11:00:00,380,84.8078947368421,71.0,108.0
6962181067,2016-05-11 12:00:00,387,79.37984496124031,61.0,98.0
6962181067,2016-05-11 13:00:00,347,71.72622478386167,64.0,82.0
6962181067,2016-05-11 14:00:00,342,73.27485380116958,65.0,80.0
6962181067,2016-05-11 15:00:00,394,75.47969543147208,65.0,94.0
6962181067,2016-05-11 16:00:00,409,81.28361858190709,63.0,106.0
6962181067,2016-05-11 17:00:00,356,73.1432584269663,63.0,87.0
6962181067,2016-05-11 18:00:00,240,71.95,53.0,86.0
6962181067,2016-05-11 19:00:00,172,81.25,71.0,114.0
6962181067,2016-05-11 20:00:00,398,77.23869346733669,68.0,91.0
6962181067,2016-05-11 21:00:00,399,77.30827067669173,69.0,88.0
6962181067,2016-05-11 22:00:00,377,72.11936339522546,62.0,85.0
6962181067,2016-05-11 23:00:00,324,69.21913580246914,64.0,85.0
6962181067,2016-05-12 00:00:00,300,68.12,63.0,82.0
6962181067,2016-05-12 01:00:00,302,67.17549668874172,62.0,92.0
6962181067,2016-05-12 02:00:00,307,69.28013029315962,66.0,78.0
6962181067,2016-05-12 03:00:00,312,67.78846153846153,63.0,85.0
6962181067,2016-05-12 04:00:00,308,64.76623376623377,60.0,78.0
6962181067,2016-05-12 05:00:00,265,65.69811320754717,61.0,77.0
6962181067,2016-05-12 06:00:00,312,66.49679487179488,62.0,78.0
6962181067,2016-05-12 07:00:00,327,64.73700305810398,60.0,77.0
6962181067,2016-05-12 08:00:00,397,84.8337531486146,62.0,117.0
6962181067,2016-05-12 09:00:00,433,87.635103926097,71.0,116.0
6962181067,2016-05-12 10:00:00,468,91.64102564102564,74.0,112.0
6962181067,2016-05-12 11:00:00,392,89.91581632653062,72.0,116.0
7007744171,2016-04-12 05:00:00,2,101.0,101.0,101.0
7007744171,2016-04-12 06:00:00,266,100.86466165413533,70.0,125.0
7007744171,2016-04-12 07:00:00,478,105.93723849372385,79.0,128.0
7007744171,2016-04-12 08:00:00,542,105.70479704797047,82.0,131.0
7007744171,2016-04-12 09:00:00,402,95.3407960199005,79.0,112.0
7007744171,2016-04-12 10:00:00,448,97.55803571428571,77.0,114.0
7007744171,2016-04-12 11:00:00,379,103.5778364116095,93.0,116.0
7007744171,2016-04-12 12:00:00,360,90.50833333333334,78.0,118.0
7007744171,2016-04-12 13:00:00,367,89.98092643051771,79.0,113.0
7007744171,2016-04-12 14:00:00,375,86.53866666666667,74.0,97.0
7007744171,2016-04-12 15:00:00,389,94.87660668380462,82.0,113.0
7007744171,2016-04-12 16:00:00,436,102.00688073394495,79.0,151.0
7007744171,2016-04-12 17:00:00,406,93.48522167487685,79.0,124.0
7007744171,2016-04-12 18:00:00,312,89.11538461538461,78.0,107.0
7007744171,2016-04-12 19:00:00,338,85.93491124260355,73.0,100.0
7007744171,2016-04-12 20:00:00,2,74.0,74.0,74.0
7007744171,2016-04-12 21:00:00,4,70.0,70.0,70.0
7007744171,2016-04-13 05:00:00,4,76.0,76.0,76.0
7007744171,2016-04-13 06:00:00,323,99.70897832817337,70.0,115.0
7007744171,2016-04-13 07:00:00,393,91.07379134860051,75.0,117.0
7007744171,2016-04-13 08:00:00,556,121.34892086330935,82.0,144.0
7007744171,2016-04-13 09:00:00,471,107.76645435244161,88.0,144.0
7007744171,2016-04-13 10:00:00,362,85.85911602209944,70.0,104.0
7007744171,2016-04-13 11:00:00,432,93.40972222222223,74.0,114.0
7007744171,2016-04-13 12:00:00,361,86.16897506925208,70.0,109.0
7007744171,2016-04-13 13:00:00,368,87.6711956521739,72.0,109.0
7007744171,2016-04-13 14:00:00,347,86.4178674351585,79.0,103.0
7007744171,2016-04-13 15:00:00,395,84.1620253164557,70.0,100.0
7007744171,2016-04-13 16:00:00,439,90.37129840546697,71.0,114.0
7007744171,2016-04-13 17:00:00,347,93.16138328530259,82.0,122.0
7007744171,2016-04-13 18:00:00,382,86.58376963350786,75.0,112.0
7007744171,2016-04-13 19:00:00,344,86.31976744186046,77.0,108.0
7007744171,2016-04-13 20:00:00,332,80.59036144578313,70.0,90.0
7007744171,2016-04-13 21:00:00,80,74.95,70.0,86.0
7007744171,2016-04-14 06:00:00,360,97.78333333333333,83.0,129.0
7007744171,2016-04-14 07:00:00,381,82.55905511811024,66.0,116.0
7007744171,2016-04-14 08:00:00,505,108.590099009901,67.0,131.0
7007744171,2016-04-14 09:00:00,396,95.28282828282828,77.0,118.0
7007744171,2016-04-14 10:00:00,325,80.34153846153846,72.0,94.0
7007744171,2016-04-14 11:00:00,390,90.02820512820513,69.0,111.0
7007744171,2016-04-14 12:00:00,368,93.07336956521739,78.0,118.0
7007744171,2016-04-14 13:00:00,352,88.78125,54.0,111.0
7007744171,2016-04-14 14:00:00,342,84.38304093567251,75.0,131.0
7007744171,2016-04-14 15:00:00,410,99.32682926829268,82.0,129.0
7007744171,2016-04-14 16:00:00,385,91.68571428571428,78.0,107.0
7007744171,2016-04-14 17:00:00,356,85.1432584269663,77.0,108.0
7007744171,2016-04-14 18:00:00,433,97.14549653579677,75.0,132.0
7007744171,2016-04-14 19:00:00,424,102.45518867924528,90.0,114.0
7007744171,2016-04-14 20:00:00,353,85.11048158640227,65.0,119.0
7007744171,2016-04-14 21:00:00,202,77.83663366336634,68.0,87.0
7007744171,2016-04-15 06:00:00,267,97.61423220973782,81.0,126.0
7007744171,2016-04-15 07:00:00,409,87.6919315403423,73.0,121.0
7007744171,2016-04-15 08:00:00,429,89.8951048951049,64.0,111.0
7007744171,2016-04-15 09:00:00,368,77.85326086956522,65.0,99.0
7007744171,2016-04-15 10:00:00,427,79.9695550351288,60.0,108.0
7007744171,2016-04-15 11:00:00,386,84.83937823834196,72.0,128.0
7007744171,2016-04-15 12:00:00,379,87.89182058047493,71.0,118.0
7007744171,2016-04-15 13:00:00,354,87.53954802259886,69.0,107.0
7007744171,2016-04-15 14:00:00,136,83.72058823529412,70.0,92.0
7007744171,2016-04-15 15:00:00,352,83.1846590909091,74.0,97.0
7007744171,2016-04-15 16:00:00,357,79.5126050420168,70.0,110.0
7007744171,2016-04-15 17:00:00,320,81.575,73.0,103.0
7007744171,2016-04-15 18:00:00,65,76.6923076923077,72.0,84.0
7007744171,2016-04-16 06:00:00,25,89.16,85.0,93.0
7007744171,2016-04-16 07:00:00,373,87.71313672922253,66.0,118.0
7007744171,2016-04-16 08:00:00,382,77.27225130890052,68.0,105.0
7007744171,2016-04-16 09:00:00,389,79.67866323907455,62.0,96.0
7007744171,2016-04-16 10:00:00,404,74.31930693069307,64.0,103.0
7007744171,2016-04-16 11:00:00,360,78.325,67.0,113.0
7007744171,2016-04-16 12:00:00,363,74.03305785123968,67.0,86.0
7007744171,2016-04-16 13:00:00,353,77.51274787535411,65.0,100.0
7007744171,2016-04-16 14:00:00,340,68.89117647058823,62.0,76.0
7007744171,2016-04-16 15:00:00,377,72.13262599469496,61.0,104.0
7007744171,2016-04-16 16:00:00,412,83.67961165048544,65.0,114.0
7007744171,2016-04-16 17:00:00,396,93.33838383838383,75.0,129.0
7007744171,2016-04-16 18:00:00,405,89.21975308641976,74.0,111.0
7007744171,2016-04-16 19:00:00,389,84.53727506426735,70.0,102.0
7007744171,2016-04-16 20:00:00,360,78.34444444444445,66.0,98.0
7007744171,2016-04-16 21:00:00,312,76.0801282051282,66.0,93.0
7007744171,2016-04-17 06:00:00,131,91.30534351145039,70.0,108.0
7007744171,2016-04-17 07:00:00,489,94.03476482617587,70.0,127.0
7007744171,2016-04-17 08:00:00,358,95.19832402234637,70.0,112.0
7007744171,2016-04-17 09:00:00,435,98.77701149425287,70.0,115.0
7007744171,2016-04-17 10:00:00,412,87.6383495145631,67.0,121.0
7007744171,2016-04-17 11:00:00,385,81.1064935064935,67.0,108.0
7007744171,2016-04-17 12:00:00,347,77.8328530259366,68.0,104.0
7007744171,2016-04-17 13:00:00,369,82.0,74.0,106.0
7007744171,2016-04-17 14:00:00,349,71.0945558739255,63.0,84.0
7007744171,2016-04-17 15:00:00,296,84.65202702702703,71.0,117.0
7007744171,2016-04-17 16:00:00,410,90.0439024390244,74.0,107.0
7007744171,2016-04-17 17:00:00,385,86.04935064935064,72.0,112.0
7007744171,2016-04-17 18:00:00,384,85.3515625,67.0,120.0
7007744171,2016-04-17 19:00:00,370,81.62702702702703,65.0,108.0
7007744171,2016-04-17 20:00:00,249,76.82329317269077,70.0,97.0
7007744171,2016-04-18 06:00:00,298,94.77181208053692,78.0,115.0
7007744171,2016-04-18 07:00:00,406,86.4088669950739,70.0,116.0
7007744171,2016-04-18 08:00:00,420,110.27619047619048,95.0,116.0
7007744171,2016-04-18 09:00:00,442,102.02714932126698,85.0,124.0
7007744171,2016-04-18 10:00:00,510,106.48627450980392,86.0,139.0
7007744171,2016-04-18 11:00:00,360,90.21111111111111,73.0,105.0
7007744171,2016-04-18 12:00:00,350,82.72,69.0,111.0
7007744171,2016-04-18 13:00:00,368,81.6711956521739,69.0,107.0
7007744171,2016-04-18 14:00:00,356,88.06179775280899,65.0,101.0
7007744171,2016-04-18 15:00:00,408,95.57107843137256,78.0,108.0
7007744171,2016-04-18 16:00:00,426,93.82629107981221,76.0,114.0
7007744171,2016-04-18 17:00:00,371,93.84636118598382,78.0,116.0
7007744171,2016-04-18 18:00:00,352,87.79829545454545,80.0,96.0
7007744171,2016-04-18 19:00:00,374,90.26737967914438,80.0,128.0
7007744171,2016-04-18 20:00:00,305,89.96393442622951,85.0,99.0
7007744171,2016-04-18 21:00:00,339,87.27433628318585,80.0,102.0
7007744171,2016-04-18 22:00:00,52,90.46153846153847,84.0,105.0
7007744171,2016-04-19 06:00:00,179,101.22905027932961,83.0,115.0
7007744171,2016-04-19 07:00:00,470,99.72553191489362,86.0,130.0
7007744171,2016-04-19 08:00:00,496,113.72782258064517,89.0,136.0
7007744171,2016-04-19 09:00:00,425,99.27529411764706,78.0,121.0
7007744171,2016-04-19 10:00:00,361,93.29362880886427,80.0,133.0
7007744171,2016-04-19 11:00:00,387,93.5452196382429,80.0,110.0
7007744171,2016-04-19 12:00:00,359,86.94428969359332,69.0,107.0
7007744171,2016-04-19 13:00:00,327,83.3914373088685,68.0,103.0
7007744171,2016-04-19 14:00:00,385,90.16623376623376,72.0,113.0
7007744171,2016-04-19 15:00:00,382,90.52356020942409,67.0,111.0
7007744171,2016-04-19 16:00:00,394,93.0253807106599,79.0,114.0
7007744171,2016-04-19 17:00:00,409,98.0,69.0,138.0
7007744171,2016-04-19 18:00:00,365,94.88219178082191,79.0,112.0
7007744171,2016-04-19 19:00:00,385,94.38701298701298,73.0,112.0
7007744171,2016-04-19 20:00:00,355,80.0056338028169,68.0,103.0
7007744171,2016-04-19 21:00:00,58,74.06896551724138,70.0,84.0
7007744171,2016-04-20 05:00:00,6,84.0,84.0,84.0
7007744171,2016-04-20 06:00:00,307,92.64820846905538,70.0,108.0
7007744171,2016-04-20 07:00:00,404,89.37623762376238,78.0,108.0
7007744171,2016-04-20 08:00:00,495,132.06262626262625,93.0,151.0
7007744171,2016-04-20 09:00:00,465,111.92258064516129,87.0,138.0
7007744171,2016-04-20 10:00:00,335,83.36417910447761,76.0,108.0
7007744171,2016-04-20 11:00:00,399,90.03007518796993,79.0,112.0
7007744171,2016-04-20 12:00:00,405,90.72592592592592,77.0,119.0
7007744171,2016-04-20 13:00:00,386,92.51295336787565,70.0,115.0
7007744171,2016-04-20 14:00:00,380,92.24473684210527,78.0,105.0
7007744171,2016-04-20 15:00:00,353,82.8271954674221,76.0,106.0
7007744171,2016-04-20 16:00:00,384,94.75260416666667,80.0,114.0
7007744171,2016-04-20 17:00:00,394,97.40862944162437,85.0,115.0
7007744171,2016-04-20 18:00:00,410,98.64390243902439,81.0,111.0
7007744171,2016-04-20 19:00:00,433,96.44341801385681,77.0,121.0
7007744171,2016-04-20 20:00:00,326,90.29141104294479,70.0,115.0
7007744171,2016-04-20 21:00:00,4,70.0,70.0,70.0
7007744171,2016-04-21 06:00:00,331,98.46525679758308,70.0,118.0
7007744171,2016-04-21 07:00:00,402,94.81592039800995,77.0,118.0
7007744171,2016-04-21 08:00:00,435,109.82988505747126,78.0,136.0
7007744171,2016-04-21 09:00:00,451,106.99556541019956,87.0,124.0
7007744171,2016-04-21 10:00:00,388,92.49226804123711,78.0,116.0
7007744171,2016-04-21 11:00:00,365,86.3917808219178,75.0,100.0
7007744171,2016-04-21 12:00:00,375,86.22666666666667,72.0,119.0
7007744171,2016-04-21 13:00:00,418,99.53349282296651,87.0,121.0
7007744171,2016-04-21 14:00:00,363,94.04132231404958,70.0,118.0
7007744171,2016-04-21 15:00:00,375,88.608,79.0,104.0
7007744171,2016-04-21 16:00:00,389,92.86889460154242,77.0,131.0
7007744171,2016-04-21 17:00:00,348,84.06896551724138,71.0,103.0
7007744171,2016-04-21 18:00:00,307,85.89250814332247,70.0,102.0
7007744171,2016-04-21 19:00:00,364,85.93406593406593,74.0,115.0
7007744171,2016-04-21 20:00:00,352,75.36079545454545,67.0,91.0
7007744171,2016-04-21 21:00:00,157,73.56687898089172,64.0,91.0
7007744171,2016-04-22 06:00:00,178,89.48876404494382,70.0,102.0
7007744171,2016-04-22 07:00:00,395,81.92151898734177,70.0,115.0
7007744171,2016-04-22 08:00:00,511,115.06849315068493,75.0,135.0
7007744171,2016-04-22 09:00:00,398,97.35678391959799,70.0,134.0
7007744171,2016-04-22 10:00:00,339,80.20648967551622,68.0,92.0
7007744171,2016-04-22 11:00:00,370,88.06486486486486,76.0,107.0
7007744171,2016-04-22 12:00:00,379,85.07387862796834,71.0,98.0
7007744171,2016-04-22 13:00:00,339,92.47492625368731,87.0,102.0
7007744171,2016-04-22 14:00:00,166,93.2289156626506,86.0,100.0
7007744171,2016-04-22 15:00:00,337,85.40356083086053,69.0,112.0
7007744171,2016-04-22 16:00:00,468,106.86538461538461,89.0,140.0
7007744171,2016-04-22 17:00:00,461,103.25379609544468,78.0,128.0
7007744171,2016-04-22 18:00:00,376,82.24734042553192,68.0,106.0
7007744171,2016-04-22 19:00:00,494,112.3076923076923,72.0,156.0
7007744171,2016-04-22 20:00:00,362,89.49723756906077,64.0,121.0
7007744171,2016-04-22 21:00:00,252,68.48809523809524,57.0,80.0
7007744171,2016-04-23 06:00:00,273,88.58974358974359,72.0,107.0
7007744171,2016-04-23 07:00:00,396,91.95959595959596,75.0,118.0
7007744171,2016-04-23 08:00:00,455,100.55604395604395,66.0,135.0
7007744171,2016-04-23 09:00:00,246,82.6178861788618,73.0,108.0
7007744171,2016-04-23 10:00:00,390,81.83589743589744,69.0,110.0
7007744171,2016-04-23 11:00:00,493,100.22718052738337,72.0,117.0
7007744171,2016-04-23 12:00:00,407,91.35135135135135,74.0,113.0
7007744171,2016-04-23 13:00:00,368,101.3913043478261,82.0,119.0
7007744171,2016-04-23 17:00:00,6,90.0,70.0,100.0
7007744171,2016-04-24 06:00:00,164,95.8170731707317,84.0,122.0
7007744171,2016-04-24 07:00:00,397,87.29722921914357,73.0,103.0
7007744171,2016-04-24 08:00:00,431,90.83990719257541,66.0,111.0
7007744171,2016-04-24 09:00:00,457,98.09628008752735,78.0,118.0
7007744171,2016-04-24 10:00:00,433,99.16166281755196,70.0,116.0
7007744171,2016-04-24 11:00:00,387,86.37209302325581,70.0,110.0
7007744171,2016-04-24 12:00:00,426,97.5093896713615,77.0,118.0
7007744171,2016-04-24 13:00:00,448,100.27232142857143,84.0,120.0
7007744171,2016-04-24 14:00:00,418,97.11244019138756,85.0,110.0
7007744171,2016-04-24 15:00:00,424,95.63915094339623,83.0,110.0
7007744171,2016-04-24 16:00:00,151,101.66887417218543,89.0,121.0
7007744171,2016-04-24 17:00:00,2,121.0,121.0,121.0
7007744171,2016-04-25 06:00:00,319,95.26959247648902,60.0,113.0
7007744171,2016-04-25 07:00:00,476,106.03991596638656,83.0,130.0
7007744171,2016-04-25 08:00:00,506,111.42885375494072,94.0,137.0
7007744171,2016-04-25 09:00:00,473,106.07188160676533,83.0,133.0
7007744171,2016-04-25 10:00:00,471,105.23779193205945,89.0,124.0
7007744171,2016-04-25 11:00:00,352,86.80113636363636,76.0,108.0
7007744171,2016-04-25 12:00:00,465,97.49677419354839,78.0,116.0
7007744171,2016-04-25 13:00:00,467,97.06852248394004,70.0,123.0
7007744171,2016-04-25 14:00:00,377,85.84615384615384,70.0,108.0
7007744171,2016-04-25 15:00:00,387,88.19896640826873,68.0,105.0
7007744171,2016-04-25 16:00:00,360,75.87222222222222,64.0,97.0
7007744171,2016-04-25 17:00:00,410,82.49024390243902,68.0,114.0
7007744171,2016-04-25 18:00:00,427,92.34192037470726,79.0,114.0
7007744171,2016-04-25 19:00:00,369,82.11111111111111,73.0,99.0
7007744171,2016-04-25 20:00:00,334,91.5119760479042,72.0,111.0
7007744171,2016-04-26 05:00:00,4,76.5,70.0,83.0
7007744171,2016-04-26 06:00:00,335,97.66865671641791,70.0,131.0
7007744171,2016-04-26 07:00:00,418,92.13397129186603,75.0,119.0
7007744171,2016-04-26 08:00:00,433,78.37413394919169,68.0,103.0
7007744171,2016-04-26 09:00:00,459,93.89978213507625,65.0,137.0
7007744171,2016-04-26 10:00:00,519,100.20038535645472,74.0,143.0
7007744171,2016-04-26 11:00:00,485,98.43711340206185,77.0,130.0
7007744171,2016-04-26 12:00:00,512,107.51171875,77.0,140.0
7007744171,2016-04-26 13:00:00,421,86.39904988123516,75.0,109.0
7007744171,2016-04-26 14:00:00,378,79.25661375661376,69.0,99.0
7007744171,2016-04-26 15:00:00,453,90.0794701986755,70.0,120.0
7007744171,2016-04-26 16:00:00,360,97.65555555555555,77.0,116.0
7007744171,2016-04-26 17:00:00,404,91.54702970297029,75.0,112.0
7007744171,2016-04-26 18:00:00,417,89.70023980815348,70.0,117.0
7007744171,2016-04-26 19:00:00,348,82.54022988505747,74.0,102.0
7007744171,2016-04-26 20:00:00,335,79.43582089552238,71.0,92.0
7007744171,2016-04-26 21:00:00,357,77.92997198879551,63.0,92.0
7007744171,2016-04-26 22:00:00,407,91.41523341523342,73.0,116.0
7007744171,2016-04-26 23:00:00,84,69.60714285714286,63.0,81.0
7007744171,2016-04-27 06:00:00,327,94.15290519877676,77.0,122.0
7007744171,2016-04-27 07:00:00,432,88.82638888888889,71.0,109.0
7007744171,2016-04-27 08:00:00,505,113.23168316831683,77.0,137.0
7007744171,2016-04-27 09:00:00,405,102.98765432098766,82.0,129.0
7007744171,2016-04-27 10:00:00,354,84.13841807909604,71.0,106.0
7007744171,2016-04-27 11:00:00,390,85.75128205128205,72.0,111.0
7007744171,2016-04-27 12:00:00,402,95.40796019900498,74.0,117.0
7007744171,2016-04-27 13:00:00,418,96.58612440191388,76.0,121.0
7007744171,2016-04-27 14:00:00,382,89.3717277486911,78.0,111.0
7007744171,2016-04-27 15:00:00,419,102.30310262529832,83.0,130.0
7007744171,2016-04-27 16:00:00,397,93.22418136020151,77.0,122.0
7007744171,2016-04-27 17:00:00,440,103.36363636363636,85.0,130.0
7007744171,2016-04-27 18:00:00,313,95.63578274760384,84.0,114.0
7007744171,2016-04-27 19:00:00,315,87.44761904761904,76.0,113.0
7007744171,2016-04-27 20:00:00,262,81.62213740458016,72.0,101.0
7007744171,2016-04-28 06:00:00,320,94.49375,70.0,142.0
7007744171,2016-04-28 07:00:00,434,90.99308755760369,70.0,133.0
7007744171,2016-04-28 08:00:00,466,92.35407725321889,64.0,117.0
7007744171,2016-04-28 09:00:00,500,103.006,93.0,118.0
7007744171,2016-04-28 10:00:00,527,111.2011385199241,89.0,152.0
7007744171,2016-04-28 11:00:00,463,101.90928725701944,74.0,125.0
7007744171,2016-04-28 12:00:00,223,96.52466367713005,80.0,113.0
7007744171,2016-04-28 13:00:00,355,100.49859154929578,87.0,119.0
7007744171,2016-04-28 14:00:00,388,85.75515463917526,69.0,118.0
7007744171,2016-04-28 15:00:00,375,76.62933333333334,66.0,93.0
7007744171,2016-04-28 16:00:00,372,75.52956989247312,62.0,115.0
7007744171,2016-04-28 17:00:00,337,79.60830860534125,69.0,99.0
7007744171,2016-04-28 18:00:00,374,81.27540106951872,67.0,105.0
7007744171,2016-04-28 19:00:00,450,83.06,67.0,115.0
7007744171,2016-04-28 20:00:00,402,78.57462686567165,60.0,132.0
7007744171,2016-04-28 21:00:00,324,64.46604938271605,58.0,76.0
7007744171,2016-04-29 06:00:00,254,89.85039370078741,67.0,108.0
7007744171,2016-04-29 07:00:00,408,101.77696078431373,79.0,116.0
7007744171,2016-04-29 08:00:00,435,109.39310344827587,92.0,123.0
7007744171,2016-04-29 09:00:00,417,92.1990407673861,69.0,120.0
7007744171,2016-04-29 10:00:00,367,84.31062670299727,70.0,145.0
7007744171,2016-04-29 11:00:00,420,80.95952380952382,63.0,120.0
7007744171,2016-04-29 12:00:00,400,90.155,71.0,111.0
7007744171,2016-04-29 13:00:00,391,86.9079283887468,74.0,111.0
7007744171,2016-04-29 14:00:00,499,97.2064128256513,84.0,125.0
7007744171,2016-04-29 15:00:00,389,92.74807197943444,79.0,114.0
7007744171,2016-04-29 16:00:00,381,94.9501312335958,79.0,117.0
7007744171,2016-04-29 17:00:00,482,105.06639004149378,78.0,142.0
7007744171,2016-04-29 18:00:00,462,94.16666666666667,66.0,132.0
7007744171,2016-04-29 19:00:00,486,100.10288065843622,75.0,137.0
7007744171,2016-04-29 20:00:00,407,87.2014742014742,71.0,111.0
7007744171,2016-04-29 21:00:00,357,87.86834733893558,71.0,108.0
7007744171,2016-04-30 07:00:00,112,89.92857142857143,82.0,103.0
7007744171,2016-04-30 08:00:00,419,89.22195704057279,68.0,110.0
7007744171,2016-04-30 09:00:00,378,100.73809523809524,73.0,124.0
7007744171,2016-04-30 10:00:00,379,78.39841688654353,62.0,114.0
7007744171,2016-04-30 11:00:00,371,74.633423180593,63.0,96.0
7007744171,2016-04-30 12:00:00,366,76.39071038251366,66.0,97.0
7007744171,2016-04-30 13:00:00,294,86.81972789115646,67.0,120.0
7007744171,2016-04-30 14:00:00,354,80.57062146892656,70.0,102.0
7007744171,2016-04-30 15:00:00,345,74.30144927536232,64.0,99.0
7007744171,2016-04-30 16:00:00,344,76.65406976744185,67.0,98.0
7007744171,2016-04-30 17:00:00,351,87.18518518518519,68.0,110.0
7007744171,2016-04-30 18:00:00,361,75.4016620498615,61.0,113.0
7007744171,2016-04-30 19:00:00,346,74.21676300578035,62.0,92.0
7007744171,2016-04-30 20:00:00,360,72.05,64.0,88.0
7007744171,2016-04-30 21:00:00,342,74.16666666666667,64.0,101.0
7007744171,2016-04-30 22:00:00,99,77.37373737373737,70.0,92.0
7007744171,2016-04-30 23:00:00,4,70.0,70.0,70.0
7007744171,2016-05-01 06:00:00,2,70.0,70.0,70.0
7007744171,2016-05-01 07:00:00,251,86.95219123505976,57.0,104.0
7007744171,2016-05-01 08:00:00,329,81.84498480243161,64.0,109.0
7007744171,2016-05-01 09:00:00,395,85.80253164556962,66.0,120.0
7007744171,2016-05-01 10:00:00,376,73.55053191489361,59.0,99.0
7007744171,2016-05-01 11:00:00,331,68.03625377643505,59.0,89.0
7007744171,2016-05-01 12:00:00,352,76.84943181818181,60.0,106.0
7007744171,2016-05-01 13:00:00,439,110.85649202733485,96.0,128.0
7007744171,2016-05-01 14:00:00,382,84.58900523560209,68.0,100.0
7007744171,2016-05-01 15:00:00,397,84.45843828715365,69.0,110.0
7007744171,2016-05-01 16:00:00,422,93.20142180094787,74.0,112.0
7007744171,2016-05-01 17:00:00,336,82.14285714285714,70.0,106.0
7007744171,2016-05-01 18:00:00,332,84.0210843373494,70.0,92.0
7007744171,2016-05-01 19:00:00,307,83.83387622149837,74.0,102.0
7007744171,2016-05-01 21:00:00,4,107.0,107.0,107.0
7007744171,2016-05-02 06:00:00,339,92.05014749262537,70.0,112.0
7007744171,2016-05-02 07:00:00,388,80.52061855670104,69.0,102.0
7007744171,2016-05-02 08:00:00,470,112.71489361702127,82.0,134.0
7007744171,2016-05-02 09:00:00,408,106.28676470588235,86.0,123.0
7007744171,2016-05-02 10:00:00,470,105.8936170212766,79.0,147.0
7007744171,2016-05-02 11:00:00,373,87.58445040214477,68.0,106.0
7007744171,2016-05-02 12:00:00,369,82.04065040650407,71.0,98.0
7007744171,2016-05-02 13:00:00,357,73.80112044817928,63.0,95.0
7007744171,2016-05-02 14:00:00,361,80.49584487534626,64.0,98.0
7007744171,2016-05-02 15:00:00,355,80.75211267605634,71.0,99.0
7007744171,2016-05-02 16:00:00,350,75.54,64.0,92.0
7007744171,2016-05-02 17:00:00,383,85.46475195822454,69.0,104.0
7007744171,2016-05-02 18:00:00,349,74.13467048710602,64.0,93.0
7007744171,2016-05-02 19:00:00,372,69.41666666666667,58.0,96.0
7007744171,2016-05-02 20:00:00,327,68.15902140672783,60.0,79.0
7007744171,2016-05-02 21:00:00,90,81.4,70.0,94.0
7007744171,2016-05-03 06:00:00,266,100.61278195488721,79.0,121.0
7007744171,2016-05-03 07:00:00,458,107.52183406113537,79.0,138.0
7007744171,2016-05-03 08:00:00,412,107.84708737864078,85.0,130.0
7007744171,2016-05-03 09:00:00,408,94.49019607843137,72.0,122.0
7007744171,2016-05-03 10:00:00,359,83.83286908077994,72.0,102.0
7007744171,2016-05-03 11:00:00,422,92.89810426540285,72.0,112.0
7007744171,2016-05-03 12:00:00,408,94.125,72.0,116.0
7007744171,2016-05-03 13:00:00,428,103.91121495327103,83.0,138.0
7007744171,2016-05-03 14:00:00,390,86.45384615384616,65.0,122.0
7007744171,2016-05-03 15:00:00,372,86.5241935483871,70.0,106.0
7007744171,2016-05-03 16:00:00,392,84.2984693877551,66.0,109.0
7007744171,2016-05-03 17:00:00,382,94.72251308900523,72.0,112.0
7007744171,2016-05-03 18:00:00,320,89.475,75.0,106.0
7007744171,2016-05-03 19:00:00,350,81.21428571428571,70.0,108.0
7007744171,2016-05-03 20:00:00,379,95.44327176781003,73.0,131.0
7007744171,2016-05-03 21:00:00,293,82.8703071672355,68.0,106.0
7007744171,2016-05-05 06:00:00,279,94.94982078853046,70.0,113.0
7007744171,2016-05-05 07:00:00,394,103.24619289340102,76.0,130.0
7007744171,2016-05-05 08:00:00,427,107.2903981264637,81.0,125.0
7007744171,2016-05-05 09:00:00,446,109.63452914798206,85.0,133.0
7007744171,2016-05-05 10:00:00,423,103.67375886524823,75.0,125.0
7007744171,2016-05-05 11:00:00,350,90.09428571428572,78.0,102.0
7007744171,2016-05-05 12:00:00,182,94.68681318681318,73.0,113.0
7007744171,2016-05-05 13:00:00,197,101.8984771573604,70.0,121.0
7007744171,2016-05-05 14:00:00,389,97.41902313624679,82.0,118.0
7007744171,2016-05-05 15:00:00,424,96.13915094339623,83.0,122.0
7007744171,2016-05-05 16:00:00,417,93.94484412470024,78.0,113.0
7007744171,2016-05-05 17:00:00,395,88.7012658227848,76.0,110.0
7007744171,2016-05-05 18:00:00,397,90.10831234256926,79.0,115.0
7007744171,2016-05-05 19:00:00,105,86.97142857142858,75.0,110.0
7007744171,2016-05-06 05:00:00,19,96.52631578947368,89.0,110.0
7007744171,2016-05-06 06:00:00,614,116.42996742671009,88.0,166.0
7007744171,2016-05-06 07:00:00,468,97.21581196581197,70.0,121.0
7007744171,2016-05-06 08:00:00,338,103.94082840236686,80.0,135.0
7007744171,2016-05-06 09:00:00,431,94.4431554524362,77.0,120.0
7007744171,2016-05-06 10:00:00,334,77.72155688622755,69.0,96.0
7007744171,2016-05-06 11:00:00,385,82.82077922077922,67.0,109.0
7007744171,2016-05-06 12:00:00,394,82.11167512690355,69.0,102.0
7007744171,2016-05-06 13:00:00,392,87.78061224489795,72.0,112.0
7007744171,2016-05-06 14:00:00,342,76.05555555555556,67.0,99.0
7007744171,2016-05-06 15:00:00,413,79.72397094430993,66.0,107.0
7007744171,2016-05-06 16:00:00,349,72.99140401146131,63.0,96.0
7007744171,2016-05-06 17:00:00,348,73.84770114942529,62.0,97.0
7007744171,2016-05-06 18:00:00,355,80.01408450704226,62.0,102.0
7007744171,2016-05-06 19:00:00,332,81.84939759036145,68.0,130.0
7007744171,2016-05-06 20:00:00,366,75.10928961748634,64.0,97.0
8792009665,2016-04-12 00:00:00,2,70.0,70.0,70.0
8792009665,2016-04-12 01:00:00,2,70.0,70.0,70.0
8792009665,2016-04-12 02:00:00,242,65.06611570247934,59.0,128.0
8792009665,2016-04-12 03:00:00,316,58.889240506329116,54.0,64.0
8792009665,2016-04-12 04:00:00,310,60.66774193548387,56.0,107.0
8792009665,2016-04-12 05:00:00,328,59.204268292682926,52.0,81.0
8792009665,2016-04-12 06:00:00,325,58.403076923076924,54.0,92.0
8792009665,2016-04-12 07:00:00,339,58.32448377581121,48.0,81.0
8792009665,2016-04-12 08:00:00,338,58.97337278106509,51.0,106.0
8792009665,2016-04-12 09:00:00,333,57.969969969969966,53.0,118.0
8792009665,2016-04-12 10:00:00,380,71.12631578947368,54.0,102.0
8792009665,2016-04-12 11:00:00,364,66.01923076923077,59.0,88.0
8792009665,2016-04-12 12:00:00,379,83.78100263852242,59.0,123.0
8792009665,2016-04-12 13:00:00,391,78.69820971867007,71.0,92.0
8792009665,2016-04-12 14:00:00,359,75.86350974930362,71.0,84.0
8792009665,2016-04-12 15:00:00,363,77.53994490358127,64.0,111.0
8792009665,2016-04-12 16:00:00,348,69.95402298850574,58.0,100.0
8792009665,2016-04-12 17:00:00,156,71.17307692307692,70.0,84.0
8792009665,2016-04-12 18:00:00,316,86.7246835443038,62.0,135.0
8792009665,2016-04-12 19:00:00,483,81.77225672877847,60.0,117.0
8792009665,2016-04-12 20:00:00,378,67.0,56.0,89.0
8792009665,2016-04-12 21:00:00,360,62.18055555555556,53.0,98.0
8792009665,2016-04-12 22:00:00,377,66.54907161803713,57.0,91.0
8792009665,2016-04-12 23:00:00,398,70.21105527638191,54.0,97.0
8792009665,2016-04-13 00:00:00,393,70.43256997455471,56.0,108.0
8792009665,2016-04-13 01:00:00,194,66.6340206185567,59.0,98.0
8792009665,2016-04-13 02:00:00,264,65.42045454545455,60.0,74.0
8792009665,2016-04-13 03:00:00,327,65.48929663608563,53.0,76.0
8792009665,2016-04-13 04:00:00,325,63.11076923076923,54.0,76.0
8792009665,2016-04-13 05:00:00,162,63.135802469135804,56.0,91.0
8792009665,2016-04-13 06:00:00,323,59.411764705882355,53.0,104.0
8792009665,2016-04-13 07:00:00,347,57.97982708933718,50.0,99.0
8792009665,2016-04-13 08:00:00,339,54.96165191740413,45.0,86.0
8792009665,2016-04-13 09:00:00,336,57.04761904761905,51.0,78.0
8792009665,2016-04-13 10:00:00,353,63.08215297450425,43.0,96.0
8792009665,2016-04-13 11:00:00,402,70.88059701492537,58.0,105.0
8792009665,2016-04-13 12:00:00,375,74.056,62.0,86.0
8792009665,2016-04-13 13:00:00,395,77.22278481012658,65.0,119.0
8792009665,2016-04-13 14:00:00,383,67.48041775456919,59.0,80.0
8792009665,2016-04-13 15:00:00,390,68.26666666666667,60.0,111.0
8792009665,2016-04-13 16:00:00,363,62.07713498622589,56.0,75.0
8792009665,2016-04-13 17:00:00,286,68.7937062937063,59.0,97.0
8792009665,2016-04-13 18:00:00,132,81.28030303030303,64.0,101.0
8792009665,2016-04-13 19:00:00,434,84.63594470046083,71.0,121.0
8792009665,2016-04-13 20:00:00,392,78.36734693877551,68.0,104.0
8792009665,2016-04-13 21:00:00,378,73.01587301587301,63.0,82.0
8792009665,2016-04-13 22:00:00,384,71.91927083333333,65.0,105.0
8792009665,2016-04-13 23:00:00,367,73.05177111716621,64.0,87.0
8792009665,2016-04-14 00:00:00,401,81.21197007481297,59.0,124.0
8792009665,2016-04-14 01:00:00,352,74.92329545454545,62.0,110.0
8792009665,2016-04-14 02:00:00,332,63.06927710843374,54.0,82.0
8792009665,2016-04-14 03:00:00,308,63.69155844155844,57.0,79.0
8792009665,2016-04-14 04:00:00,279,61.738351254480285,54.0,85.0
8792009665,2016-04-14 05:00:00,341,55.75073313782991,47.0,73.0
8792009665,2016-04-14 06:00:00,300,60.14,51.0,106.0
8792009665,2016-04-14 07:00:00,341,59.26979472140763,52.0,86.0
8792009665,2016-04-14 08:00:00,343,55.83673469387755,49.0,75.0
8792009665,2016-04-14 09:00:00,319,58.35423197492163,51.0,105.0
8792009665,2016-04-14 10:00:00,339,57.32448377581121,46.0,78.0
8792009665,2016-04-14 11:00:00,410,74.43170731707318,58.0,100.0
8792009665,2016-04-14 12:00:00,381,75.95538057742782,65.0,101.0
8792009665,2016-04-14 13:00:00,369,76.34688346883469,64.0,87.0
8792009665,2016-04-14 14:00:00,391,74.17647058823529,58.0,83.0
8792009665,2016-04-14 15:00:00,387,70.88888888888889,57.0,93.0
8792009665,2016-04-14 16:00:00,360,70.41666666666667,64.0,83.0
8792009665,2016-04-14 17:00:00,221,80.41176470588235,66.0,119.0
8792009665,2016-04-14 18:00:00,232,81.40086206896552,63.0,110.0
8792009665,2016-04-14 21:00:00,249,72.69076305220884,61.0,105.0
8792009665,2016-04-14 22:00:00,416,71.9014423076923,62.0,89.0
8792009665,2016-04-14 23:00:00,390,77.46153846153847,67.0,96.0
8792009665,2016-04-15 00:00:00,392,76.10969387755102,60.0,116.0
8792009665,2016-04-15 01:00:00,374,64.36096256684492,56.0,83.0
8792009665,2016-04-15 02:00:00,367,68.49863760217984,59.0,98.0
8792009665,2016-04-15 03:00:00,298,66.00335570469798,61.0,83.0
8792009665,2016-04-15 04:00:00,320,64.653125,56.0,88.0
8792009665,2016-04-15 05:00:00,352,65.13920454545455,50.0,81.0
8792009665,2016-04-15 06:00:00,328,66.77439024390245,57.0,96.0
8792009665,2016-04-15 07:00:00,197,62.76142131979695,54.0,98.0
8792009665,2016-04-15 08:00:00,307,60.86970684039088,56.0,98.0
8792009665,2016-04-15 09:00:00,283,63.409893992932865,49.0,103.0
8792009665,2016-04-15 10:00:00,214,71.59345794392523,66.0,102.0
8792009665,2016-04-15 11:00:00,173,72.20809248554913,65.0,97.0
8792009665,2016-04-20 01:00:00,18,72.83333333333333,57.0,117.0
8792009665,2016-04-20 02:00:00,330,57.942424242424245,54.0,107.0
8792009665,2016-04-20 03:00:00,301,57.182724252491695,54.0,61.0
8792009665,2016-04-20 04:00:00,344,57.401162790697676,48.0,82.0
8792009665,2016-04-20 05:00:00,310,55.79032258064516,53.0,72.0
8792009665,2016-04-20 06:00:00,314,57.12738853503185,49.0,68.0
8792009665,2016-04-20 07:00:00,331,52.848942598187314,44.0,66.0
8792009665,2016-04-20 08:00:00,291,60.41580756013746,55.0,63.0
8792009665,2016-04-20 09:00:00,324,56.42901234567901,44.0,96.0
8792009665,2016-04-20 10:00:00,239,63.07949790794979,52.0,87.0
8792009665,2016-04-20 11:00:00,365,68.67397260273972,54.0,93.0
8792009665,2016-04-20 12:00:00,386,78.1321243523316,61.0,114.0
8792009665,2016-04-20 13:00:00,328,71.72560975609755,61.0,82.0
8792009665,2016-04-20 14:00:00,351,74.94586894586895,66.0,92.0
8792009665,2016-04-20 15:00:00,363,72.6969696969697,64.0,84.0
8792009665,2016-04-20 16:00:00,382,71.59947643979058,62.0,102.0
8792009665,2016-04-20 17:00:00,389,96.72236503856041,70.0,120.0
8792009665,2016-04-20 18:00:00,389,78.24678663239075,68.0,97.0
8792009665,2016-04-20 19:00:00,394,79.60659898477158,70.0,112.0
8792009665,2016-04-20 20:00:00,448,84.90625,68.0,112.0
8792009665,2016-04-20 21:00:00,408,76.62745098039215,59.0,102.0
8792009665,2016-04-20 22:00:00,398,65.90452261306532,54.0,94.0
8792009665,2016-04-20 23:00:00,362,71.19337016574586,55.0,86.0
8792009665,2016-04-21 00:00:00,180,80.9888888888889,66.0,108.0
8792009665,2016-04-21 10:00:00,2,70.0,70.0,70.0
8792009665,2016-04-21 13:00:00,2,75.0,75.0,75.0
8792009665,2016-04-22 00:00:00,29,70.82758620689656,46.0,123.0
8792009665,2016-04-22 01:00:00,366,76.88524590163935,68.0,123.0
8792009665,2016-04-22 02:00:00,274,67.55839416058394,64.0,98.0
8792009665,2016-04-22 03:00:00,294,65.70748299319727,59.0,79.0
8792009665,2016-04-22 04:00:00,317,65.5583596214511,63.0,68.0
8792009665,2016-04-22 05:00:00,312,59.32692307692308,49.0,93.0
8792009665,2016-04-22 06:00:00,309,60.090614886731395,55.0,78.0
8792009665,2016-04-22 07:00:00,333,57.111111111111114,45.0,80.0
8792009665,2016-04-22 08:00:00,340,62.09705882352941,44.0,107.0
8792009665,2016-04-22 09:00:00,401,63.22693266832918,54.0,108.0
8792009665,2016-04-22 10:00:00,389,65.32647814910025,56.0,81.0
8792009665,2016-04-22 11:00:00,433,68.24711316397229,56.0,116.0
8792009665,2016-04-22 12:00:00,388,66.47680412371135,55.0,113.0
8792009665,2016-04-22 13:00:00,396,68.7550505050505,59.0,85.0
8792009665,2016-04-22 14:00:00,365,67.06027397260274,53.0,75.0
8792009665,2016-04-22 15:00:00,402,68.88059701492537,56.0,100.0
8792009665,2016-04-22 16:00:00,381,86.85301837270342,61.0,115.0
8792009665,2016-04-22 17:00:00,433,89.76674364896074,68.0,113.0
8792009665,2016-04-22 18:00:00,394,88.13197969543147,63.0,131.0
8792009665,2016-04-22 19:00:00,406,90.3768472906404,65.0,114.0
8792009665,2016-04-22 20:00:00,392,82.58418367346938,61.0,114.0
8792009665,2016-04-22 21:00:00,339,60.33038348082596,54.0,73.0
8792009665,2016-04-22 22:00:00,367,59.566757493188014,53.0,75.0
8792009665,2016-04-22 23:00:00,369,61.390243902439025,54.0,72.0
8792009665,2016-04-23 00:00:00,379,72.87598944591029,57.0,117.0
8792009665,2016-04-23 01:00:00,368,76.58423913043478,61.0,119.0
8792009665,2016-04-23 02:00:00,336,66.57142857142857,58.0,89.0
8792009665,2016-04-23 03:00:00,341,61.56891495601173,56.0,74.0
8792009665,2016-04-23 04:00:00,289,64.97923875432527,56.0,78.0
8792009665,2016-04-23 05:00:00,331,66.99395770392749,51.0,81.0
8792009665,2016-04-23 06:00:00,337,68.96142433234421,60.0,90.0
8792009665,2016-04-23 07:00:00,359,61.34540389972145,48.0,93.0
8792009665,2016-04-23 08:00:00,333,61.08408408408408,52.0,90.0
8792009665,2016-04-23 09:00:00,391,75.36061381074168,55.0,115.0
8792009665,2016-04-23 10:00:00,221,92.48868778280543,77.0,130.0
8792009665,2016-04-23 11:00:00,475,86.90736842105264,68.0,112.0
8792009665,2016-04-23 12:00:00,394,79.18274111675127,68.0,103.0
8792009665,2016-04-23 13:00:00,476,106.78571428571429,81.0,141.0
8792009665,2016-04-23 14:00:00,402,88.3731343283582,70.0,118.0
8792009665,2016-04-23 15:00:00,413,86.71186440677967,69.0,123.0
8792009665,2016-04-23 16:00:00,477,87.37316561844864,66.0,124.0
8792009665,2016-04-23 17:00:00,417,89.12709832134293,75.0,112.0
8792009665,2016-04-23 18:00:00,427,90.18735362997658,74.0,115.0
8792009665,2016-04-23 19:00:00,359,78.56267409470752,70.0,91.0
8792009665,2016-04-23 20:00:00,421,77.16389548693587,62.0,104.0
8792009665,2016-04-23 21:00:00,385,70.65974025974026,61.0,103.0
8792009665,2016-04-23 22:00:00,391,66.7237851662404,58.0,82.0
8792009665,2016-04-23 23:00:00,373,70.27613941018767,60.0,84.0
8792009665,2016-04-24 00:00:00,365,66.96712328767123,57.0,87.0
8792009665,2016-04-24 01:00:00,308,86.78896103896103,55.0,120.0
8792009665,2016-04-26 09:00:00,217,66.53456221198157,55.0,112.0
8792009665,2016-04-26 10:00:00,357,61.63025210084034,55.0,73.0
8792009665,2016-04-26 11:00:00,345,62.94492753623189,54.0,105.0
8792009665,2016-04-26 12:00:00,216,69.74074074074075,56.0,110.0
8792009665,2016-04-26 13:00:00,364,69.78571428571429,59.0,84.0
8792009665,2016-04-26 14:00:00,371,70.4366576819407,57.0,91.0
8792009665,2016-04-26 15:00:00,361,66.73961218836565,59.0,83.0
8792009665,2016-04-26 16:00:00,388,64.97422680412372,55.0,83.0
8792009665,2016-04-26 17:00:00,425,76.58588235294117,56.0,101.0
8792009665,2016-04-26 18:00:00,413,86.0,67.0,114.0
8792009665,2016-04-26 19:00:00,357,78.59663865546219,70.0,101.0
8792009665,2016-04-26 20:00:00,375,70.72,59.0,100.0
8792009665,2016-04-26 21:00:00,401,66.33416458852868,58.0,90.0
8792009665,2016-04-26 22:00:00,376,67.19946808510639,61.0,77.0
8792009665,2016-04-26 23:00:00,382,65.31675392670157,58.0,97.0
8792009665,2016-04-27 00:00:00,406,82.66748768472907,61.0,127.0
8792009665,2016-04-27 01:00:00,359,73.4707520891365,57.0,120.0
8792009665,2016-04-27 02:00:00,340,63.72352941176471,59.0,70.0
8792009665,2016-04-27 03:00:00,311,62.22186495176849,55.0,84.0
8792009665,2016-04-27 04:00:00,339,53.976401179941,43.0,63.0
8792009665,2016-04-27 05:00:00,342,55.69005847953216,44.0,75.0
8792009665,2016-04-27 06:00:00,333,57.351351351351354,53.0,75.0
8792009665,2016-04-27 07:00:00,353,55.4985835694051,45.0,82.0
8792009665,2016-04-27 08:00:00,289,53.982698961937714,46.0,58.0
8792009665,2016-04-27 09:00:00,396,69.29292929292929,51.0,125.0
8792009665,2016-04-27 10:00:00,358,62.05865921787709,55.0,77.0
8792009665,2016-04-27 11:00:00,392,68.01785714285714,55.0,107.0
8792009665,2016-04-27 12:00:00,392,69.9438775510204,60.0,83.0
8792009665,2016-04-27 13:00:00,394,70.50253807106598,59.0,124.0
8792009665,2016-04-27 14:00:00,379,69.17150395778364,61.0,81.0
8792009665,2016-04-27 15:00:00,340,68.76764705882353,59.0,83.0
8792009665,2016-04-27 16:00:00,268,77.1044776119403,67.0,98.0
8792009665,2016-04-27 17:00:00,151,97.95364238410596,70.0,132.0
8792009665,2016-04-27 18:00:00,383,87.0130548302872,66.0,104.0
8792009665,2016-04-27 19:00:00,361,75.73130193905817,62.0,103.0
8792009665,2016-04-27 20:00:00,395,71.17721518987342,56.0,97.0
8792009665,2016-04-27 21:00:00,391,71.90281329923273,62.0,97.0
8792009665,2016-04-27 22:00:00,368,72.16576086956522,65.0,81.0
8792009665,2016-04-27 23:00:00,366,70.10109289617486,63.0,92.0
8792009665,2016-04-28 00:00:00,385,73.43116883116883,61.0,107.0
8792009665,2016-04-28 01:00:00,397,67.4030226700252,55.0,104.0
8792009665,2016-04-28 02:00:00,379,68.9023746701847,53.0,121.0
8792009665,2016-04-28 03:00:00,310,56.616129032258065,53.0,59.0
8792009665,2016-04-28 04:00:00,322,52.559006211180126,46.0,60.0
8792009665,2016-04-28 05:00:00,337,53.611275964391695,44.0,66.0
8792009665,2016-04-28 06:00:00,311,59.649517684887456,52.0,81.0
8792009665,2016-04-28 07:00:00,241,60.87966804979253,51.0,70.0
8792009665,2016-04-28 08:00:00,328,56.72560975609756,50.0,104.0
8792009665,2016-04-28 09:00:00,389,70.3547557840617,47.0,122.0
8792009665,2016-04-28 10:00:00,449,80.59688195991092,62.0,114.0
8792009665,2016-04-28 11:00:00,401,74.50872817955113,61.0,114.0
8792009665,2016-04-28 12:00:00,387,74.01808785529715,63.0,87.0
8792009665,2016-04-28 13:00:00,401,85.66832917705736,68.0,126.0
8792009665,2016-04-28 14:00:00,400,91.2275,70.0,125.0
8792009665,2016-04-28 15:00:00,462,87.66883116883118,63.0,110.0
8792009665,2016-04-28 16:00:00,489,88.57668711656441,74.0,111.0
8792009665,2016-04-28 17:00:00,476,94.34453781512605,68.0,134.0
8792009665,2016-04-28 18:00:00,462,94.71645021645021,74.0,112.0
8792009665,2016-04-28 19:00:00,432,97.17361111111111,72.0,120.0
8792009665,2016-04-28 20:00:00,424,89.40094339622641,74.0,129.0
8792009665,2016-04-28 21:00:00,390,74.92820512820512,62.0,85.0
8792009665,2016-04-28 22:00:00,392,71.20918367346938,61.0,80.0
8792009665,2016-04-28 23:00:00,410,75.75121951219512,65.0,114.0
8792009665,2016-04-29 00:00:00,434,81.76036866359448,62.0,117.0
8792009665,2016-04-29 01:00:00,387,81.43152454780362,63.0,114.0
8792009665,2016-04-29 02:00:00,351,70.93162393162393,57.0,120.0
8792009665,2016-04-29 03:00:00,329,62.121580547112465,59.0,65.0
8792009665,2016-04-29 04:00:00,331,58.60422960725076,50.0,74.0
8792009665,2016-04-29 05:00:00,331,64.33232628398791,56.0,87.0
8792009665,2016-04-29 06:00:00,327,66.62691131498471,52.0,74.0
8792009665,2016-04-29 07:00:00,350,60.645714285714284,48.0,76.0
8792009665,2016-04-29 08:00:00,308,63.61363636363637,54.0,71.0
8792009665,2016-04-29 09:00:00,416,81.1514423076923,59.0,98.0
8792009665,2016-04-29 10:00:00,487,93.83572895277207,72.0,158.0
8792009665,2016-04-29 11:00:00,412,83.05339805825243,60.0,133.0
8792009665,2016-04-29 12:00:00,388,67.28092783505154,56.0,101.0
8792009665,2016-04-29 13:00:00,373,69.00804289544236,57.0,108.0
8792009665,2016-04-29 14:00:00,503,100.1868787276342,79.0,133.0
8792009665,2016-04-29 15:00:00,464,94.12931034482759,75.0,120.0
8792009665,2016-04-29 16:00:00,496,95.45362903225806,73.0,118.0
8792009665,2016-04-29 17:00:00,497,91.7364185110664,72.0,112.0
8792009665,2016-04-29 18:00:00,443,89.54401805869074,60.0,111.0
8792009665,2016-04-29 19:00:00,435,88.81379310344828,74.0,118.0
8792009665,2016-04-29 20:00:00,469,93.21961620469084,74.0,120.0
8792009665,2016-04-29 21:00:00,300,79.47,65.0,106.0
8792009665,2016-04-29 23:00:00,76,87.59210526315789,74.0,100.0
8792009665,2016-04-30 00:00:00,364,75.70054945054945,63.0,112.0
8792009665,2016-04-30 01:00:00,331,75.46223564954683,66.0,94.0
8792009665,2016-04-30 02:00:00,292,72.01027397260275,63.0,105.0
8792009665,2016-04-30 03:00:00,238,63.50840336134454,56.0,97.0
8792009665,2016-04-30 04:00:00,274,65.93065693430657,59.0,71.0
8792009665,2016-04-30 05:00:00,316,65.86075949367088,60.0,72.0
8792009665,2016-04-30 06:00:00,325,65.82153846153847,57.0,86.0
8792009665,2016-04-30 07:00:00,362,60.61878453038674,48.0,106.0
8792009665,2016-04-30 08:00:00,312,67.88141025641026,49.0,94.0
8792009665,2016-04-30 09:00:00,403,89.94292803970224,59.0,132.0
8792009665,2016-04-30 10:00:00,415,89.33975903614459,78.0,122.0
8792009665,2016-04-30 11:00:00,398,85.09547738693468,72.0,107.0
8792009665,2016-04-30 12:00:00,430,85.0953488372093,65.0,113.0
8792009665,2016-04-30 13:00:00,426,88.14084507042253,64.0,111.0
8792009665,2016-04-30 14:00:00,433,85.83140877598153,70.0,107.0
8792009665,2016-04-30 15:00:00,392,96.55357142857143,79.0,127.0
8792009665,2016-04-30 16:00:00,400,89.175,78.0,115.0
8792009665,2016-04-30 17:00:00,366,93.23770491803279,84.0,116.0
8792009665,2016-04-30 18:00:00,461,97.19088937093275,69.0,127.0
8792009665,2016-04-30 19:00:00,471,96.76433121019109,73.0,130.0
8792009665,2016-04-30 20:00:00,430,82.4186046511628,65.0,103.0
8792009665,2016-04-30 21:00:00,422,83.25355450236967,69.0,115.0
8792009665,2016-04-30 22:00:00,372,73.44623655913979,64.0,100.0
8792009665,2016-04-30 23:00:00,389,73.24421593830334,58.0,96.0
8792009665,2016-05-01 00:00:00,355,71.6281690140845,60.0,99.0
8792009665,2016-05-01 01:00:00,288,63.21180555555556,60.0,72.0
8792009665,2016-05-01 02:00:00,333,64.6066066066066,54.0,79.0
8792009665,2016-05-01 03:00:00,317,62.73501577287066,58.0,69.0
8792009665,2016-05-01 04:00:00,294,64.57142857142857,52.0,86.0
8792009665,2016-05-01 05:00:00,329,62.77203647416413,54.0,70.0
8792009665,2016-05-01 06:00:00,323,64.50773993808049,50.0,93.0
8792009665,2016-05-01 07:00:00,317,57.74447949526814,50.0,76.0
8792009665,2016-05-01 08:00:00,340,57.561764705882354,50.0,112.0
8792009665,2016-05-01 09:00:00,334,55.19461077844311,43.0,90.0
8792009665,2016-05-01 10:00:00,408,67.15441176470588,58.0,99.0
8792009665,2016-05-01 11:00:00,409,76.62347188264059,58.0,123.0
8792009665,2016-05-01 12:00:00,381,73.11023622047244,60.0,84.0
8792009665,2016-05-01 13:00:00,382,73.00523560209425,60.0,117.0
8792009665,2016-05-01 14:00:00,281,78.92170818505338,49.0,110.0
8792009665,2016-05-01 15:00:00,401,69.83042394014963,61.0,103.0
8792009665,2016-05-01 16:00:00,398,64.91959798994975,56.0,87.0
8792009665,2016-05-01 17:00:00,398,62.530150753768844,54.0,103.0
8792009665,2016-05-01 18:00:00,401,80.32418952618454,55.0,100.0
8792009665,2016-05-01 19:00:00,384,75.76041666666667,66.0,101.0
8792009665,2016-05-01 20:00:00,386,70.62694300518135,60.0,99.0
8792009665,2016-05-01 21:00:00,373,66.07774798927613,56.0,87.0
8792009665,2016-05-01 22:00:00,398,66.38190954773869,58.0,81.0
8792009665,2016-05-01 23:00:00,383,71.06005221932115,61.0,106.0
8792009665,2016-05-02 00:00:00,412,77.72330097087378,59.0,119.0
8792009665,2016-05-02 01:00:00,356,70.3567415730337,57.0,107.0
8792009665,2016-05-02 02:00:00,356,68.61797752808988,58.0,119.0
8792009665,2016-05-02 03:00:00,278,61.26258992805755,57.0,68.0
8792009665,2016-05-02 04:00:00,311,62.559485530546624,53.0,76.0
8792009665,2016-05-02 05:00:00,320,63.11875,58.0,74.0
8792009665,2016-05-02 06:00:00,347,55.13256484149856,45.0,74.0
8792009665,2016-05-02 07:00:00,324,58.51851851851852,49.0,74.0
8792009665,2016-05-02 08:00:00,323,58.43653250773994,48.0,89.0
8792009665,2016-05-02 09:00:00,334,64.58982035928143,52.0,111.0
8792009665,2016-05-02 10:00:00,352,62.24431818181818,56.0,74.0
8792009665,2016-05-02 11:00:00,409,75.57457212713936,56.0,129.0
8792009665,2016-05-02 12:00:00,367,78.87738419618529,70.0,101.0
8792009665,2016-05-02 13:00:00,365,73.84931506849315,67.0,87.0
8792009665,2016-05-02 14:00:00,363,72.37190082644628,65.0,84.0
8792009665,2016-05-02 15:00:00,378,68.38095238095238,58.0,90.0
8792009665,2016-05-02 16:00:00,323,71.73993808049535,59.0,87.0
8792009665,2016-05-02 17:00:00,103,70.0,70.0,70.0
8792009665,2016-05-02 18:00:00,346,65.23410404624278,55.0,108.0
8792009665,2016-05-02 19:00:00,368,59.983695652173914,55.0,67.0
8792009665,2016-05-02 20:00:00,364,62.46153846153846,53.0,95.0
8792009665,2016-05-02 21:00:00,360,59.81111111111111,50.0,80.0
8792009665,2016-05-02 22:00:00,394,74.96700507614213,63.0,91.0
8792009665,2016-05-02 23:00:00,364,75.4478021978022,62.0,90.0
8792009665,2016-05-03 00:00:00,366,76.86065573770492,64.0,113.0
8792009665,2016-05-03 01:00:00,389,78.11568123393316,63.0,106.0
8792009665,2016-05-03 02:00:00,298,64.19798657718121,57.0,70.0
8792009665,2016-05-03 03:00:00,266,68.203007518797,59.0,84.0
8792009665,2016-05-03 04:00:00,346,63.5635838150289,50.0,111.0
8792009665,2016-05-03 05:00:00,326,65.7760736196319,56.0,74.0
8792009665,2016-05-03 06:00:00,346,61.1242774566474,49.0,97.0
8792009665,2016-05-03 07:00:00,325,58.93538461538461,45.0,112.0
8792009665,2016-05-03 08:00:00,342,59.3187134502924,49.0,84.0
8792009665,2016-05-03 09:00:00,285,57.8280701754386,48.0,98.0
8792009665,2016-05-03 10:00:00,244,55.89344262295082,47.0,78.0
8792009665,2016-05-03 11:00:00,412,80.29611650485437,48.0,118.0
8792009665,2016-05-03 12:00:00,351,78.97720797720798,68.0,96.0
8792009665,2016-05-03 13:00:00,359,74.57938718662953,64.0,88.0
8792009665,2016-05-03 14:00:00,353,76.04815864022663,65.0,85.0
8792009665,2016-05-03 15:00:00,374,81.29946524064171,67.0,117.0
8792009665,2016-05-03 16:00:00,369,78.78861788617886,65.0,119.0
8792009665,2016-05-03 17:00:00,433,88.72055427251732,64.0,116.0
8792009665,2016-05-03 18:00:00,428,88.27570093457943,63.0,111.0
8792009665,2016-05-03 19:00:00,389,87.7917737789203,79.0,101.0
8792009665,2016-05-03 20:00:00,382,79.21989528795811,67.0,95.0
8792009665,2016-05-03 21:00:00,363,78.9641873278237,60.0,103.0
8792009665,2016-05-03 22:00:00,371,78.77088948787062,68.0,93.0
8792009665,2016-05-03 23:00:00,379,77.91029023746702,65.0,101.0
8792009665,2016-05-04 00:00:00,427,83.01873536299766,66.0,114.0
8792009665,2016-05-04 01:00:00,371,79.45013477088949,66.0,114.0
8792009665,2016-05-04 02:00:00,332,74.03012048192771,62.0,97.0
8792009665,2016-05-04 03:00:00,321,73.38940809968847,61.0,96.0
8792009665,2016-05-04 04:00:00,347,68.71757925072046,52.0,92.0
8792009665,2016-05-04 05:00:00,319,76.72100313479623,55.0,83.0
8792009665,2016-05-04 06:00:00,322,74.54968944099379,69.0,93.0
8792009665,2016-05-04 07:00:00,342,71.14912280701755,55.0,94.0
8792009665,2016-05-04 08:00:00,338,72.86094674556213,52.0,92.0
8792009665,2016-05-04 09:00:00,305,70.01639344262296,51.0,112.0
8792009665,2016-05-04 10:00:00,191,80.3455497382199,64.0,93.0
8877689391,2016-04-12 06:00:00,77,81.84415584415585,70.0,112.0
8877689391,2016-04-12 07:00:00,460,71.9608695652174,52.0,107.0
8877689391,2016-04-12 08:00:00,465,61.086021505376344,47.0,95.0
8877689391,2016-04-12 09:00:00,405,62.07654320987654,49.0,117.0
8877689391,2016-04-12 10:00:00,423,62.096926713947994,49.0,115.0
8877689391,2016-04-12 11:00:00,682,106.90322580645162,49.0,161.0
8877689391,2016-04-12 12:00:00,1274,144.00313971742543,75.0,164.0
8877689391,2016-04-12 13:00:00,450,70.6288888888889,61.0,96.0
8877689391,2016-04-12 14:00:00,436,65.34862385321101,58.0,73.0
8877689391,2016-04-12 15:00:00,454,77.52422907488987,57.0,113.0
8877689391,2016-04-12 16:00:00,425,76.48470588235294,58.0,102.0
8877689391,2016-04-12 17:00:00,494,77.66194331983806,62.0,103.0
8877689391,2016-04-12 18:00:00,539,91.73283858998144,58.0,126.0
8877689391,2016-04-12 19:00:00,465,72.85161290322581,54.0,94.0
8877689391,2016-04-12 20:00:00,452,73.35176991150442,59.0,93.0
8877689391,2016-04-12 21:00:00,442,76.0158371040724,64.0,108.0
8877689391,2016-04-12 22:00:00,337,73.03857566765579,62.0,93.0
8877689391,2016-04-13 06:00:00,6,79.5,69.0,91.0
8877689391,2016-04-13 07:00:00,470,72.36382978723404,59.0,95.0
8877689391,2016-04-13 08:00:00,427,62.149882903981265,53.0,101.0
8877689391,2016-04-13 09:00:00,423,62.082742316784866,52.0,104.0
8877689391,2016-04-13 10:00:00,458,64.10698689956332,52.0,105.0
8877689391,2016-04-13 11:00:00,443,64.53047404063206,50.0,98.0
8877689391,2016-04-13 12:00:00,501,94.8562874251497,54.0,160.0
8877689391,2016-04-13 13:00:00,435,60.86206896551724,54.0,86.0
8877689391,2016-04-13 14:00:00,434,60.91705069124424,54.0,80.0
8877689391,2016-04-13 15:00:00,448,65.03125,53.0,105.0
8877689391,2016-04-13 16:00:00,419,73.11933174224343,57.0,109.0
8877689391,2016-04-13 17:00:00,1063,111.28127939793039,69.0,143.0
8877689391,2016-04-13 18:00:00,1554,126.33719433719433,80.0,160.0
8877689391,2016-04-13 19:00:00,447,75.67561521252796,57.0,124.0
8877689391,2016-04-13 20:00:00,428,71.51869158878505,57.0,93.0
8877689391,2016-04-13 21:00:00,423,69.07565011820331,57.0,97.0
8877689391,2016-04-13 22:00:00,198,66.3080808080808,57.0,79.0
8877689391,2016-04-14 06:00:00,50,79.4,70.0,85.0
8877689391,2016-04-14 07:00:00,462,71.28787878787878,57.0,98.0
8877689391,2016-04-14 08:00:00,442,65.41855203619909,53.0,105.0
8877689391,2016-04-14 09:00:00,457,64.42669584245077,50.0,97.0
8877689391,2016-04-14 10:00:00,438,60.19634703196347,52.0,93.0
8877689391,2016-04-14 11:00:00,426,66.3849765258216,52.0,108.0
8877689391,2016-04-14 12:00:00,363,69.06060606060606,57.0,94.0
8877689391,2016-04-14 13:00:00,403,65.6029776674938,58.0,81.0
8877689391,2016-04-14 14:00:00,442,63.723981900452486,52.0,91.0
8877689391,2016-04-14 15:00:00,458,74.04366812227074,52.0,111.0
8877689391,2016-04-14 16:00:00,1227,150.68622656886717,70.0,169.0
8877689391,2016-04-14 17:00:00,537,110.33705772811918,66.0,169.0
8877689391,2016-04-14 18:00:00,439,76.38041002277905,62.0,103.0
8877689391,2016-04-14 19:00:00,358,80.74301675977654,66.0,100.0
8877689391,2016-04-14 20:00:00,491,81.80855397148676,59.0,107.0
8877689391,2016-04-14 21:00:00,477,73.31446540880503,57.0,105.0
8877689391,2016-04-14 22:00:00,436,74.16743119266054,58.0,91.0
8877689391,2016-04-14 23:00:00,190,69.50526315789473,61.0,83.0
8877689391,2016-04-15 06:00:00,23,75.91304347826087,65.0,82.0
8877689391,2016-04-15 07:00:00,438,72.67351598173516,62.0,95.0
8877689391,2016-04-15 08:00:00,478,63.52719665271967,48.0,97.0
8877689391,2016-04-15 09:00:00,425,70.25647058823529,56.0,108.0
8877689391,2016-04-15 10:00:00,454,66.33920704845815,52.0,88.0
8877689391,2016-04-15 11:00:00,441,69.48299319727892,51.0,99.0
8877689391,2016-04-15 12:00:00,436,68.93348623853211,55.0,95.0
8877689391,2016-04-15 13:00:00,446,70.3542600896861,58.0,113.0
8877689391,2016-04-15 14:00:00,384,66.34114583333333,55.0,97.0
8877689391,2016-04-15 15:00:00,409,66.38875305623472,56.0,99.0
8877689391,2016-04-15 16:00:00,386,68.09326424870466,57.0,102.0
8877689391,2016-04-15 17:00:00,591,91.81387478849408,57.0,139.0
8877689391,2016-04-15 18:00:00,1794,134.83166109253065,102.0,165.0
8877689391,2016-04-15 19:00:00,1353,125.49223946784923,70.0,158.0
8877689391,2016-04-15 20:00:00,361,77.62049861495845,65.0,97.0
8877689391,2016-04-15 21:00:00,436,80.3440366972477,62.0,104.0
8877689391,2016-04-15 22:00:00,434,86.22350230414746,68.0,105.0
8877689391,2016-04-15 23:00:00,454,75.72026431718062,61.0,94.0
8877689391,2016-04-16 00:00:00,341,73.35190615835778,62.0,101.0
8877689391,2016-04-16 08:00:00,494,73.65587044534414,58.0,92.0
8877689391,2016-04-16 09:00:00,474,83.90295358649789,64.0,107.0
8877689391,2016-04-16 10:00:00,480,76.72291666666666,57.0,93.0
8877689391,2016-04-16 11:00:00,473,71.90697674418605,54.0,100.0
8877689391,2016-04-16 12:00:00,1209,148.07196029776674,57.0,172.0
8877689391,2016-04-16 13:00:00,529,129.01512287334594,67.0,170.0
8877689391,2016-04-16 14:00:00,445,85.42247191011236,73.0,102.0
8877689391,2016-04-16 15:00:00,452,83.59292035398231,68.0,104.0
8877689391,2016-04-16 16:00:00,425,79.6964705882353,66.0,103.0
8877689391,2016-04-16 17:00:00,490,79.81428571428572,57.0,103.0
8877689391,2016-04-16 18:00:00,472,82.69915254237289,63.0,128.0
8877689391,2016-04-16 19:00:00,438,79.61415525114155,68.0,90.0
8877689391,2016-04-16 20:00:00,395,77.72911392405064,64.0,99.0
8877689391,2016-04-16 21:00:00,404,77.31683168316832,67.0,101.0
8877689391,2016-04-16 22:00:00,408,71.91421568627452,62.0,96.0
8877689391,2016-04-16 23:00:00,502,85.43027888446215,64.0,117.0
8877689391,2016-04-17 00:00:00,467,79.59528907922912,61.0,114.0
8877689391,2016-04-17 01:00:00,508,77.24015748031496,57.0,115.0
8877689391,2016-04-17 02:00:00,490,76.31632653061224,59.0,112.0
8877689391,2016-04-17 03:00:00,151,68.45695364238411,64.0,81.0
8877689391,2016-04-17 10:00:00,82,76.3170731707317,67.0,84.0
8877689391,2016-04-17 11:00:00,411,72.05109489051095,55.0,109.0
8877689391,2016-04-17 12:00:00,480,60.675,51.0,95.0
8877689391,2016-04-17 13:00:00,443,63.81038374717833,51.0,106.0
8877689391,2016-04-17 14:00:00,419,63.76849642004773,51.0,82.0
8877689391,2016-04-17 15:00:00,444,60.236486486486484,53.0,117.0
8877689391,2016-04-17 16:00:00,484,67.5805785123967,56.0,93.0
8877689391,2016-04-17 17:00:00,928,103.52801724137932,64.0,154.0
8877689391,2016-04-17 18:00:00,1781,133.31218416619876,78.0,167.0
8877689391,2016-04-17 19:00:00,422,77.74407582938389,64.0,88.0
8877689391,2016-04-17 20:00:00,465,69.89247311827957,56.0,99.0
8877689391,2016-04-17 21:00:00,96,71.32291666666667,64.0,84.0
8877689391,2016-04-18 06:00:00,33,81.45454545454545,71.0,87.0
8877689391,2016-04-18 07:00:00,436,68.48165137614679,54.0,92.0
8877689391,2016-04-18 08:00:00,480,60.9875,49.0,97.0
8877689391,2016-04-18 09:00:00,469,63.32196162046908,49.0,103.0
8877689391,2016-04-18 10:00:00,432,59.164351851851855,49.0,102.0
8877689391,2016-04-18 11:00:00,447,61.604026845637584,51.0,101.0
8877689391,2016-04-18 12:00:00,479,91.30271398747391,64.0,139.0
8877689391,2016-04-18 13:00:00,445,69.16404494382023,57.0,110.0
8877689391,2016-04-18 14:00:00,438,61.5662100456621,50.0,99.0
8877689391,2016-04-18 15:00:00,450,63.797777777777775,53.0,101.0
8877689391,2016-04-18 16:00:00,428,65.09345794392523,48.0,100.0
8877689391,2016-04-18 17:00:00,393,59.346055979643765,51.0,80.0
8877689391,2016-04-18 18:00:00,438,63.32876712328767,52.0,77.0
8877689391,2016-04-18 19:00:00,461,69.33188720173536,54.0,93.0
8877689391,2016-04-18 20:00:00,481,63.817047817047815,55.0,84.0
8877689391,2016-04-18 21:00:00,232,67.44827586206897,56.0,88.0
8877689391,2016-04-19 06:00:00,154,81.25974025974025,61.0,101.0
8877689391,2016-04-19 07:00:00,471,70.82165605095541,54.0,106.0
8877689391,2016-04-19 08:00:00,457,59.310722100656456,51.0,78.0
8877689391,2016-04-19 09:00:00,452,67.52212389380531,51.0,128.0
8877689391,2016-04-19 10:00:00,437,61.18535469107552,53.0,96.0
8877689391,2016-04-19 11:00:00,431,61.27146171693735,49.0,84.0
8877689391,2016-04-19 12:00:00,499,97.04208416833667,53.0,168.0
8877689391,2016-04-19 13:00:00,427,66.23887587822014,55.0,103.0
8877689391,2016-04-19 14:00:00,420,58.5452380952381,52.0,77.0
8877689391,2016-04-19 15:00:00,421,64.40855106888361,53.0,110.0
8877689391,2016-04-19 16:00:00,1375,159.248,79.0,178.0
8877689391,2016-04-19 17:00:00,418,87.6531100478469,67.0,115.0
8877689391,2016-04-19 18:00:00,380,76.30526315789474,64.0,90.0
8877689391,2016-04-19 19:00:00,433,76.33949191685912,62.0,91.0
8877689391,2016-04-19 20:00:00,444,72.72747747747748,64.0,90.0
8877689391,2016-04-19 21:00:00,455,72.85274725274725,61.0,101.0
8877689391,2016-04-19 22:00:00,203,68.51724137931035,60.0,83.0
8877689391,2016-04-20 06:00:00,89,72.64044943820225,60.0,85.0
8877689391,2016-04-20 07:00:00,442,74.12443438914028,58.0,131.0
8877689391,2016-04-20 08:00:00,486,65.70370370370371,52.0,97.0
8877689391,2016-04-20 09:00:00,453,64.56732891832229,55.0,88.0
8877689391,2016-04-20 10:00:00,418,64.29186602870813,55.0,99.0
8877689391,2016-04-20 11:00:00,484,67.52892561983471,52.0,103.0
8877689391,2016-04-20 12:00:00,485,73.01237113402063,52.0,158.0
8877689391,2016-04-20 13:00:00,439,63.78815489749431,55.0,86.0
8877689391,2016-04-20 14:00:00,419,61.03341288782816,51.0,92.0
8877689391,2016-04-20 15:00:00,444,63.759009009009006,53.0,104.0
8877689391,2016-04-20 16:00:00,454,69.29515418502203,51.0,107.0
8877689391,2016-04-20 17:00:00,633,99.68404423380727,55.0,160.0
8877689391,2016-04-20 18:00:00,1128,157.68794326241135,64.0,173.0
8877689391,2016-04-20 19:00:00,435,90.36551724137931,74.0,113.0
8877689391,2016-04-20 20:00:00,424,81.09669811320755,69.0,100.0
8877689391,2016-04-20 21:00:00,439,78.59681093394077,65.0,101.0
8877689391,2016-04-20 22:00:00,135,70.82222222222222,61.0,83.0
8877689391,2016-04-21 06:00:00,40,80.575,68.0,98.0
8877689391,2016-04-21 07:00:00,434,69.57834101382488,55.0,98.0
8877689391,2016-04-21 08:00:00,398,62.9070351758794,53.0,77.0
8877689391,2016-04-21 09:00:00,392,64.8265306122449,54.0,96.0
8877689391,2016-04-21 10:00:00,426,62.30281690140845,53.0,83.0
8877689391,2016-04-21 11:00:00,447,68.7248322147651,55.0,102.0
8877689391,2016-04-21 12:00:00,442,67.74660633484163,54.0,89.0
8877689391,2016-04-21 13:00:00,422,73.73696682464455,61.0,137.0
8877689391,2016-04-21 14:00:00,394,67.72842639593908,59.0,95.0
8877689391,2016-04-21 15:00:00,890,132.25280898876406,63.0,166.0
8877689391,2016-04-21 16:00:00,863,143.15179606025492,75.0,170.0
8877689391,2016-04-21 17:00:00,478,86.49163179916317,61.0,116.0
8877689391,2016-04-21 18:00:00,432,86.57638888888889,63.0,117.0
8877689391,2016-04-21 19:00:00,436,72.63761467889908,62.0,95.0
8877689391,2016-04-21 20:00:00,420,69.96190476190476,61.0,89.0
8877689391,2016-04-21 21:00:00,346,75.3757225433526,64.0,98.0
8877689391,2016-04-21 22:00:00,322,76.5527950310559,64.0,107.0
8877689391,2016-04-22 06:00:00,140,78.40714285714286,70.0,108.0
8877689391,2016-04-22 07:00:00,418,69.99521531100478,52.0,112.0
8877689391,2016-04-22 08:00:00,469,64.46908315565032,51.0,114.0
8877689391,2016-04-22 09:00:00,418,64.32535885167464,52.0,110.0
8877689391,2016-04-22 10:00:00,429,64.21678321678321,54.0,100.0
8877689391,2016-04-22 11:00:00,404,64.2128712871287,53.0,87.0
8877689391,2016-04-22 12:00:00,436,62.33256880733945,52.0,87.0
8877689391,2016-04-22 13:00:00,436,63.518348623853214,52.0,103.0
8877689391,2016-04-22 14:00:00,429,64.43589743589743,51.0,109.0
8877689391,2016-04-22 15:00:00,455,65.84175824175824,51.0,107.0
8877689391,2016-04-22 16:00:00,433,68.38799076212472,47.0,115.0
8877689391,2016-04-22 17:00:00,436,76.85321100917432,59.0,111.0
8877689391,2016-04-22 18:00:00,1149,140.21583986074847,63.0,163.0
8877689391,2016-04-22 19:00:00,661,117.21028744326777,59.0,151.0
8877689391,2016-04-22 20:00:00,437,79.24942791762014,68.0,96.0
8877689391,2016-04-22 21:00:00,419,74.6945107398568,63.0,96.0
8877689391,2016-04-22 22:00:00,316,69.50632911392405,57.0,91.0
8877689391,2016-04-23 07:00:00,290,63.5448275862069,53.0,114.0
8877689391,2016-04-23 08:00:00,443,71.65462753950338,54.0,103.0
8877689391,2016-04-23 09:00:00,415,74.37831325301205,55.0,99.0
8877689391,2016-04-23 10:00:00,423,72.99763593380615,58.0,89.0
8877689391,2016-04-23 11:00:00,438,76.96575342465754,58.0,99.0
8877689391,2016-04-23 12:00:00,1393,122.82986360373295,73.0,156.0
8877689391,2016-04-23 13:00:00,1880,130.85691489361702,99.0,165.0
8877689391,2016-04-23 14:00:00,560,104.46071428571429,70.0,145.0
8877689391,2016-04-23 15:00:00,403,82.58808933002481,71.0,108.0
8877689391,2016-04-23 16:00:00,447,69.49217002237137,56.0,100.0
8877689391,2016-04-23 17:00:00,433,70.16166281755196,57.0,95.0
8877689391,2016-04-23 18:00:00,510,75.15882352941176,60.0,108.0
8877689391,2016-04-23 19:00:00,467,72.47537473233405,55.0,102.0
8877689391,2016-04-23 20:00:00,461,71.48373101952278,56.0,93.0
8877689391,2016-04-23 21:00:00,480,69.22291666666666,57.0,95.0
8877689391,2016-04-23 22:00:00,182,67.62637362637362,60.0,85.0
8877689391,2016-04-24 07:00:00,110,69.68181818181819,57.0,97.0
8877689391,2016-04-24 08:00:00,429,67.86713286713287,51.0,100.0
8877689391,2016-04-24 09:00:00,456,71.51973684210526,56.0,93.0
8877689391,2016-04-24 10:00:00,443,66.90744920993228,54.0,99.0
8877689391,2016-04-24 11:00:00,447,67.04026845637584,57.0,81.0
8877689391,2016-04-24 12:00:00,433,76.46420323325636,60.0,101.0
8877689391,2016-04-24 13:00:00,445,69.36629213483145,58.0,89.0
8877689391,2016-04-24 14:00:00,448,68.48214285714286,59.0,90.0
8877689391,2016-04-24 15:00:00,445,73.61573033707865,58.0,104.0
8877689391,2016-04-24 16:00:00,490,63.26326530612245,56.0,79.0
8877689391,2016-04-24 17:00:00,1228,156.40390879478826,58.0,171.0
8877689391,2016-04-24 18:00:00,420,106.95238095238095,75.0,167.0
8877689391,2016-04-24 19:00:00,422,75.78909952606635,63.0,96.0
8877689391,2016-04-24 20:00:00,453,72.5916114790287,64.0,92.0
8877689391,2016-04-24 21:00:00,431,70.62412993039443,58.0,92.0
8877689391,2016-04-25 06:00:00,141,78.00709219858156,63.0,113.0
8877689391,2016-04-25 07:00:00,430,68.89767441860465,56.0,91.0
8877689391,2016-04-25 08:00:00,459,65.96949891067538,51.0,98.0
8877689391,2016-04-25 09:00:00,441,66.34693877551021,50.0,102.0
8877689391,2016-04-25 10:00:00,442,69.87556561085972,53.0,125.0
8877689391,2016-04-25 11:00:00,448,63.870535714285715,49.0,103.0
8877689391,2016-04-25 12:00:00,483,105.21739130434783,54.0,176.0
8877689391,2016-04-25 13:00:00,473,73.45243128964059,52.0,153.0
8877689391,2016-04-25 14:00:00,428,62.308411214953274,52.0,102.0
8877689391,2016-04-25 15:00:00,427,57.18501170960187,52.0,70.0
8877689391,2016-04-25 16:00:00,448,67.41517857142857,51.0,107.0
8877689391,2016-04-25 17:00:00,430,69.43023255813954,55.0,92.0
8877689391,2016-04-25 18:00:00,1766,127.51472253680635,68.0,152.0
8877689391,2016-04-25 19:00:00,1304,124.96472392638037,51.0,163.0
8877689391,2016-04-25 20:00:00,458,79.48689956331877,62.0,98.0
8877689391,2016-04-25 21:00:00,456,73.4890350877193,61.0,88.0
8877689391,2016-04-25 22:00:00,278,78.47122302158273,66.0,97.0
8877689391,2016-04-26 06:00:00,30,77.9,66.0,95.0
8877689391,2016-04-26 07:00:00,410,68.82682926829268,59.0,99.0
8877689391,2016-04-26 08:00:00,437,66.1258581235698,53.0,100.0
8877689391,2016-04-26 09:00:00,442,62.042986425339365,49.0,83.0
8877689391,2016-04-26 10:00:00,464,62.172413793103445,53.0,96.0
8877689391,2016-04-26 11:00:00,440,70.54318181818182,53.0,102.0
8877689391,2016-04-26 12:00:00,469,77.71428571428571,52.0,123.0
8877689391,2016-04-26 13:00:00,407,62.845208845208845,53.0,92.0
8877689391,2016-04-26 14:00:00,397,59.5743073047859,50.0,87.0
8877689391,2016-04-26 15:00:00,420,60.27142857142857,51.0,87.0
8877689391,2016-04-26 16:00:00,473,68.31501057082453,53.0,109.0
8877689391,2016-04-26 17:00:00,401,65.84538653366583,54.0,85.0
8877689391,2016-04-26 18:00:00,380,72.19473684210526,54.0,93.0
8877689391,2016-04-26 19:00:00,333,66.68168168168168,57.0,116.0
8877689391,2016-04-26 20:00:00,442,76.03167420814479,54.0,125.0
8877689391,2016-04-26 21:00:00,456,71.85526315789474,59.0,89.0
8877689391,2016-04-26 22:00:00,483,68.31262939958592,51.0,95.0
8877689391,2016-04-26 23:00:00,182,65.4065934065934,53.0,84.0
8877689391,2016-04-27 06:00:00,31,79.16129032258064,70.0,99.0
8877689391,2016-04-27 07:00:00,478,81.39958158995816,56.0,134.0
8877689391,2016-04-27 08:00:00,448,64.74776785714286,48.0,104.0
8877689391,2016-04-27 09:00:00,417,60.88009592326139,51.0,90.0
8877689391,2016-04-27 10:00:00,439,66.85421412300683,48.0,116.0
8877689391,2016-04-27 11:00:00,443,70.57787810383748,51.0,99.0
8877689391,2016-04-27 12:00:00,504,81.33730158730158,53.0,127.0
8877689391,2016-04-27 13:00:00,435,65.26206896551724,52.0,116.0
8877689391,2016-04-27 14:00:00,447,62.05145413870246,53.0,114.0
8877689391,2016-04-27 15:00:00,486,70.08230452674897,48.0,110.0
8877689391,2016-04-27 16:00:00,402,63.21641791044776,48.0,102.0
8877689391,2016-04-27 17:00:00,697,107.3529411764706,46.0,163.0
8877689391,2016-04-27 18:00:00,1203,143.57356608478804,71.0,162.0
8877689391,2016-04-27 19:00:00,394,77.46954314720813,58.0,106.0
8877689391,2016-04-27 20:00:00,399,76.3859649122807,66.0,109.0
8877689391,2016-04-27 21:00:00,445,73.33707865168539,58.0,96.0
8877689391,2016-04-27 22:00:00,323,72.24458204334366,57.0,105.0
8877689391,2016-04-28 06:00:00,59,84.79661016949153,65.0,96.0
8877689391,2016-04-28 07:00:00,433,69.27251732101617,56.0,96.0
8877689391,2016-04-28 08:00:00,429,58.63869463869464,50.0,94.0
8877689391,2016-04-28 09:00:00,422,58.79383886255924,51.0,95.0
8877689391,2016-04-28 10:00:00,430,59.16279069767442,47.0,91.0
8877689391,2016-04-28 11:00:00,434,60.7073732718894,48.0,96.0
8877689391,2016-04-28 12:00:00,505,92.9089108910891,54.0,153.0
8877689391,2016-04-28 13:00:00,427,58.105386416861826,51.0,71.0
8877689391,2016-04-28 14:00:00,438,61.65296803652968,51.0,97.0
8877689391,2016-04-28 15:00:00,449,64.6837416481069,52.0,97.0
8877689391,2016-04-28 16:00:00,437,69.2654462242563,52.0,113.0
8877689391,2016-04-28 17:00:00,411,67.01216545012166,48.0,90.0
8877689391,2016-04-28 18:00:00,437,75.57894736842105,47.0,110.0
8877689391,2016-04-28 19:00:00,484,73.1694214876033,52.0,111.0
8877689391,2016-04-28 20:00:00,436,61.26376146788991,52.0,87.0
8877689391,2016-04-28 21:00:00,419,65.39379474940334,53.0,90.0
8877689391,2016-04-28 22:00:00,197,63.70558375634518,55.0,92.0
8877689391,2016-04-29 06:00:00,33,78.9090909090909,67.0,96.0
8877689391,2016-04-29 07:00:00,431,66.38747099767981,55.0,101.0
8877689391,2016-04-29 08:00:00,425,59.68,52.0,78.0
8877689391,2016-04-29 09:00:00,454,60.13215859030837,49.0,115.0
8877689391,2016-04-29 10:00:00,404,59.53712871287129,51.0,86.0
8877689391,2016-04-29 11:00:00,476,62.785714285714285,53.0,95.0
8877689391,2016-04-29 12:00:00,469,76.73560767590618,47.0,131.0
8877689391,2016-04-29 13:00:00,441,62.702947845804985,52.0,99.0
8877689391,2016-04-29 14:00:00,421,60.74821852731591,52.0,85.0
8877689391,2016-04-29 15:00:00,401,60.1571072319202,50.0,87.0
8877689391,2016-04-29 16:00:00,399,60.73182957393484,48.0,99.0
8877689391,2016-04-29 17:00:00,408,62.53431372549019,49.0,83.0
8877689391,2016-04-29 18:00:00,412,71.02184466019418,50.0,124.0
8877689391,2016-04-29 19:00:00,408,69.40686274509804,59.0,124.0
8877689391,2016-04-29 20:00:00,404,64.32425742574257,56.0,121.0
8877689391,2016-04-29 21:00:00,411,66.07785888077859,57.0,98.0
8877689391,2016-04-29 22:00:00,439,65.61731207289294,54.0,83.0
8877689391,2016-04-29 23:00:00,138,65.80434782608695,60.0,77.0
8877689391,2016-04-30 07:00:00,72,78.11111111111111,65.0,88.0
8877689391,2016-04-30 08:00:00,436,62.321100917431195,49.0,76.0
8877689391,2016-04-30 09:00:00,459,61.389978213507625,50.0,90.0
8877689391,2016-04-30 10:00:00,461,65.21041214750542,49.0,99.0
8877689391,2016-04-30 11:00:00,451,75.29046563192905,59.0,118.0
8877689391,2016-04-30 12:00:00,420,72.60714285714286,52.0,102.0
8877689391,2016-04-30 13:00:00,1038,143.35838150289018,66.0,167.0
8877689391,2016-04-30 14:00:00,1417,160.00282286520817,149.0,170.0
8877689391,2016-04-30 15:00:00,710,137.37605633802818,63.0,169.0
8877689391,2016-04-30 16:00:00,416,81.80528846153847,72.0,91.0
8877689391,2016-04-30 17:00:00,373,80.51742627345844,62.0,91.0
8877689391,2016-04-30 18:00:00,432,77.99768518518519,54.0,94.0
8877689391,2016-04-30 19:00:00,401,74.93765586034912,66.0,94.0
8877689391,2016-04-30 20:00:00,377,70.04774535809018,60.0,83.0
8877689391,2016-04-30 21:00:00,450,69.44222222222223,58.0,81.0
8877689391,2016-04-30 22:00:00,153,66.43137254901961,58.0,85.0
8877689391,2016-05-01 08:00:00,80,92.7,64.0,145.0
8877689391,2016-05-01 09:00:00,504,79.93650793650794,55.0,127.0
8877689391,2016-05-01 10:00:00,477,75.60587002096436,57.0,117.0
8877689391,2016-05-01 11:00:00,442,70.07692307692308,54.0,89.0
8877689391,2016-05-01 12:00:00,506,67.78260869565217,55.0,109.0
8877689391,2016-05-01 13:00:00,473,71.80972515856237,57.0,92.0
8877689391,2016-05-01 14:00:00,432,60.030092592592595,49.0,75.0
8877689391,2016-05-01 15:00:00,468,61.495726495726494,48.0,92.0
8877689391,2016-05-01 16:00:00,451,69.59645232815964,52.0,94.0
8877689391,2016-05-01 17:00:00,480,70.43333333333334,59.0,93.0
8877689391,2016-05-01 18:00:00,438,77.97945205479452,62.0,108.0
8877689391,2016-05-01 19:00:00,470,69.43191489361702,60.0,113.0
8877689391,2016-05-01 20:00:00,466,73.08154506437768,56.0,108.0
8877689391,2016-05-01 21:00:00,296,65.27027027027027,55.0,87.0
8877689391,2016-05-02 06:00:00,42,81.04761904761905,70.0,100.0
8877689391,2016-05-02 07:00:00,456,68.85526315789474,57.0,86.0
8877689391,2016-05-02 08:00:00,457,62.14004376367615,51.0,97.0
8877689391,2016-05-02 09:00:00,433,63.7066974595843,52.0,100.0
8877689391,2016-05-02 10:00:00,471,64.22505307855626,53.0,108.0
8877689391,2016-05-02 11:00:00,431,60.96055684454756,47.0,92.0
8877689391,2016-05-02 12:00:00,135,62.318518518518516,56.0,81.0
8877689391,2016-05-02 19:00:00,102,76.26470588235294,66.0,90.0
8877689391,2016-05-02 20:00:00,386,73.1839378238342,64.0,91.0
8877689391,2016-05-02 21:00:00,15,73.0,70.0,77.0
8877689391,2016-05-03 06:00:00,57,83.57894736842105,69.0,102.0
8877689391,2016-05-03 07:00:00,446,71.73542600896862,56.0,110.0
8877689391,2016-05-03 08:00:00,463,65.28077753779698,55.0,98.0
8877689391,2016-05-03 09:00:00,427,67.69086651053864,54.0,118.0
8877689391,2016-05-03 10:00:00,466,62.9656652360515,50.0,108.0
8877689391,2016-05-03 11:00:00,428,67.98598130841121,53.0,150.0
8877689391,2016-05-03 12:00:00,461,76.32754880694144,55.0,132.0
8877689391,2016-05-03 13:00:00,441,62.766439909297056,54.0,78.0
8877689391,2016-05-03 14:00:00,406,60.49753694581281,54.0,74.0
8877689391,2016-05-03 15:00:00,437,64.09153318077803,49.0,107.0
8877689391,2016-05-03 16:00:00,437,59.89702517162471,51.0,85.0
8877689391,2016-05-03 17:00:00,427,69.2576112412178,51.0,112.0
8877689391,2016-05-03 18:00:00,423,65.37352245862884,54.0,101.0
8877689391,2016-05-03 19:00:00,482,70.62863070539419,48.0,101.0
8877689391,2016-05-03 20:00:00,463,65.93736501079914,54.0,96.0
8877689391,2016-05-03 21:00:00,500,68.028,53.0,102.0
8877689391,2016-05-03 22:00:00,369,79.98644986449864,57.0,128.0
8877689391,2016-05-04 06:00:00,101,78.56435643564356,65.0,122.0
8877689391,2016-05-04 07:00:00,415,71.4,61.0,93.0
8877689391,2016-05-04 08:00:00,430,67.55348837209303,57.0,95.0
8877689391,2016-05-04 09:00:00,407,69.69533169533169,61.0,94.0
8877689391,2016-05-04 10:00:00,413,69.68280871670702,59.0,91.0
8877689391,2016-05-04 11:00:00,405,70.72592592592592,58.0,84.0
8877689391,2016-05-04 12:00:00,347,69.57348703170028,61.0,84.0
8877689391,2016-05-04 13:00:00,405,67.09135802469136,60.0,78.0
8877689391,2016-05-04 14:00:00,388,67.26804123711341,57.0,79.0
8877689391,2016-05-04 15:00:00,366,63.78142076502732,56.0,81.0
8877689391,2016-05-04 16:00:00,594,100.33670033670033,58.0,160.0
8877689391,2016-05-04 17:00:00,1332,146.8641141141141,76.0,168.0
8877689391,2016-05-04 18:00:00,326,83.25153374233129,68.0,112.0
8877689391,2016-05-04 19:00:00,492,82.71138211382114,65.0,103.0
8877689391,2016-05-04 20:00:00,485,80.17731958762887,70.0,94.0
8877689391,2016-05-04 21:00:00,285,71.50526315789473,62.0,105.0
8877689391,2016-05-05 07:00:00,256,74.12109375,59.0,97.0
8877689391,2016-05-05 08:00:00,416,67.17788461538461,54.0,87.0
8877689391,2016-05-05 09:00:00,447,71.27740492170022,53.0,105.0
8877689391,2016-05-05 10:00:00,530,89.82830188679246,60.0,127.0
8877689391,2016-05-05 11:00:00,448,77.51116071428571,54.0,142.0
8877689391,2016-05-05 12:00:00,462,78.41774891774892,58.0,121.0
8877689391,2016-05-05 13:00:00,413,65.15980629539952,56.0,78.0
8877689391,2016-05-05 14:00:00,389,67.60925449871465,57.0,93.0
8877689391,2016-05-05 15:00:00,414,75.6376811594203,61.0,110.0
8877689391,2016-05-05 16:00:00,348,73.58908045977012,65.0,91.0
8877689391,2016-05-05 17:00:00,339,72.37758112094396,64.0,84.0
8877689391,2016-05-05 18:00:00,411,77.05109489051095,61.0,121.0
8877689391,2016-05-05 19:00:00,369,69.2520325203252,56.0,107.0
8877689391,2016-05-05 20:00:00,384,65.07552083333333,56.0,81.0
8877689391,2016-05-05 21:00:00,423,63.40898345153664,53.0,91.0
8877689391,2016-05-05 22:00:00,43,64.23255813953489,55.0,76.0
8877689391,2016-05-06 06:00:00,68,80.77941176470588,66.0,96.0
8877689391,2016-05-06 07:00:00,480,76.40416666666667,59.0,108.0
8877689391,2016-05-06 08:00:00,459,70.1525054466231,52.0,111.0
8877689391,2016-05-06 09:00:00,431,67.5939675174014,51.0,116.0
8877689391,2016-05-06 10:00:00,422,61.443127962085306,53.0,89.0
8877689391,2016-05-06 11:00:00,433,69.13394919168591,47.0,118.0
8877689391,2016-05-06 12:00:00,441,82.17006802721089,53.0,122.0
8877689391,2016-05-06 13:00:00,411,72.05109489051095,54.0,101.0
8877689391,2016-05-06 14:00:00,1449,151.3512767425811,93.0,177.0
8877689391,2016-05-06 15:00:00,421,93.2874109263658,66.0,128.0
8877689391,2016-05-06 16:00:00,465,101.47311827956989,76.0,129.0
8877689391,2016-05-06 17:00:00,411,91.80048661800487,74.0,110.0
8877689391,2016-05-06 18:00:00,451,86.34368070953437,72.0,104.0
8877689391,2016-05-06 19:00:00,225,88.31111111111112,65.0,104.0
8877689391,2016-05-06 20:00:00,431,78.44547563805105,70.0,94.0
8877689391,2016-05-06 21:00:00,431,75.85150812064965,65.0,96.0
8877689391,2016-05-06 22:00:00,233,74.32188841201717,69.0,94.0
8877689391,2016-05-07 08:00:00,285,78.63859649122807,58.0,93.0
8877689391,2016-05-07 09:00:00,477,80.74213836477988,57.0,105.0
8877689391,2016-05-07 10:00:00,466,79.3283261802575,56.0,104.0
8877689391,2016-05-07 11:00:00,468,72.37820512820512,58.0,93.0
8877689391,2016-05-07 12:00:00,1392,138.34195402298852,74.0,166.0
8877689391,2016-05-07 13:00:00,1876,137.3320895522388,109.0,164.0
8877689391,2016-05-07 14:00:00,372,88.10483870967742,70.0,134.0
8877689391,2016-05-07 15:00:00,422,82.35545023696683,70.0,104.0
8877689391,2016-05-07 16:00:00,452,73.9933628318584,56.0,89.0
8877689391,2016-05-07 17:00:00,479,75.0187891440501,59.0,113.0
8877689391,2016-05-07 18:00:00,448,76.26116071428571,62.0,102.0
8877689391,2016-05-07 19:00:00,427,79.84543325526933,69.0,97.0
8877689391,2016-05-07 20:00:00,463,78.80561555075595,65.0,104.0
8877689391,2016-05-07 21:00:00,450,78.20666666666666,66.0,96.0
8877689391,2016-05-07 22:00:00,222,88.98648648648648,64.0,121.0
8877689391,2016-05-08 07:00:00,156,80.99358974358974,63.0,101.0
8877689391,2016-05-08 08:00:00,439,71.95899772209567,60.0,103.0
8877689391,2016-05-08 09:00:00,456,67.6798245614035,55.0,87.0
8877689391,2016-05-08 10:00:00,457,64.97374179431073,54.0,74.0
8877689391,2016-05-08 11:00:00,469,68.7590618336887,55.0,110.0
8877689391,2016-05-08 12:00:00,418,70.29665071770334,57.0,109.0
8877689391,2016-05-08 13:00:00,453,68.69094922737307,56.0,89.0
8877689391,2016-05-08 14:00:00,484,73.1198347107438,64.0,101.0
8877689391,2016-05-08 15:00:00,469,76.56716417910448,62.0,112.0
8877689391,2016-05-08 16:00:00,426,73.93896713615024,61.0,95.0
8877689391,2016-05-08 17:00:00,484,80.8409090909091,59.0,137.0
8877689391,2016-05-08 18:00:00,473,73.06553911205074,56.0,131.0
8877689391,2016-05-08 19:00:00,395,68.20253164556962,58.0,84.0
8877689391,2016-05-08 20:00:00,428,68.31308411214954,58.0,101.0
8877689391,2016-05-08 21:00:00,396,86.73989898989899,62.0,124.0
8877689391,2016-05-09 06:00:00,137,88.14598540145985,68.0,124.0
8877689391,2016-05-09 07:00:00,417,71.01199040767386,58.0,96.0
8877689391,2016-05-09 08:00:00,461,65.15184381778742,52.0,96.0
8877689391,2016-05-09 09:00:00,406,63.80788177339902,51.0,113.0
8877689391,2016-05-09 10:00:00,446,64.02466367713005,51.0,91.0
8877689391,2016-05-09 11:00:00,485,76.37319587628866,53.0,113.0
8877689391,2016-05-09 12:00:00,495,79.38383838383838,55.0,136.0
8877689391,2016-05-09 13:00:00,452,67.61725663716814,54.0,109.0
8877689391,2016-05-09 14:00:00,436,68.14678899082568,55.0,97.0
8877689391,2016-05-09 15:00:00,443,71.01805869074492,55.0,105.0
8877689391,2016-05-09 16:00:00,1096,148.10036496350364,70.0,173.0
8877689391,2016-05-09 17:00:00,625,134.3072,77.0,176.0
8877689391,2016-05-09 18:00:00,389,84.82776349614396,66.0,98.0
8877689391,2016-05-09 19:00:00,419,86.61336515513126,75.0,111.0
8877689391,2016-05-09 20:00:00,403,83.37220843672456,73.0,101.0
8877689391,2016-05-09 21:00:00,420,76.43809523809524,64.0,93.0
8877689391,2016-05-09 22:00:00,82,81.0609756097561,68.0,88.0
8877689391,2016-05-10 06:00:00,37,79.62162162162163,70.0,87.0
8877689391,2016-05-10 07:00:00,458,72.13755458515284,59.0,90.0
8877689391,2016-05-10 08:00:00,445,67.49213483146067,53.0,105.0
8877689391,2016-05-10 09:00:00,405,65.30864197530865,50.0,99.0
8877689391,2016-05-10 10:00:00,463,74.06911447084234,58.0,131.0
8877689391,2016-05-10 11:00:00,411,68.35523114355232,57.0,103.0
8877689391,2016-05-10 12:00:00,459,86.00435729847494,55.0,141.0
8877689391,2016-05-10 13:00:00,443,66.2234762979684,56.0,102.0
8877689391,2016-05-10 14:00:00,433,63.45727482678984,53.0,87.0
8877689391,2016-05-10 15:00:00,429,62.75524475524475,53.0,95.0
8877689391,2016-05-10 16:00:00,407,70.004914004914,54.0,91.0
8877689391,2016-05-10 17:00:00,386,72.61139896373057,63.0,88.0
8877689391,2016-05-10 18:00:00,365,72.65753424657534,57.0,99.0
8877689391,2016-05-10 19:00:00,405,70.34074074074074,60.0,80.0
8877689391,2016-05-10 20:00:00,467,83.34261241970022,61.0,141.0
8877689391,2016-05-10 21:00:00,229,78.87336244541484,64.0,112.0
8877689391,2016-05-11 06:00:00,25,77.12,63.0,85.0
8877689391,2016-05-11 07:00:00,443,69.1941309255079,57.0,95.0
8877689391,2016-05-11 08:00:00,524,66.79961832061069,53.0,105.0
8877689391,2016-05-11 09:00:00,445,67.2247191011236,53.0,102.0
8877689391,2016-05-11 10:00:00,444,64.63963963963964,55.0,85.0
8877689391,2016-05-11 11:00:00,438,72.22374429223744,50.0,104.0
8877689391,2016-05-11 12:00:00,535,103.73831775700934,58.0,169.0
8877689391,2016-05-11 13:00:00,429,64.06293706293707,52.0,114.0
8877689391,2016-05-11 14:00:00,394,57.51776649746193,53.0,73.0
8877689391,2016-05-11 15:00:00,416,61.43990384615385,48.0,98.0
8877689391,2016-05-11 16:00:00,717,110.47698744769875,50.0,163.0
8877689391,2016-05-11 17:00:00,1100,161.50727272727272,90.0,180.0
8877689391,2016-05-11 18:00:00,418,85.59808612440192,65.0,108.0
8877689391,2016-05-11 19:00:00,440,83.68181818181819,72.0,102.0
8877689391,2016-05-11 20:00:00,469,80.31130063965885,69.0,101.0
8877689391,2016-05-11 21:00:00,446,74.81165919282512,66.0,90.0
8877689391,2016-05-11 22:00:00,230,69.12173913043478,59.0,83.0
8877689391,2016-05-12 06:00:00,105,88.6,68.0,99.0
8877689391,2016-05-12 07:00:00,434,74.83870967741936,60.0,95.0
8877689391,2016-05-12 08:00:00,434,65.86175115207374,53.0,103.0
8877689391,2016-05-12 09:00:00,461,63.48373101952278,56.0,101.0
8877689391,2016-05-12 10:00:00,394,68.73350253807106,58.0,119.0
8877689391,2016-05-12 11:00:00,465,72.03010752688172,54.0,102.0
8877689391,2016-05-12 12:00:00,462,87.61471861471861,60.0,122.0
8877689391,2016-05-12 13:00:00,427,64.73770491803279,54.0,99.0
8877689391,2016-05-12 14:00:00,329,64.61702127659575,53.0,115.0
